-- MySQL dump 10.13  Distrib 5.5.62, for Win64 (AMD64)
--
-- Host: localhost    Database: hornero
-- ------------------------------------------------------
-- Server version	5.5.64-MariaDB

/*!40101 SET @OLD_CHARACTER_SET_CLIENT=@@CHARACTER_SET_CLIENT */;
/*!40101 SET @OLD_CHARACTER_SET_RESULTS=@@CHARACTER_SET_RESULTS */;
/*!40101 SET @OLD_COLLATION_CONNECTION=@@COLLATION_CONNECTION */;
/*!40101 SET NAMES utf8 */;
/*!40103 SET @OLD_TIME_ZONE=@@TIME_ZONE */;
/*!40103 SET TIME_ZONE='+00:00' */;
/*!40014 SET @OLD_UNIQUE_CHECKS=@@UNIQUE_CHECKS, UNIQUE_CHECKS=0 */;
/*!40014 SET @OLD_FOREIGN_KEY_CHECKS=@@FOREIGN_KEY_CHECKS, FOREIGN_KEY_CHECKS=0 */;
/*!40101 SET @OLD_SQL_MODE=@@SQL_MODE, SQL_MODE='NO_AUTO_VALUE_ON_ZERO' */;
/*!40111 SET @OLD_SQL_NOTES=@@SQL_NOTES, SQL_NOTES=0 */;

--
-- Table structure for table `cambioclave`
--

DROP TABLE IF EXISTS `cambioclave`;
/*!40101 SET @saved_cs_client     = @@character_set_client */;
/*!40101 SET character_set_client = utf8 */;
CREATE TABLE `cambioclave` (
  `idCambio` int(11) NOT NULL AUTO_INCREMENT,
  `idUsuario` int(11) NOT NULL,
  `fecha` timestamp NOT NULL DEFAULT CURRENT_TIMESTAMP,
  `token` varchar(32) NOT NULL,
  `estado` int(11) NOT NULL,
  PRIMARY KEY (`idCambio`),
  KEY `idUsuario` (`idUsuario`),
  CONSTRAINT `FK_ffd964fe94438c37ed2e08f5e5b` FOREIGN KEY (`idUsuario`) REFERENCES `usuario` (`idUsuario`)
) ENGINE=InnoDB DEFAULT CHARSET=latin1;
/*!40101 SET character_set_client = @saved_cs_client */;

--
-- Dumping data for table `cambioclave`
--

LOCK TABLES `cambioclave` WRITE;
/*!40000 ALTER TABLE `cambioclave` DISABLE KEYS */;
/*!40000 ALTER TABLE `cambioclave` ENABLE KEYS */;
UNLOCK TABLES;

--
-- Table structure for table `codigousuario`
--

DROP TABLE IF EXISTS `codigousuario`;
/*!40101 SET @saved_cs_client     = @@character_set_client */;
/*!40101 SET character_set_client = utf8 */;
CREATE TABLE `codigousuario` (
  `idCodigoUsuario` int(11) NOT NULL AUTO_INCREMENT,
  `codigo` text NOT NULL,
  `nombre` text NOT NULL,
  `idUsuario` int(11) NOT NULL,
  PRIMARY KEY (`idCodigoUsuario`),
  KEY `FK_ad7c679d9f9a6cc06281a576973` (`idUsuario`),
  CONSTRAINT `FK_ad7c679d9f9a6cc06281a576973` FOREIGN KEY (`idUsuario`) REFERENCES `usuario` (`idUsuario`)
) ENGINE=InnoDB AUTO_INCREMENT=4 DEFAULT CHARSET=latin1;
/*!40101 SET character_set_client = @saved_cs_client */;

--
-- Dumping data for table `codigousuario`
--

LOCK TABLES `codigousuario` WRITE;
/*!40000 ALTER TABLE `codigousuario` DISABLE KEYS */;
INSERT INTO `codigousuario` VALUES (1,'<xml xmlns=\"https://developers.google.com/blockly/xml\"><block type=\"salida\" id=\"qHgmH}fnj*9vOXtR]=rU\" x=\"203\" y=\"86\"><value name=\"salida\"><block type=\"math_arithmetic\" id=\"LwsCJD?Ju(X;IT-++C^!\"><field name=\"OP\">ADD</field><value name=\"A\"><shadow type=\"math_number\" id=\"_71l[YD4/Ivwh4uAE@t*\"><field name=\"NUM\">1</field></shadow><block type=\"entrada\" id=\"thW]fO?KI+%d7c/u_z{U\"><value name=\"entrada\"><shadow type=\"math_number\" id=\"nQhrH77-S,Jwf67n{t|K\"><field name=\"NUM\">0</field></shadow></value></block></value><value name=\"B\"><shadow type=\"math_number\" id=\"93M]1{yLgF=Uiq5`Z*%o\"><field name=\"NUM\">1</field></shadow><block type=\"entrada\" id=\"({YJ-2,qd-En_sm+$?T,\"><value name=\"entrada\"><shadow type=\"math_number\" id=\"P?0Ef.h]W!yCz~;MK4)F\"><field name=\"NUM\">1</field></shadow></value></block></value></block></value></block></xml>','ewqeqw',743),(2,'<xml xmlns=\"https://developers.google.com/blockly/xml\"><block type=\"controls_if\" id=\"5#lK!FVTD6]ds=FGG2.E\" x=\"117\" y=\"39\"/></xml>','logico',743),(3,'<xml xmlns=\"https://developers.google.com/blockly/xml\"><block type=\"controls_if\" id=\"5#lK!FVTD6]ds=FGG2.E\" x=\"117\" y=\"39\"><next><block type=\"controls_repeat_ext\" id=\"`yv5aHF,_I8{rA5.;HUb\"><value name=\"TIMES\"><shadow type=\"math_number\" id=\"`[V,.ZNvCAm|wRYY^cX@\"><field name=\"NUM\">10</field></shadow></value></block></next></block></xml>','logico2',743);
/*!40000 ALTER TABLE `codigousuario` ENABLE KEYS */;
UNLOCK TABLES;

--
-- Table structure for table `complejidad`
--

DROP TABLE IF EXISTS `complejidad`;
/*!40101 SET @saved_cs_client     = @@character_set_client */;
/*!40101 SET character_set_client = utf8 */;
CREATE TABLE `complejidad` (
  `idComplejidad` int(11) NOT NULL AUTO_INCREMENT,
  `Complejidad` varchar(100) NOT NULL,
  PRIMARY KEY (`idComplejidad`)
) ENGINE=InnoDB AUTO_INCREMENT=4 DEFAULT CHARSET=latin1 COMMENT='Complejidad de los Problemas';
/*!40101 SET character_set_client = @saved_cs_client */;

--
-- Dumping data for table `complejidad`
--

LOCK TABLES `complejidad` WRITE;
/*!40000 ALTER TABLE `complejidad` DISABLE KEYS */;
INSERT INTO `complejidad` VALUES (1,'Baja'),(2,'Media'),(3,'Alta');
/*!40000 ALTER TABLE `complejidad` ENABLE KEYS */;
UNLOCK TABLES;

--
-- Table structure for table `cuenta`
--

DROP TABLE IF EXISTS `cuenta`;
/*!40101 SET @saved_cs_client     = @@character_set_client */;
/*!40101 SET character_set_client = utf8 */;
CREATE TABLE `cuenta` (
  `id` int(11) NOT NULL AUTO_INCREMENT,
  `idTorneo` int(11) DEFAULT NULL,
  `Nombre` text NOT NULL,
  `Archivo` varchar(255) DEFAULT NULL,
  `Inicio` datetime DEFAULT NULL,
  `Fin` datetime DEFAULT NULL,
  `Tiempo` int(11) NOT NULL,
  PRIMARY KEY (`id`),
  KEY `idTorneo` (`idTorneo`)
) ENGINE=InnoDB AUTO_INCREMENT=7 DEFAULT CHARSET=latin1;
/*!40101 SET character_set_client = @saved_cs_client */;

--
-- Dumping data for table `cuenta`
--

LOCK TABLES `cuenta` WRITE;
/*!40000 ALTER TABLE `cuenta` DISABLE KEYS */;
INSERT INTO `cuenta` VALUES (1,0,'Ejercicio 1: Ingresar números hasta leer el 0. Generar e imprimir los cuadrados de cada número ingresado.\r\n<br/>Ejemplo: Si los números son 5, 2, 7, 1, 4, 0, el algoritmo debe imprimir: 25  4  49  1  16	\r\n','','2014-06-05 11:26:47','2014-06-05 11:41:47',15),(2,0,'Ejercicio 2: Ingresar un número N y un valor k, generar e imprimir N<sup>k</sup>\r\n<br/>Ejemplos:\r\n<br/>Si N=4 y k=3, el algoritmo debe imprimir:  64\r\n<br/>Si N=2 y k=7, el algoritmo debe imprimir:  128','','2014-06-05 11:44:03','2014-06-05 11:59:03',15),(3,0,'Ejercicio 3:Ingresar un número N. En caso en que N sea par, generar e imprimir todos los números pares hasta N. En caso en que N sea impar, generar e imprimir todos los números impares hasta N.\r\n<br/>Ejemplos:\r\n<br/>Si N=15, el algoritmo debe imprimir:  1   3   5   7   9    11   13   15\r\n<br/>Si N=12, el algoritmo debe imprimir:  2   4   6   8   10   12','','2014-06-05 12:03:57','2014-06-05 12:23:57',20),(4,0,'Ejercicio 4: Ingresar un número N y un valor k (k menor a N), generar e imprimir todos los valores hasta N que sean divisibles por k.\r\n<br/>Ejemplos:	\r\n<br/>Si N=35 y k=5, el algoritmo debe imprimir:  5   10   15   20   25   30   35\r\n<br/>Si N=20 y k=3, el algoritmo debe imprimir:  3   6   9   12   15   18','','2014-06-05 12:27:28','2014-06-05 12:47:28',20),(5,0,'Ejercicio 5:\r\nIngresar un número N (entre 1 y 9), generar e imprimir el siguiente triángulo:\r\n<br/>1\r\n<br/>1 2\r\n<br/>1 2 3\r\n<br/>.\r\n<br/>.\r\n<br/>1 2 3  . . . N\r\n<br/>Ejemplo: 	Si N=5, el algoritmo debe imprimir:\r\n<br/>1\r\n<br/>1 2 \r\n<br/>1 2 3\r\n<br/>1 2 3 4\r\n<br/>1 2 3 4 5','','2014-05-29 17:20:32','2014-05-29 17:30:32',15),(6,1,'Ejercicio 6:\r\nIngresar los valores de la siguiente tabla, calcular e imprimir la suma por cada fila y la suma total.\r\n<br/>Tabla:	\r\n<br/>3 8 4\r\n<br/>9 1 7\r\n<br/>5 2 6\r\n<br/>Para esta tabla, el algoritmo debe imprimir:  15   17   13   45','','0000-00-00 00:00:00','0000-00-00 00:00:00',15);
/*!40000 ALTER TABLE `cuenta` ENABLE KEYS */;
UNLOCK TABLES;

--
-- Table structure for table `equipo`
--

DROP TABLE IF EXISTS `equipo`;
/*!40101 SET @saved_cs_client     = @@character_set_client */;
/*!40101 SET character_set_client = utf8 */;
CREATE TABLE `equipo` (
  `id` int(11) NOT NULL AUTO_INCREMENT,
  `Equipo` varchar(255) NOT NULL,
  PRIMARY KEY (`id`)
) ENGINE=InnoDB AUTO_INCREMENT=9 DEFAULT CHARSET=latin1;
/*!40101 SET character_set_client = @saved_cs_client */;

--
-- Dumping data for table `equipo`
--

LOCK TABLES `equipo` WRITE;
/*!40000 ALTER TABLE `equipo` DISABLE KEYS */;
INSERT INTO `equipo` VALUES (1,'leones'),(2,'Harry Potter'),(3,'Anonymous'),(4,'Global Core'),(5,'Los 57'),(6,'Los Angelitos'),(7,'PseBlue'),(8,'yenesepa');
/*!40000 ALTER TABLE `equipo` ENABLE KEYS */;
UNLOCK TABLES;

--
-- Table structure for table `estadoresolucion`
--

DROP TABLE IF EXISTS `estadoresolucion`;
/*!40101 SET @saved_cs_client     = @@character_set_client */;
/*!40101 SET character_set_client = utf8 */;
CREATE TABLE `estadoresolucion` (
  `idEstado` int(11) NOT NULL AUTO_INCREMENT,
  `Estado` varchar(100) NOT NULL,
  PRIMARY KEY (`idEstado`)
) ENGINE=InnoDB AUTO_INCREMENT=101 DEFAULT CHARSET=latin1 COMMENT='Estados de la Resolución';
/*!40101 SET character_set_client = @saved_cs_client */;

--
-- Dumping data for table `estadoresolucion`
--

LOCK TABLES `estadoresolucion` WRITE;
/*!40000 ALTER TABLE `estadoresolucion` DISABLE KEYS */;
INSERT INTO `estadoresolucion` VALUES (1,'Iniciado en Espera de Respuesta'),(2,'Respuesta Correcta'),(3,'Respuesta Incorrecta '),(4,'Supera Tiempo máximo del Problema - Respuesta Correcta '),(5,'Supera Tiempo máximo del Problema - Respuesta Incorrecta '),(6,'Torneo Terminado - Respuesta Correcta'),(7,'Torneo Terminado - Respuesta incorrecta'),(8,'Torneo Terminado - Supera Tiempo máximo del Problema - Respuesta Correcta'),(9,'Torneo Terminado - Supera Tiempo máximo del Problema - Respuesta Incorrecta '),(10,'Problema Solucionado - Respuesta Correcta'),(11,'Problema Solucionado - Respuesta incorrecta'),(12,'Problema Solucionado - Supera Tiempo máximo del Problema - Respuesta Correcta'),(13,'Problema Solucionado - Supera Tiempo máximo del Problema - Respuesta Incorrecta'),(14,'Penalización por Respuesta Incorrecta 1 minuto'),(21,'Respuesta Correcta 1'),(22,'Respuesta Correcta 2'),(23,'Respuesta Correcta 3'),(24,'Respuesta Correcta 4'),(25,'Respuesta Correcta 5'),(100,'Punto Ganado');
/*!40000 ALTER TABLE `estadoresolucion` ENABLE KEYS */;
UNLOCK TABLES;

--
-- Table structure for table `estadotorneo`
--

DROP TABLE IF EXISTS `estadotorneo`;
/*!40101 SET @saved_cs_client     = @@character_set_client */;
/*!40101 SET character_set_client = utf8 */;
CREATE TABLE `estadotorneo` (
  `idEstado` int(11) NOT NULL AUTO_INCREMENT,
  `Estado` varchar(100) NOT NULL,
  PRIMARY KEY (`idEstado`)
) ENGINE=InnoDB AUTO_INCREMENT=4 DEFAULT CHARSET=latin1 COMMENT='Estados del Torneo';
/*!40101 SET character_set_client = @saved_cs_client */;

--
-- Dumping data for table `estadotorneo`
--

LOCK TABLES `estadotorneo` WRITE;
/*!40000 ALTER TABLE `estadotorneo` DISABLE KEYS */;
INSERT INTO `estadotorneo` VALUES (1,'Antes de comienzo'),(2,'En Proceso'),(3,'Terminado');
/*!40000 ALTER TABLE `estadotorneo` ENABLE KEYS */;
UNLOCK TABLES;

--
-- Table structure for table `etiqueta`
--

DROP TABLE IF EXISTS `etiqueta`;
/*!40101 SET @saved_cs_client     = @@character_set_client */;
/*!40101 SET character_set_client = utf8 */;
CREATE TABLE `etiqueta` (
  `idEtiqueta` int(11) NOT NULL AUTO_INCREMENT,
  `etiqueta` varchar(100) NOT NULL,
  PRIMARY KEY (`idEtiqueta`)
) ENGINE=InnoDB AUTO_INCREMENT=15 DEFAULT CHARSET=latin1;
/*!40101 SET character_set_client = @saved_cs_client */;

--
-- Dumping data for table `etiqueta`
--

LOCK TABLES `etiqueta` WRITE;
/*!40000 ALTER TABLE `etiqueta` DISABLE KEYS */;
INSERT INTO `etiqueta` VALUES (1,'Recursividad'),(2,'Flojo'),(3,'Recursividad'),(4,'Flojo'),(5,'Recursividad'),(6,'Flojo'),(7,'Imposible'),(8,'prueba'),(9,'prueba'),(10,'prueba'),(11,'prueba'),(12,'etiquita'),(13,'kobols'),(14,'complejidad super');
/*!40000 ALTER TABLE `etiqueta` ENABLE KEYS */;
UNLOCK TABLES;

--
-- Table structure for table `lenguaje`
--

DROP TABLE IF EXISTS `lenguaje`;
/*!40101 SET @saved_cs_client     = @@character_set_client */;
/*!40101 SET character_set_client = utf8 */;
CREATE TABLE `lenguaje` (
  `idLenguaje` int(11) NOT NULL AUTO_INCREMENT,
  `Lenguaje` varchar(255) NOT NULL,
  PRIMARY KEY (`idLenguaje`)
) ENGINE=InnoDB AUTO_INCREMENT=17 DEFAULT CHARSET=latin1;
/*!40101 SET character_set_client = @saved_cs_client */;

--
-- Dumping data for table `lenguaje`
--

LOCK TABLES `lenguaje` WRITE;
/*!40000 ALTER TABLE `lenguaje` DISABLE KEYS */;
INSERT INTO `lenguaje` VALUES (1,'PHP'),(2,'Python'),(3,'JavaScript'),(4,'java'),(5,'c#'),(6,'VisualBasic'),(7,'bash'),(8,'Lisp'),(9,'Ciao Prolog'),(10,'perl'),(11,'ruby'),(12,'c/c++'),(13,'Pascal'),(14,'PSeInt'),(15,'Blockly'),(16,'ADA');
/*!40000 ALTER TABLE `lenguaje` ENABLE KEYS */;
UNLOCK TABLES;

--
-- Table structure for table `migrations`
--

DROP TABLE IF EXISTS `migrations`;
/*!40101 SET @saved_cs_client     = @@character_set_client */;
/*!40101 SET character_set_client = utf8 */;
CREATE TABLE `migrations` (
  `id` int(11) NOT NULL AUTO_INCREMENT,
  `timestamp` bigint(20) NOT NULL,
  `name` varchar(255) NOT NULL,
  PRIMARY KEY (`id`)
) ENGINE=InnoDB AUTO_INCREMENT=5 DEFAULT CHARSET=latin1;
/*!40101 SET character_set_client = @saved_cs_client */;

--
-- Dumping data for table `migrations`
--

LOCK TABLES `migrations` WRITE;
/*!40000 ALTER TABLE `migrations` DISABLE KEYS */;
INSERT INTO `migrations` VALUES (4,1590253166954,'migracionCodigoUsuario1590253166954');
/*!40000 ALTER TABLE `migrations` ENABLE KEYS */;
UNLOCK TABLES;

--
-- Table structure for table `parcial`
--

DROP TABLE IF EXISTS `parcial`;
/*!40101 SET @saved_cs_client     = @@character_set_client */;
/*!40101 SET character_set_client = utf8 */;
CREATE TABLE `parcial` (
  `id` int(11) NOT NULL AUTO_INCREMENT,
  `idCuenta` int(11) NOT NULL,
  `idEquipo` int(11) NOT NULL,
  `Tiempo` int(11) NOT NULL,
  PRIMARY KEY (`id`),
  KEY `idCuenta` (`idCuenta`),
  KEY `idEquipo` (`idEquipo`),
  CONSTRAINT `FK_a6e2e4fbc13ed11f4a881f714ea` FOREIGN KEY (`idCuenta`) REFERENCES `cuenta` (`id`),
  CONSTRAINT `FK_fc51ef62b332f891a362be78899` FOREIGN KEY (`idEquipo`) REFERENCES `equipo` (`id`)
) ENGINE=InnoDB AUTO_INCREMENT=31 DEFAULT CHARSET=latin1;
/*!40101 SET character_set_client = @saved_cs_client */;

--
-- Dumping data for table `parcial`
--

LOCK TABLES `parcial` WRITE;
/*!40000 ALTER TABLE `parcial` DISABLE KEYS */;
INSERT INTO `parcial` VALUES (1,1,8,655),(2,1,3,518),(3,1,6,481),(4,1,5,445),(5,1,7,372),(6,1,1,352),(7,1,2,296),(8,1,4,47),(9,2,3,470),(10,2,1,367),(11,2,8,346),(12,2,7,280),(13,2,6,107),(14,2,5,10),(15,3,5,816),(16,3,3,710),(17,3,1,679),(18,3,6,613),(19,3,4,539),(20,3,2,449),(21,3,8,429),(22,3,7,387),(23,4,2,705),(24,4,7,659),(25,4,5,645),(26,4,3,640),(27,4,6,596),(28,4,8,546),(29,4,4,531),(30,4,1,510);
/*!40000 ALTER TABLE `parcial` ENABLE KEYS */;
UNLOCK TABLES;

--
-- Table structure for table `problema`
--

DROP TABLE IF EXISTS `problema`;
/*!40101 SET @saved_cs_client     = @@character_set_client */;
/*!40101 SET character_set_client = utf8 */;
CREATE TABLE `problema` (
  `idProblema` int(11) NOT NULL AUTO_INCREMENT,
  `Nombre` varchar(255) NOT NULL,
  `Archivo` varchar(255) DEFAULT NULL,
  `Enunciado` text NOT NULL,
  `idComplejidad` int(11) NOT NULL,
  `TiempoEjecucionMax` double NOT NULL COMMENT 'Tiempo Máximo en Segundos',
  PRIMARY KEY (`idProblema`),
  KEY `idComplejidad` (`idComplejidad`),
  CONSTRAINT `FK_af81db038229afd366b51ce1cee` FOREIGN KEY (`idComplejidad`) REFERENCES `complejidad` (`idComplejidad`)
) ENGINE=InnoDB AUTO_INCREMENT=152 DEFAULT CHARSET=latin1 COMMENT='Problema a Resolver';
/*!40101 SET character_set_client = @saved_cs_client */;

--
-- Dumping data for table `problema`
--

LOCK TABLES `problema` WRITE;
/*!40000 ALTER TABLE `problema` DISABLE KEYS */;
INSERT INTO `problema` VALUES (1,'Suma de dos números','7ae1a2c66f28ff205ea890d3e639bc5f.gif','Dados dos números enteros se debe devolver el resultado de la suma',1,20000),(2,'Máximo',NULL,'Dados dos números devolver el máximo de ambos',1,20000),(3,'Área de Corona ','a48fee16262b89aef908eb37ad64adf1.jpeg','¿Cuál es el área de una vereda en forma de corona circular, si el radio interior es r  y el radio exterior R?\r\nLa respuesta debe ser un número con dos decimales con punto \'.\' como separador decimal.\r\nSe fija la constante pi=3.1415926535898.',1,20000),(4,'Área de Corazón',NULL,'Hallar el área del siguiente corazón: diametro D, y diagonal d',1,20000),(5,'Suma de múltiplos',NULL,'Si listamos todos los números naturales menores que 10 que son múltiplos de 3 o 5 tenemos:\r\n3, 5, 6 y 9.  La suma de estos múltiplos es 23.\r\nSe requiere un programa que dado un número natural N devuelva la suma de todos los múltiplos de 3 mas todos los múltiplos de 5, menores que N.  Si el numero es múltiplo de 3 y de 5 se debe sumar dos veces.',2,20000),(6,'Suma de los dígitos de un Factorial',NULL,'n! = n × (n - 1) × ... × 3 × 2 × 1\r\n\r\nPor ejemplo, 10! = 10 × 9 × ... × 3 × 2 × 1 = 3628800,\r\ny si sumamos todos los dígitos del número 10! tenemos 3 + 6 + 2 + 8 + 8 + 0 + 0 = 27.\r\n\r\nSe requiere un programa que dado un número N devuelva la suma de los dígitos de N!.',2,20000),(7,'Numeración de Perros','7213dae0aaa61d6a2eb88f9fc2f4f833.jpg','Una señora tiene perros, y quiere asignarles como nombres a esos perros distintos enteros para poder identificarlos fácilmente. (Tiene buena memoria para números y mala para los nombres propios). Los perros han expresado sus preferencias a la señora. El i-ésimo perro quiere un entero entre 1 y maxNumber[i], inclusive. La señora debe obedecer las preferencias de todos sus perros. ¿De cuantas maneras distintas puede la señora asignar distintos números a sus perros?\r\n<br/>\r\nEntrada:\r\nLa entrada se dará según el siguiente formato: un número N que definira la cantidad de perros que tiene la señora (1 &le; N &le; 10).\r\nN números enteros, indicando cada uno el máximo número con el que le gustaría tener asignado separados por comas.(1 &le; maxNumber[i] &le; 30)\r\n<br/>\r\nSalida:\r\nImprimir un único número con el número de distintas combinaciones de números que podría usar la señora, tal que todos los perros tengan números distintos y cumpla con las preferencias de cada perro. (Si no hay combinaciones válidas, imprimir 0)<br/>\r\nEj Parametros entrada: 1,6 -> salida:6<br/>\r\nEj Parametros entrada: 2,5,8 -> salida:35<br/>',3,20000),(8,'Divisores Comunes',NULL,'Dados dos enteros A y B, con 0 < A < B < 2147483647 (2³¹), encontrar el número de divisores enteros positivos en común entre A y B.<br/>\r\nEj. parametros entrada: 5,15 -> salida:2<br/>\r\nEj. parametros entrada: 20,30 -> salida:4<br/>\r\n',3,20000),(9,'Suma de 5 números',NULL,'Dados cinco números enteros se debe devolver el resultado de la suma.',1,20000),(10,'Promedio de 3 números',NULL,'Dados tres números enteros se debe devolver el promedio.  En caso de que el resultado de un número con decimales redondear al entero más cercano.',1,20000),(11,'Mayor de 3 números',NULL,'Dados tres números devolver el máximo.',2,20000),(12,'Paridad de un número',NULL,'Dado un numero entero devolver, 0 en caso de ser impar y 1 en caso de ser par.',2,20000),(13,'Días del año',NULL,'Dados dos números enteros que identifican a un mes y un día retornar la cantidad de dias transcurridos en el año.  Asumir que el año no es bisiesto.<br/>\r\nEjemplo: Para (2,1) retorna 32=31+1; Para (3,4) retorna 63=31+28+4.',2,20000),(14,'Cuadrado',NULL,'Dado un valor mostrar el cuadrado de ese número. Por ej. si el número es 7 su cuadrado es 49. ',1,20000),(15,'El Tiempo',NULL,'Leer tres valores correspondientes a una hora, minutos y segundos, mostrar la cantidad de segundos que representan. Por ejemplo si se leyera 2 horas, 36 minutos, 10 segundos, el resultado a mostrar es: 9370',2,20000),(16,'Dos Rectángulos',NULL,'Dados 4 valores correspondientes a la base y altura de dos rectángulos, mostrar el área mayor.  (se ingresa base y altura del primer rectángulo y luego la base y altura del segundo)',2,20000),(17,'Triángulo equilátero',NULL,'Determinar el lado de un triángulo equilátero cuyo perímetro es igual al de un cuadrado de X cm de lado.<br/> Ejemplos. <br/> Lado del cuadrado: 2205 - Lado del triángulo: 2940 <br/> Lado del cuadrado: 1143 - Lado del triángulo: 1524 <br/> Lado del cuadrado: 321 - Lado del triángulo 428\r\n',2,20000),(18,'R01-Factorial',NULL,'Mostrar el factorial (X!)de un número dado.<br/>\r\n0!=1<br/>\r\n1!=1<br/>\r\n2!=2*1!=2*1=2<br/>\r\n3!=3*2!=6<br/>\r\n...<br/>\r\nX!=X*(X-1)!<br/>\r\n',1,20000),(19,'R02-Potencia',NULL,'Dado dos valores correspondientes a una base y a un exponente, mostrar el valor correspondiente al cálculo de la potencia',1,20000),(20,'R06-Fibonacci1',NULL,'La secuencia 0 1 1 2 3 5 8 …. Se conoce con el nombre de Fibonacci, donde se parte de los valores 0 y 1 y el resto de los valores se calculan como la suma de los dos anteriores. En base a esto, se pide, dado un valor, devolver el número de la sucesión de Fibonacci que ocupa esa posición. Por ejemplo si es numero es 5, debería devolver (escribir)  EL VALOR 3',2,20000),(21,'R03-Sumar Impares',NULL,'Dado un valor N, generar y sumar la secuencia de los N primeros números impares<br/>\r\nZ = 1 + 3 + 5 + 7 + ….+ (2N -1)<br/>\r\n\r\nSi N = 5, se debería sumar 1 + 3 + 5 + 7 + 9, mostrando como resultado el valor  25.',1,20000),(22,'R07-Fibonacci 2',NULL,'Dado un valor N, mostrar la suma correspondiente a los N-valores de la sucesión de Fibonacci:<br/>\r\n\r\nZ = 0 + 1 + 1 + 2 + 3 + 5 + 8 ……..An <br/>\r\n\r\nSi N = 5, se debería sumar 0 + 1 + 1 + 2 + 3, mostrando como resultado el valor  7',2,20000),(23,'Múltiplos',NULL,'Dado dos números, indicar si el primero es múltiplo del segundo. Devolver, 1 en caso de ser verdadero y 0 en caso de ser falso.',2,20000),(24,'Es Primo? falta',NULL,'Dado un número escribir 1 si es primo o 0 en caso contrario.',3,20000),(25,'Máximo Común divisor - falta',NULL,'Leer dos números, calcular y mostrar su máximo común diviso. Ejemplo: el máximo común divisor  de 10 y 15 es: 5; es decir:  mcd(10, 15) = 5.',3,20000),(26,'Mínimo Común Múltiplo - falta',NULL,'Leer dos números, calcular y mostrar su mínimo común múltiplo. Ejemplo: el mínimo común múltiplo de 10 y 15 es:  30.\r\n\r\n',3,20000),(27,'R09-Números tartamudos',NULL,'Se dice que un número N es Tartamudo cuando alguna de sus cifras aparece al menos dos veces seguidas. Por ejemplo, son Tartamudos: 1122293, 33310. 40772, etc.\r\nDesarrollar un algoritmo que verifique si un número N es Tartamudo. Devolver, 1 en caso de ser Tartamudo y 0 en caso contrario.',3,20000),(28,'Números oblongos',NULL,'Un número N se llama Oblongo si es el resultado del producto de dos números consecutivos. Por ejemplo    30 y 42 son Oblongos, ya que son el resultado del producto de 5*6 y de 6*7 respectivamente.\r\nDesarrollar un algoritmo que verifique si un número N es Oblongo.  Devolver 1 en caso afirmativo y 0 en caso contrario.',3,20000),(29,'Números perfectos',NULL,'Un número N se llama Perfecto si sumando a sus divisores (sin incluirse a sí mismo) se obtiene N. Por ejemplo 6 es Perfecto, ya que sus divisores son 1, 2 y 3, y la suma da 6.\r\nDado un número N, verificar si es Perfecto.  Marcar 1 en caso afirmativo y 0 en caso contrario.',3,20000),(30,'Números Amigos',NULL,'Dos números N y M son Amigos, si sumando los divisores de N obtenemos M, y sumando los divisores de M obtenemos N. En ambos casos se deben excluir N y M como divisores. Por ejemplo 220 y 284 son Amigos. Los divisores de 220 son 1, 2, 4, 5, 10, 11, 20, 22, 44, 55 y 110, que suman 284. Los divisores de 284 son 1, 2, 4, 71 y 142, que suman 220.\r\nVerificar si dos números N y M son Amigos.  Marcar 1 en caso Afirmativo y 0 en caso Contrario.',3,20000),(31,'F16 Perímetro 1','4ac187b386cc18a9499ad4bc730e0da4.jpg','Desarrollar un algoritmo que, dados los valores de d y b, calcule el perímetro de un rectángulo.  En caso de que el resultado de con decimales, truncar el número a la parte entera.',2,20000),(32,'F208 Poligono regular','ec43afdcba68c6d55f3bcc6beca8474a.jpg','Desarrollar un algoritmo que, dados los valores de lado y &alpha;, calcule el perímetro de un polígono regular. <br/> Ejemplos: <br/> entrada: 1,  18 - salida: 20  <br/> entrada: 2,   36  - salida: 20 <br/> entrada: 1,  40 - salida: 9',2,20000),(33,'R04-Suma de dígitos ',NULL,'Desarrollar un algoritmo que dado un número, calcule la suma de sus dígitos.',1,20000),(34,'F210 bisiesto',NULL,'Desarrollar un algoritmo que, dado un año, evalúe si es bisiesto o no. De acuerdo al calendario Gregoriano un año es bisiesto si es divisible por 4, excepto aquellos divisibles por 100, que para ser bisiestos, deben ser también divisibles por 400.  Devolver 1 en caso Afirmativo y 0 en caso contrario.',1,20000),(35,'F211 Capicua',NULL,'Desarrollar un algoritmo que, dado un número de 5 cifras, verifique si es capicúa.  Devolver 1 en caso Afirmativo y 0 en caso contrario.',2,20000),(36,'F212 Distancia',NULL,'Desarrollar un algoritmo que calcule la distancia entre dos ciudades, sabiendo que un vehículo pudo recorrer esa distancia a una velocidad v (km/h) en un tiempo t (h).',1,20000),(37,'JO5S Numero invertido',NULL,'Desarrollar un algoritmo que permita invertir un número de 3 cifras. Por ejemplo, invertir a 492 da como resultado 294. ',2,20000),(38,'JO10S Dígito Verificador',NULL,'Desarrollar un algoritmo que calcule el dígito verificador de un número de cuatro cifras de la siguiente manera: <br>\r\n1. Al mayor entre el primer y último dígito, se le resta el menor.<br>\r\n2. La operación se repite entre el segundo y tercer dígito. <br>\r\n3. Se suman ambos resultados<br> \r\n4. Se obtiene el resto de dividirlo por 9.<br> \r\n<br>\r\nPor ejemplo, para el número 9371 se calcula:<br>\r\n1. Entre el primer y último dígito, el mayor es 9; a 9 se le resta 1. El resultado es 8.<br>\r\n2. Entre el segundo y tercer dígito, el mayor es 7; a 7 se le resta 3. El resultado es 4.<br>\r\n3. Se suman ambos resultados, es decir 8 + 4 = 12.<br>\r\n4. El resto de dividir 12 por 9 es 3.<br>\r\n<br>\r\nO sea, el dígito verificador vale 3.',2,20000),(39,'R05-Multiplicación',NULL,'Desarrollar un algoritmos que dados dos valores, X y N (menor a 10), calcule el producto de los N primeros números naturales a partir de X. Por ejemplo, si X vale 8 y N vale 5, el algoritmo debe devolver el resultado del producto 8*9*10*11*12, es decir, 95040. ',2,20000),(40,'F216 Polígono regular ++','2ebb133a3ec0109c18e6bc8251e223ea.jpg','Desarrollar un algoritmo que, dados los valores de lado y &beta; (en ese orden), calcule el perímetro de un polígono regular (la figura es solo una guia, puede ser cualquier poligono). <br/> Ejemplos <br/> lado: 1, &beta;: 144 - perímetro: 10 <br/> lado: 5, &beta;: 162 - perímetro: 100',3,20000),(41,'F217 Area de figura','2ac2a00fa6444919fca2efaa9b4aef83.jpg','Desarrollar un algoritmo que, dados los valores de AB, BC y CD (en ese orden), calcule el área de la figura, sabiendo que ABCE es un rectángulo y que CDE es un triángulo isósceles.  El resultado del área debe ser redondeado al entero mas cercano.',2,20000),(42,'F17 Promedio de 4 números',NULL,'Dados cuatro números enteros se debe devolver el promedio. En caso de que el resultado de con decimales, truncar el número a la parte entera.',1,20000),(43,'Jugando al Chancho con Fosforos','103f6341351f55549b496415566cf8e4.jpg','Un grupo de amigos suele salir de campamento, y para pasar el rato a veces juegan partidas de \"chancho\", un juego de cartas donde por cada mano que uno pierde,\r\nse le escribe una letra progresivamente formando la palabra chancho, y el primero que llega a tener la palabra completa pierde el partido.\r\nObviamente, gana el último que queda sin perder.\r\n\r\nDado que cuentan con mucho tiempo, y como disfrutan mucho el juego, en vez de anotar la letra completa utilizan fósforos y van anotando fósforo por fósforo hasta formar cada letra, como se ilustra en la imagen.<br/>\r\n\r\nEl problema de esto, es que cuando juegan de a varios necesitan mucha cantidad de fósforos.\r\n\r\nAyuden a estos chicos a determinar cuantos fósforos necesitan para jugar de a N jugadores al \"Chancho\".<br/>\r\n\r\n\r\nEntrada: Un número entero N de jugadores.<br/>\r\n\r\nSalida: El numero máximo de fósforos que necesitan\r\n',1,20000),(44,'Capital en el Banco',NULL,'Una persona desea invertir su dinero en un banco, el cual le otorga un 2% de interés mensual. Cual será la cantidad de dinero que esta persona tendrá al cabo de un año si la ganancia de cada mes es reinvertida (interés acumulado).\r\nPor ejemplo si el monto inicial es de $100, al cabo de un mes, tendrá una suma de $102. AL siguiente mes el 2% se calcula sobre el nuevo monto ($102) por lo que al cabo del segundo mes pasaría a tener $104,04. Este nuevo monto es el que se considera para calcular el  2% correspondiente al tercer mes, y asi sucesivamente.\r\n\r\nSe desea leer un valor correspondiente al dinero inicial y calcular el dinero de que se dispondrá al cabo de un año. Devolver el resultado redondeado al entero mas cercano.\r\n',2,20000),(45,'JO6A Que Triangulo Es?','8eddc42072f91e444e9ab63d1da5d55b.jpg','Diseñe un algoritmo que lea tres longitudes de un triángulo, calcule el perímetro y determine de que tipo de triángulo se trata entre: equilátero (si tiene tres lados iguales), isósceles (si tiene dos lados iguales) o escaleno (si tiene tres lados desiguales). <br/> Considere que para formar un triángulo se requiere que: \"el lado mayor sea menor que la suma de los otros dos lados\".\r\nLa salida que debe producirse es “perimetro_tipo” <br/>\r\nEjemplos: entrada: 5, 5, 5; salida: 15_equilatero\r\n<br/>\r\nentrada: 4, 3, 4; salida: 11_isosceles\r\n<br/>\r\nentrada: 3, 4, 5; salida: 12_escaleno\r\n<br/>\r\nentrada: 1, 4, 2; salida: 0_no',2,20000),(46,'Multiplos Comunes',NULL,'Diseñe un algoritmo que lea dos números (A y B) e indique cuantos múltiplos de A y de B a la vez hay en el rango (1, A*B). Por ejemplo si A=5 y B=10, la respuesta es la cantidad de múltiplos de 5 y  10 que hay en el rango (1, 50), es decir 5. Si A=6 y B=15, la respuesta es la cantidad de múltiplos de 6 y 15 que hay entre (1, 90), es decir 3. ',2,20000),(47,'ContarVocales',NULL,'Dada una cadena, contar y devolver la cantidad de vocales que hay en ella. La cadena debe considerarse en minúscula y sin acentos.\r\nEjemplo\r\nentrada: otorrinolaringologo\r\nsalida: 9',1,20000),(48,'JO4S Don Pepe',NULL,'Don Pepe es un señor que tuvo un hijo cuando tenía X1 años: Andrés; y una hija cuando tenía X2 años: Andrea. Andrés a su vez, tuvo una hija llamada Carla a sus X3 años, y Andrea tuvo a su hijo Santiago, con X4 años. Sabiendo que Don Pepe nació en el año X5 y siendo el extraño caso de que toda la familia cumple años el mismo dia ¿Cuantos años suman Santiago y Carla si ya paso su cumpleaños de este año? <br/> Ejemplo: <br/> Entrada: <br/> año de nacimiento de Don Pepe: 1936 <br/> edad de Don Pepe cuando nació Andres: 20 <br/> edad de Don Pepe cuando nació Andrea: 24 <br/> edad de Andres cuando nació Carla: 24 <br/>\r\nedad de Andrea cuando nació Santiago: 22 <br/>\r\nSalida: 68',2,20000),(49,'JO3S Torneo Fútbol 5',NULL,'Actualmente se esta jugando el Torneo de Futbol 5 Universitario en el que intervienen N equipos. Se jugó la fecha F. Cada equipo puede hacer como máximo 3 cambios por partido. Se desea saber cuál es la cantidad maxima de cambios que pueden haber ocurrido en el torneo hasta el momento. Considere que en un partido intervienen 2 equipos.',2,20000),(50,'JO1S Tito el Kiosquero',NULL,'Tito el Kiosquero, no siempre tiene suficientes monedas y billetes para dar cambio a sus clientes.  En este momento solo tiene billetes de $10 y caramelos que cuestan 1$ cada uno.\r\nDada una cantidad P de dinero, que cantidad de caramelos debe dar de vuelto además de los billetes de $10.<br/>\r\nPara una entrada de 11 la salida debe ser 1; para una entrada de 55 la salida debe ser de 5.\r\n',1,20000),(51,'JO7A Eusebio',NULL,'Eusebio es un comerciante muy afortunado que siempre tiene suficientes monedas y billetes para dar cambio a sus clientes, y asi se evita el darles caramelos. Es decir el comerciante dispone de cualquier cantidad de billetes de $50, $20, $10 y $5 y monedas de $2 y $1. Dada una cantidad P de dinero que debemos pagarle y considerando que le pagaremos únicamente con billetes de $100 ¿Cuantos billetes y monedas como mínimo debe darnos de vuelto?. La salida debe ser un número entero<br/>.Por ejempl, para una valor a pagar P = $226, se le entregarán 4 billetes de vuelto. (1 de $50, 1 de $20 y 2 monedas de $2)',2,20000),(52,'JO8A 2 Puntos',NULL,'Dados 2 puntos en el plano cartesiano, determinar la pendiente y la ordenada al origen de la recta que pasa por los 2 puntos. La salida debe tener la forma \"pendiente*X+ordenada\" sin espacios. <br/>Ejemplo:  para una entrada 1, 2, 2, 1 donde los valores representan los puntos (x1=1, y1=2) ; (x2=2 , y2=1), la salida debe ser \"-1*X+3\".<br/>\r\npara una entrada 1, 1, 2, 2 donde los valores representan los puntos (1, 1) y (2, 2); la salida debe ser \"1*X+0\"',2,20000),(53,'JO9R Suma dígitos',NULL,'Para un número N, entre 0 y 99999, devolver la suma de sus dígitos.',1,20000),(54,'JO12R Suma Pares',NULL,'Para dos valores N y M, calcular la suma de los valores pares entre N y M, incluyendo N y M en caso que corresponda. Se debe verificar que N < M. En el caso que N > M debe devolver 0.\r\n',1,20000),(55,'JO11R Reemplaza dígito',NULL,'Para un número N de 5 cifras y un valor K entre 2 y 5, reemplazar en N el dígito K por 0. Ejemplo: Para N=32415 y K=3, se debe obtener 32015. Para N=32415 y K=5, se debe obtener 32410.',2,20000),(56,'JO14C Concatena',NULL,'Dado un número n, y un caracter c, devolver una cadena formada por n c´s. Si n es negativo o 0 devuelve la cadena vacia. Ejemplos: 1) entrada n=5 y c=\"*\" , salida *****, 2) entrada n= 7 y c=\"h\", salida hhhhhhh. 3) entrada = -3 y c=\"A\", salida \"s/cadena\"',2,20000),(57,'JO15C Reverso',NULL,'Dada una cadena, devolver la misma invertida. Ejemplo: entrada \"abcde\" , salida \"edcba\" - entrada \"1ertu9zk\" salida \"kz9utre1\"',2,20000),(58,'Números Romanos',NULL,'Dado un numero n menor a 500, devolver el mismo número en notación romana. Ejemplo: entrada 9 salida IX , entrada 417 salida CDXVII- AYUDA: 1- I, 2 - II, 3- III, 4 - IV, 5 - V, 6 - VI, 7 - VII, 8 - VIII, 9 - IX, 10- X, 50 - L, 100 - C, 500 - D',3,20000),(59,'JO16C Cuenta Palíndromos',NULL,'Palíndromos son las palabras que se leen igual al derecho que al revés. Dada una oración, determinar cuántas palabras de la misma son palíndromo. Considere que las palabras están separadas por un \"_\".  <br/>  Ejemplo,\r\nPara la entrada:\"sos_un_gran_programador_php\" la salida es:2.<br/>\r\nPara la entrada:\"sos_de_neuquen_sos_de_la_patagonia\", la salida es:3<br/>',3,20000),(60,'JO13R Suma multiplos',NULL,'Si listamos todos los números naturales menores que 15 que son múltiplos de 3 y de 2 tenemos: 6 y 12. La suma de estos múltiplos es 18. Se requiere un programa que dado un número natulal N devuelva la suma de todos los múltiplos de 3 y de 2 menores que N.',3,20000),(61,'JOR Oblongo',NULL,'Un número N se llama Oblongo si es el resultado del producto de dos números consecutivos. Por ejemplo 30 y 42 son Oblongos, ya que son el resultado del producto de 5*6 y de 6*7 respectivamente. Desarrollar un algoritmo que verifique si un número N es Oblongo. Devolver \"N1 N2\" consecutivos donde N1*N2=N.\r\nEjemplo para la entrada 20 la salida es \"4 5\". En caso en que N no sea Oblongo, debe devolver 0.',3,20000),(62,'Nos vamos de campamento','49cbe7f4605054ddd5e5819f18794e6b.png','COORDENADAS: \r\nUn grupo de amigos suele salir de campamento. La ultima vez salieron divididos en 2 grupos: A y B. \r\nComo deben saber de geografía, cualquier punto del planeta puede ser determinado unívocamente por un par de coordenadas cartesianas que indican la latitud y la longitud del punto: la latitud varía entre -90º (sur) y 90º (norte), y la longitud varia entre -180º (oeste) y 180º (este). Nos interesa averiguar cual es la ubicación relativa del grupo B respecto de A,  esto es:  determinar si B está  al Sur(S), al Norte(N), al Este(E), Oeste(O), Sudeste(SE), Sudoeste(SO), Nordeste(NE), Noroeste(NO) o si A y B están en el mismo campamento (MC). La ubicación del grupo A es -33º de latitud y -69º de longitud.<br/>\r\n\r\nLeer 2 números enteros latB y longB, (que representan latitud y longitud de la ubicación del campamento del grupo B) y devolver la cadena “S”, “N”, “E”, “O”, “SE”, “SO”, “NE”, “NO” o “MC” según corresponda. <br/>\r\nEjemplos <br/>\r\nentrada: -45, -40    /   salida: SE (ver gráfico) <br/>\r\nentrada: 3, -70    /   salida: NO  <br/>\r\nentrada: -3, -69    /   salida: N  <br/>\r\nentrada: 3, 10    /   salida: NE  <br/>\r\n',2,20000),(63,'JOC Romanos II',NULL,'Dado un numero n menor a 500 en números naturales, devolver el mismo número en romano. Ejemplo: entrada IX salida 9 , entrada CDXVII salida 417- AYUDA: 1- I, 2 - II, 3- III, 4 - IV, 5 - V, 6 - VI, 7 - VII, 8 - VIII, 9 - IX, 10- X, 50 - L, 100 - C, 500 - D',3,20000),(64,'Juego con cuadrados','456d8bef1448165d0c2a501d27b2f3b9.jpg','Jacinto es un carpintero que construye, entre otras cosas, juegos didácticos. Los docentes del jardin de Infantes “Chiquitines” le han encargado que arme un juego de encastre “cuadrados anidados” que consiste en figuras cuadradas huecas de distinto tamaño que deben ser ordenadas por los niños como lo muestra la figura. <br/><br/>\r\nDebemos ayudar a Jacinto a calcular cuantos cuadrados podra armar con el material que tiene. Considere que Jacinto utilizará varillas de madera para el trabajo, y que puede aprovechar todos los recortes de las varillas que vayan quedando, pudiendo pegarlas. Entonces cuantos cuadrados podrá armar, sabiendo que: <br/>\r\n-  cada cuadrado interno tiene 2 cm menos de lado que el que le sigue, (el lado de B es 2cm menor que el lado de A, y el lado de C es 2 cm menor que el de B)\r\n <br/> -  el cuadrado mas pequeño debe ser de 5 cm de lado <br/> \r\nentrada: cantidad de varillas, longitud de las varillas en cm/\r\nsalida: cantidad de cuadrados <br/>\r\nejemplo: entrada 5, 30 /  salida: 4 <br/>\r\nejemplo: entrada 2, 53 /  salida: 3 <br/>\r\n\r\n',1,20000),(65,'Número saltarín',NULL,'Para un número N de 5 cifras y un valor K entre 1 y 5 (inclusive) , se debe obtener otro número en donde los dígitos salten k lugares hacia la derecha. El último dígito (que se cae del número) pasa a ocupar el primer lugar, o sea el de la decena de mil.<br/>\r\nEjemplos:Para N=37854 y k=1, se obtiene 43785. <br/>Para N=32415 y K=3, se obtiene 41532.<br/> Para N=32415 y K=5, se debe obtener 32415',2,20000),(66,'Generar numero',NULL,'Dado un número N, 0&lt;N&lt;10, generar un número entero cuyo primer dígito sea N, y los digitos siguientes sean los menores que N en orden, hasta 0. Ejemplo, si N=5, debe generar 543210, si N=2, debe generar 210, si N=1, debe generar 10.',2,20000),(67,'Generar número creciente',NULL,'Dado un número N, 0&lt;N&lt;10, generar un número entero cuya unidad sea N, y los digitos siguientes hacia la izquierda (decena, centena, etc.) sean los menores que N en orden, hasta 1. Ejemplo, si N=5, debe generar 12345, si N=2, debe generar 12, si N=1, debe generar 1.',2,20000),(68,'Calculo de horas',NULL,'A partir de un dia, un mes, y una cantidad de horas, calcular el total de horas transcurridas desde el 1 de enero hasta el momento indicado por los datos ingresados. Considere a febrero con 28 dias. Ejemplo <br/> entrada: 12, 3, 5 /salida: 1685 (son 31 dias de enero, 28 dias de febrero, 11 dias de marzo, y 5 horas) <br/> entrada: 10, 1, 15 /salida: 231 ',2,20000),(69,'El ciclista',NULL,'Un ciclista se desplaza a velocidad constante <em> vel </em> por <em> t1 </em> seg, en ese momento acelera <em> aa </em> m/s2 durante <em> tt </em> seg. Calcular la distancia total recorrida.\r\nEjemplo: vel= 5, t1= 30,  aa= 1, tt=20, la distancia recorrida es 450 m.\r\n',2,20000),(70,'Armando una casa con cartas','478c86f778fdd993100014714455fe3c.jpg','Julián esta aburrido y decide entretenerse armando casas con cartas. En la figura se muestra una casa de 4 pisos, para la que se utilizaron 26 cartas. Notese que en cada piso se utilizan 3 cartas menos que en el piso de abajo (o en cada piso 3 cartas mas que en el de arriba, aunque la casa se arma de abajo hacia arriba). <br/>\r\n Debemos ayudar a Julián a saber cual es el máximo de pisos que  puede hacer con N cartas (si es muy abilidoso con las manos lo conseguirá...) <br/>\r\nEjemplos, <br/> Entrada: 26, salida: 4\r\n<br/> Entrada: 30, salida: 4\r\n<br/> Entrada: 8, salida: 2 ',2,20000),(71,'Armando una casa con cartas 2','a8c9794abf14f28ab63a4444a3245eb8.jpg','Julián esta aburrido y decide entretenerse armando casas con cartas. En la figura se muestra una casa de 4 pisos, para la que se utilizaron 26 cartas. Notese que en cada piso se utilizan 3 cartas menos que en el piso de abajo (o en cada piso 3 cartas mas que en el de arriba, aunque la casa se arma de abajo hacia arriba). <br/> Debemos ayudar a Julián a calcular cuantas cartas necesitará para hacer una casa de k pisos <br/> Ejemplos, <br/> Entrada:4, salida: 26 <br/> Entrada: 3, salida: 15 <br/> Entrada: 2, salida: 7',2,20000),(72,'Jugando con cartas','08c4b98413fee113ab39f51cd38d2655.jpg','Julián decidio hacer una secuencia de casas con las cartas empezando por una de 2 cartas, como muestra la figura. (Ayuda,para armar solo 1 casa se necesitan 2 cartas, pero para agregar mas casas se necesitan 3 cartas por cada nueva casa, 2 para la casa y 1 para el techo que la une con la casa anterior. Por ejemplo para una casa de 4 pisos, se necesitan 26 cartas). <br/> Se desea ayudar a Julián a decidir cuantas cartas necesitará para llegar a una casa de k pisos. <br/> Ejemplos, para llegar a una casa de 2 pisos necesitará 9 cartas (2 para la primer casa y 7 para la segunda casa) <br/> para llegar a una casa de 3 pisos necesitará 24 cartas (2 para la primera, 7 para la segunda y 15 para la tercera) <br/> para llegar a una casa de 4 pisos necesitará 50 cartas.\r\n',3,20000),(73,'Jugando con cartas 2','adb57333e40a0be22947b3f05d84f2d4.jpg','Julián decidio hacer una secuencia de casas con las cartas empezando por una de 2 cartas, como muestra la figura. (Ayuda,para armar solo 1 casa se necesitan 2 cartas, pero para agregar mas casas se necesitan 3 cartas por cada nueva casa, 2 para la casa y 1 para el techo que la une con la casa anteriro. Por ejemplo para una casa de 4 pisos, se necesitan 26 cartas). <br/> Se desea ayudar a Julián a decidir cuantos pisos podrá tener la última casa de la secuencia si se usan k cartas. <br/> Ejemplo, <br/> con 9 cartas la ultima casa puede tener 2 pisos <br/> con 10 cartas la ultima casa puede tener 2 pisos <br/> con 50 cartas la ultima casa puede tener 4 pisos <br/> con 53 cartas la ultima casa puede tener 4 pisos.',3,20000),(74,'El aterrizaje',NULL,'Calcular la longitud de la pista de un aeropuerto (en metros) que necesita un avión para aterrizar si cuando comienza el proceso de frenado tiene una velocidad de <em>vel </em> m/s y una aceleración de <em> aa </em> m/s2.\r\nEjemplo, para vel= 90 y aa=-3, la longitud de pista es 1350 m',2,20000),(75,'Velocidad',NULL,'Un coche que se desplaza a <em>vel </em> (en m/s), acelera a razon de <em> aa </em> (en m/s2) durante <em> tt </em> (en seg). <br/> Calcular la velocidad final obtenida en ese tiempo.\r\nEntrada: vel, aa, tt (en ese orden)<br/> Salida: velocidad final',1,20000),(76,'Ahí se escucha el tren',NULL,'¡Llegó el tren al alto valle! ...y por esas cosas del azar, salieron sorteados para ser los nuevos encargados de coordinar el sistema ferroviario a nivel local.\r\nClaramente lo más importante de su trabajo es asegurarse de que los trenes no sufran ningún accidente, por fortuna hay una sola formación usando las vías, por lo que mientras el tren no exceda su velocidad máxima no hay ningún riesgo.\r\n<BR/>\r\nComo segundo objetivo, dado un horario de inicio de servicio y uno de fin de servicio, y la espera para bajada y subida de pasajeros, deben tratar de dar la mayor cantidad de servicios por dia.\r\n<BR/>\r\nClaro está que el tren necesita un tiempo para alcanzar su velocidad máxima, como han visto en física:\r\n<BR/>\r\nVelocidadFinal = (Aceleración * Tiempo) - VelocidadInicial\r\n<BR/>y cuando un cuerpo está acelerando, su desplazamiento se calcula:\r\n<BR/>DistanciaRecorrida = 1/2*Aceleración*(TiempoRecorrido²)\r\n<BR/>\r\nSu objetivo es hacer un programa que para los datos indicados, calcule la máxima cantidad de servicios que se pueden dar desde Neuquén a Cipolleti. Sabemos que la distancia entre estaciones del tren es de 7600 metros, y que  el tiempo  requerido para subida y bajada de pasajeros es de 10 minutos.\r\n<BR/>\r\nDeberan leer: \r\n<BR/>horario_inicio = Hora de salida del primer servicio. (en horas)\r\n<BR/>horario_fin = Hora máxima a la que puede llegar el último servicio.(en horas)\r\n<BR/>velocidad_maxima = Velocidad Maxima a la que llega el tren.(metros/seg)\r\n<BR/>acelaración(metros/segundo²) y desaceleración (aceleración de frenado) (metros/segundo²)\r\n<BR/>\r\nY retornar la cantidad máxima de viajes de ida y vuelta que puede completar el tren en 1 día.\r\n<BR/>\r\n\r\nPista: En todos los casos pasará, que el tren en algún tramo alcanzará su velocidad máxima, la mantendrá por un tramo de longitud que deberán calcular y desacelerará con el tiempo ideal para llegar a 0m /segundo exactamente en la otra estación, esperará \"tiempo_pasajeros\" segundos y regresará hacia la otra estación. ',3,20000),(77,'Secuencia de Collatz',NULL,'El matemático Lothar Collatz en 1937, enunció su famosa conjetura (la conjetura de 3n+1), que hasta el dí­a de hoy no pudo ser demostrada para cualquier valor, pero tampoco se han encontrado contraejemplos.\r\n\r\nLo que dice su conjetura es que aplicando la siguiente función a un número N, en forma reiterada, eventualmente N pasa a valer 1.\r\n\r\nMientras(N <> 1){\r\n    si ( N es par)\r\n        N = N/2;\r\n    sino\r\n        N = (N*3) +1;\r\n}\r\n\r\nDe esta manera si hacemos la traza para N = 11, vemos que N toma como valores:  11 -> 34 -> 17 ->  52 -> 26 -> 13 -> 40 -> 20 -> 10 -> 5 -> 16 -> 8 -> 4 -> 2 -> 1\r\n\r\nLa longitud de la secuencia de Collatz de un número, es la cantidad de veces que se aplica esta función hasta llegar a 1.\r\nAsí  la longitud de la secuencia de un número L(x) queda dada por:\r\nL(1) = 0 <br/>\r\nL(2) = 1 + L(1) = 1 <br/>\r\nL(3) = 1 + L(10) = 1 + 1 + L(5) = 2 + 1 + L(16) = ... = 3 + 4 = 7  <br/>\r\nL(4) = 1 + L(2) = 2 <br/>\r\n...\r\nL(8) = 3\r\n\r\n<br/>\r\nSu desafí­o es escribir un programa que dado un número natural N, calcule la longitud de su secuencia de Collatz.\r\n',2,20000),(78,'Resta de dos números',NULL,'Resta de dos números',1,20000),(79,'Producto de dos números',NULL,'Dados A y B retornar el Producto de ambos números',1,20000),(80,'A2019 Sumando posiciones pares.',NULL,'Dado una lista de enteros donde el primer elemento N es la cantidad de valores siguientes. Los números restantes corresponden a cada uno de los elementos del arreglo comenzando con la posición 0 (0 par). Sumar sólo los que ocupan posiciones pares y mostrar la suma resultante. ',3,5000),(81,'A2019 Vocales extraviadas',NULL,'Se tiene un arreglo de N caracteres y se necesita  verificar si contiene alguna vocal, para ello deberá mostrar como respuesta el valor 1, si existe alguna vocal o cero en el caso contrario.Observación: se recibe un arreglo donde la posición 0 corresponde al N, las posiciones restantes corresponden a los elementos del arreglo.',3,50000),(82,'A2019 Problema de iniciales',NULL,'Se tiene un arreglo de N palabras y se necesita crear y mostrar una nueva palabra concatenando las iniciales de cada una de las palabras contenidas. Por ejemplo si el arreglo contiene:  [“casa”,”automovil”, “día”] el resultado será la palabra “cad” . Observación: se recibe un arreglo donde la posición 0 corresponde al N, las posiciones restantes corresponden a los elementos del arreglo.',3,50000),(83,'A2019 Cuadrado Mágico','bb241583aee5005ae91b8d1a939c3b2b.png','Una matriz NxN es un cuadrado mágico si  la suma de cada fila es igual a la suma de cada columna y a la vez es igual a la suma de cada una de las diagonales. Se deberá mostrar el resultado 1 si la matriz dada es cuadrado mágico o 0 en caso contrario.',3,50000),(84,'A2017 Escalera de números',NULL,'Dado un arreglo conteniendo N números, se necesita conocer si los mismos están ordenados  en forma creciente, para lo cual deberá mostrar el resultado 1 si están ordenados de manera creciente o 0 en caso contrario.Observación: se recibe un arreglo donde la posición 0 corresponde al N, las posiciones restantes corresponden a los elementos del arreglo.',3,50000),(85,'A2017  Recorrido Espiral','edcbf01801c3071f665fce7ca753106c.png','Dada una matriz NxM de números enteros, diseñe un algoritmo para recorrerla en forma de espiral, guardandolos en una cadena a mostrar como resultado final.',3,50000),(86,'P2017 Arañita',NULL,'Una arañita va y viene sobre una rama. Primero va de una punta a la otra.\r\nSe da vuelta y va hasta la mitad de la rama; allí se da vuelta y va hasta la mitad del camino que recorrió la última vez. Hace esto dos veces más, recorriendo cada vez la mitad del camino anterior. Cuántos centímetros recorrió en total, si la rama mide:',3,10000),(87,'P2017 Cuadrado','9e4dfdb4ac217dd71ffcd72d272abe98.png','El cuadrado ABCD está partido en un rectángulo R y 3 cuadraditos iguales. Cuánto mide el perímetro de un cuadradito, si el perímetro de ABCD es de:',2,10000),(88,'P2017 Fabrica',NULL,'En una fábrica automotriz hay autos de cinco colores: negro, blanco, rojo, azul y gris. La mitad de los autos es de color negro, y la quinta parte de los autos es de color blanco. De cada uno de los otros tres colores hay igual cantidad. Cuántos autos hay en total, si los de color gris son:',2,10000),(89,'P2017 Cuadrado++','13685b5aa3b8da5520a10b6c94c44e6a.png','En la figura, ABCD es un cuadrado, y P, Q y R son cuadrados iguales entre sí. Cuál es el área de la región roja, si su perímetro mide:',3,10000),(90,'P2017 Alumnos',NULL,'De los alumnos inscriptos a un colegio, tres quintos se anotaron en el turno mañana. De ellos, un cuarto van a jardín, dos tercios van a primaria y los demás a secundaria. Cuántos son los alumnos del secundario de turno mañana, si en el colegio entre ambos turnos la cantidad de alumnos es:',1,10000),(91,'P2017 Teatro',NULL,'En un teatro las entradas para adultos cuestan $50 y $20 las de niños. Se sabe que asistieron 326 personas. Cuántos adultos había, si se recaudaron: $',3,10000),(92,'P2017 Geografía','98a276d126b69f11ce54297eb9f6701f.jpg','¿Cual es la provincia que limita simultaneamente con?',1,1),(93,'Valor Absoluto',NULL,'Diseñar un programa que, dado un número, devuelva su valor absoluto',1,20000),(94,'Sucesor - Antecesor',NULL,'Dado un valor, si es positivo, devolver su sucesor, caso contrario, devolver su antecesor',2,200000),(95,'Bianca y Brenda',NULL,'Bianca y Brenda recibieron caramelos de su abuela, pero sin querer, una de las chicas recibió más cantidad que la otra. La que obtuvo mayor cantidad, debe darle la diferencia entre ambas cantidades a su primito Blas. Diseñar un programa que reciba dos valores (cantidad de caramelos para cada una de las chicas), y devuelva la cantidad de caramelos que recibirá Blas.',2,20000),(96,'Módulo ',NULL,'Dados 3 valores, devolver el tercero si éste equivale al resto de la división del primero y el segundo, y 0 en caso contrario. \r\nEjemplos:\r\n<br>Para los valores 5,3,2 debe devolver 2.\r\n<br>Para los valores 7,4,4 debe devolver 0.',1,20000),(97,'Notas de Física',NULL,'Aldo, Bruno y Carlos deben rendir un examen de física. El que obtenga la mejor nota queda eximido del trabajo práctico. Desarrollar un programa que dadas las tres notas (de Aldo, de Bruno y de Carlos, en ese orden), devuelva la inicial (en mayúscula) del alumno eximido de la práctica.',2,20000),(98,'Tanque de Nafta',NULL,'El tanque de combustible de un auto tiene una capacidad de 50 litros. El auto recorre en ciudad 8 kilómetros por litro y en ruta 10 kilómetros por litro. Desarrollar un programa que dados dos valores (km en ciudad y km en ruta, en ese orden) evalúe si el auto puede recorrer esas distancias teniendo el tanque lleno. Debe devolver 0 en caso en que no se pueda, o bien la cantidad de litros de combustible que se gastarían.',2,200000),(99,'P2018 Impares',NULL,'Cuántos números impares hay entre dos números A y B',1,20000),(100,'P2018 Almuerzo',NULL,'De los alumnos de un curso, la quinta parte vuelve a su casa a almorzar. De los restantes, la mitad come una vianda que trae de su casa. Cuántos alumnos hay en el curso, si los que comen en el comedor son:',1,20000),(101,'P2018 Hermanos',NULL,'En 5° año todos los alumnos tienen hermanos. La tercera parte de los chicos tiene 2 hermanos y el resto sólo 1 hermano. En un encuentro se reúne todo 5° año junto a todos los hermanos. Cuántos alumnos tiene 5° año, si en la reunión hay en total:',1,20000),(102,'P2018 Cartuchera',NULL,'Sobre la mesa hay 10 lápices de distintos colores y 5 gomas de borrar de diferentes tamaños. De cuántas maneras distintas se pueden poner en una cartuchera (lápices, gomas - en ese orden):',2,20000),(103,'P2018 Dígitos 1-3-5-8',NULL,'Cuántos números se pueden formar con los dígitos 1, 3, 5, 8, solamente y sin repetir, que sean mayores que 100 y menores o iguales a:',2,20000),(104,'P2018 Areas','88490da80d7fc799ad629866e0cbb8bb.jpg','Calcular el área NO-sombreada,\r\nsabiendo que el área sombreada vale:\r\n',2,20000),(105,'Lados de un triángulo equilátero',NULL,'Determinar el lado de un triángulo equilátero cuyo perímetro es igual al de un cuadrado de área X.<br/> Ejemplos. <br/> área cuadrado: 576 - lado triángulo: 32 <br/> área cuadrado: 1089 - lado triángulo: 44 ',2,20000),(106,'Números Prolijos',NULL,'Se dice que un número es prolijo, si todos sus dígitos están ordenados de menor a mayor. Ejemplo: El número 379 es un número prolijo; el número 51830 no lo es.\r\nDesarrollar un programa que reciba un número y verifique si es prolijo, en cuyo caso debe devolverlo, Si no es prolijo, debe devolver 0.',2,20000),(107,'Números Divertidos',NULL,'Se dice que un número es divertido si todos sus dígitos son distintos. Por ejemplo, el número 4509 es divertido; el número 13185 no lo es.\r\nDesarrollar un programa que reciba un número y verifique si es divertido, en cuyo caso debe devolverlo. Si no es divertido, debe devolver 0.',3,20000),(108,'Números mágicos',NULL,'Se dice que tres números (de tres cifras) son mágicos cuando cumplen las siguientes condiciones de manera simultánea:\r\n* Coinciden en la suma de los dígitos de cada número.\r\n* Las sumas de todas las centenas, de todas las decenas y de todas las unidades también son iguales.\r\nEjemplo: Los números 357, 816 y 492 son mágicos, ya que se cumple:\r\n3+5+7=15; 8+1+6=15; 4+9+2=15, y además\r\n3+8+4=15 (centenas); 5+1+9=15 (decenas); 7+6+2=15 (unidades)\r\nDesarrollar un programa que reciba tres números de tres dígitos y verifique si son mágicos, en cuyo caso se deberá devolver el valor de la suma mágica. En caso contrario se deberá devolver 0.',3,20000),(109,'Fracción Equivalente',NULL,'Indicar la fracción equivalente a:',1,20000),(110,'Logaritmos1','970db9c75d0a409e0a4807bc6fc5790d.jpg','Dados los valores de A y de la base B (en ese orden), indicar cuánto vale C.\r\n',1,20000),(111,'Logaritmos2','7d92f544a1c4502ec9f949b9d9a40812.jpg','Dados los valores de A y C (en ese orden), indicar cuánto vale la base B',1,20000),(112,'Operaciones con Números Racionales -1',NULL,'Resolver X - Y + Z Indicar la fracción simplificada.',2,20000),(113,'Operaciones con Números Racionales - 2',NULL,'Resolver A * B + C Indicar la fracción simplificada',2,20000),(115,'Porcentaje 1',NULL,'Si el IVA es del 21%, cuál es el valor a pagar por un par de zapatillas, si el precio sin IVA es:',1,20000),(116,'Porcentaje 2',NULL,'Cuál era el precio anterior de un pantalón, si aumentó un 15% y ahora cuesta:',1,20000),(117,'Porcentaje 3',NULL,'Cuál es el porcentaje de recargo que se cobra por pago con tarjeta de crédito, si el valor original es X y el cliente termina pagando Y (en ese orden)',2,20000),(118,'Ecuaciones I','e697618b286d1ce8e38fa7028dc02900.jpg','Dados los valores de a, b y c (en ese orden), cuánto debe valer d para que se cumpla la igualdad?',1,20000),(119,'Equipo deportivo',NULL,'En la última temporada, un equipo deportivo marcó, de local, el triple de puntos que de visitante. Cuántos marcó el visitante si la cantidad total de puntos fueron:',1,20000),(120,'Depósito',NULL,'Indicar cuántas cajas había en un depósito, si luego de acomodar el 27% de ellas, aún quedan',1,20000),(121,'Triángulos','85639d50766d5a9c1535f670ffd093d4.jpg','Con cuatro triángulos equiláteros se armó la siguiente figura. El lado del triángulo 2 mide la mitad del lado del triángulo 1, el lado del triángulo 3 mide la mitad del lado del triángulo 2, y el lado del triángulo 4 mide la mitad del lado del triángulo 3. Cuánto mide el lado del triángulo 1, si el perímetro de la figura vale',2,20000),(122,'Cuerda',NULL,'Cuánto mide una cuerda elástica, si al estirarla al 30% mide',2,20000),(123,'Padre e hijos',NULL,'Andrés y Ramiro son hijos de Gabriel. Dadas las edades de Andrés, Ramiro y Gabriel (en ese orden), cuántos años deben transcurrir para que los hijos sumen la edad de su padre?',2,20000),(124,'Cuadrados','f021afda0b9e2a19c8eace53186e197c.jpg','En la figura hay dos cuadrados, C1 y C2. Cuánto vale el área de C2, si el área de C1 es:',2,20000),(125,'Número escondido',NULL,'Cuál es el número, cuya mitad aumentada en tres, da por resultado:',2,20000),(126,'Número escondido II',NULL,'Cuál es el número, si la mitad de la diferencia del triple de ese número y 5, da:',2,20000),(127,'Beca comedor',NULL,'Para acceder a una beca del comedor se debe tener un promedio mayor a 7 y menos de 25 años, o en su defecto vivir en una localidad que se encuentre a más de 30km de la ciudad de Neuquén.\r\nDiseñar un algoritmo que dados los datos de promedio, edad y distancia de residencia (en ese orden), devuelva el promedio si puede acceder a la beca y 0 en caso contrario. ',1,20000),(128,'Pintura','f48d5f219b9151c07a8dccf0a8567430.jpg','Se desea pintar la pared del frente de la casa de la figura. Diseñar un algoritmo que, dados los valores de A, B y C (en ese orden), permita calcular cuánto mide la superficie a pintar.',2,20000),(129,'Número de la suerte',NULL,'6. Dada la fecha de nacimiento de una persona (día, mes y año; en ese orden), calcular su número de la suerte de la siguiente manera: se suman día, mes y año. Luego se obtienen los dos últimos dígitos del valor calculado. Si dicho número es menor a 20, ese es el número de la suerte, caso contrario, se deben sumar los dos dígitos obtenidos entre sí y el número resultante es el número de la suerte. <br/> Ejemplos: Si la fecha es 05/10/1999, la suma es 2014, los últimos dos dígitos son 14, luego el número de la suerte es 14.<br/> Pero si la fecha es 27/10/1999, la suma es 2036, los últimos dos dígitos son 36, luego el número de la suerte es 9 (3+6).',2,20000),(130,'nuevoProblema','2814362image.jpg','<p>nueva consigna</p>',2,3000),(131,'nuevoProblema','2814362image.jpg','<p>nueva consigna</p>',2,3000),(132,'nuevoProblema','2814362image.jpg','<p>nueva consigna</p>',2,3000),(133,'edasdasdsadsadasdsadas','','<ol><li>dasdasdasd asdas as dasd asd asd asdasdasdas da</li></ol><p>dasd</p><p><br></p><ul><li>dasdasd</li><li>dadas</li><li>dsa</li><li><br></li></ul>',2,2333),(134,'edasdasdsadsadasdsadas','','<ol><li>dasdasdasd asdas as dasd asd asd asdasdasdas da</li></ol><p>dasd</p><p><br></p><ul><li>dasdasd</li><li>dadas</li><li>dsa</li><li><br></li></ul>',2,2333),(135,'edasdasdsadsadasdsadas','','<ol><li>dasdasdasd asdas as dasd asd asd asdasdasdas da</li></ol><p>dasd</p><p><br></p><ul><li>dasdasd</li><li>dadas</li><li>dsa</li><li><br></li></ul>',2,2333),(136,'edasdasdsadsadasdsadas','','<ol><li>dasdasdasd asdas as dasd asd asd asdasdasdas da</li></ol><p>dasd</p><p><br></p><ul><li>dasdasd</li><li>dadas</li><li>dsa</li><li><br></li></ul>',2,2333),(137,'nuevo','','<p>dasdasdsadsdasdasd</p>',2,23232),(138,'nuevo','','<p>dasdasdsadsdasdasd</p>',2,23232),(139,'nuevo','','<p>dasdasdsadsdasdasd</p>',2,23232),(140,'nuevo','','<p>dasdasdsadsdasdasd</p>',2,23232),(141,'nuevo','','<p>dasdasdsadsdasdasd</p>',2,23232),(142,'nuevo','','<p>dasdasdsadsdasdasd</p>',2,23232),(143,'nuevo','','<p>dasdasdsadsdasdasd</p>',2,23232),(144,'nuevo','','<p>dasdasdsadsdasdasd</p>',2,23232),(145,'nuevo problema','8083006Prisioneros de los Kobolds.png','<p>El enuncuadio muy bueno!</p>',2,1000),(146,'nuevo problema','8083006Prisioneros de los Kobolds.png','<p>El enuncuadio muy bueno!</p>',2,1000),(147,'nuevo problema','8083006Prisioneros de los Kobolds.png','<p>El enuncuadio muy bueno!</p>',2,1000),(148,'nuevo problema','8083006Prisioneros de los Kobolds.png','<p>El enuncuadio muy bueno!</p>',2,1000),(149,'nuevo problema','8083006Prisioneros de los Kobolds.png','<p>El enuncuadio muy bueno!</p>',2,1000),(150,'nuevo problema','8083006Prisioneros de los Kobolds.png','<p>El enuncuadio muy bueno!</p>',2,1000),(151,'Suma de dos números','7ae1a2c66f28ff205ea890d3e639bc5f.gif','Dados dos números enteros se debe devolver el resultado de la suma',1,20000);
/*!40000 ALTER TABLE `problema` ENABLE KEYS */;
UNLOCK TABLES;

--
-- Table structure for table `problemaetiqueta`
--

DROP TABLE IF EXISTS `problemaetiqueta`;
/*!40101 SET @saved_cs_client     = @@character_set_client */;
/*!40101 SET character_set_client = utf8 */;
CREATE TABLE `problemaetiqueta` (
  `idProblema` int(11) NOT NULL,
  `idEtiqueta` int(11) NOT NULL,
  PRIMARY KEY (`idProblema`,`idEtiqueta`),
  KEY `IDX_ca3fadebcb9b1bb6982d29b5fa` (`idProblema`),
  KEY `IDX_2447aa4c1da5edaff18b78c07e` (`idEtiqueta`),
  CONSTRAINT `FK_2447aa4c1da5edaff18b78c07e2` FOREIGN KEY (`idEtiqueta`) REFERENCES `etiqueta` (`idEtiqueta`) ON DELETE CASCADE ON UPDATE NO ACTION,
  CONSTRAINT `FK_ca3fadebcb9b1bb6982d29b5fa2` FOREIGN KEY (`idProblema`) REFERENCES `problema` (`idProblema`) ON DELETE CASCADE ON UPDATE NO ACTION
) ENGINE=InnoDB DEFAULT CHARSET=latin1;
/*!40101 SET character_set_client = @saved_cs_client */;

--
-- Dumping data for table `problemaetiqueta`
--

LOCK TABLES `problemaetiqueta` WRITE;
/*!40000 ALTER TABLE `problemaetiqueta` DISABLE KEYS */;
INSERT INTO `problemaetiqueta` VALUES (130,1),(130,2),(131,3),(131,4),(132,5),(132,6),(133,8),(134,9),(135,10),(136,11),(137,7),(138,7),(139,7),(140,7),(141,7),(141,12),(142,7),(143,7),(144,7),(145,13),(145,14),(151,4);
/*!40000 ALTER TABLE `problemaetiqueta` ENABLE KEYS */;
UNLOCK TABLES;

--
-- Table structure for table `resolucion`
--

DROP TABLE IF EXISTS `resolucion`;
/*!40101 SET @saved_cs_client     = @@character_set_client */;
/*!40101 SET character_set_client = utf8 */;
CREATE TABLE `resolucion` (
  `idResolucion` int(11) NOT NULL AUTO_INCREMENT,
  `idUsuario` int(11) NOT NULL,
  `idProblema` int(11) NOT NULL,
  `idSolucion` int(11) NOT NULL,
  `idTorneo` int(11) NOT NULL,
  `Token` varchar(32) NOT NULL,
  `FechaSolicitud` bigint(20) NOT NULL,
  `FechaRespuesta` bigint(20) DEFAULT NULL,
  `Respuesta` varchar(2000) DEFAULT NULL,
  `idEstado` int(11) DEFAULT NULL,
  PRIMARY KEY (`idResolucion`),
  UNIQUE KEY `Token` (`Token`),
  UNIQUE KEY `IDX_1cf8b4c66c6fea390dc7d02f1b` (`Token`),
  KEY `idUsuario` (`idUsuario`,`idSolucion`,`idTorneo`),
  KEY `idSolucion` (`idSolucion`),
  KEY `idTorneo` (`idTorneo`),
  KEY `idEstado` (`idEstado`),
  KEY `idProblema` (`idProblema`),
  CONSTRAINT `FK_40c2961fa72219484e22fd4c040` FOREIGN KEY (`idEstado`) REFERENCES `estadoresolucion` (`idEstado`),
  CONSTRAINT `FK_8b355a6936e0ee7e8ad50426ede` FOREIGN KEY (`idProblema`) REFERENCES `problema` (`idProblema`),
  CONSTRAINT `FK_cb81b6973f5fa782ec2af61799f` FOREIGN KEY (`idSolucion`) REFERENCES `solucion` (`idSolucion`),
  CONSTRAINT `FK_d0f700b1f31ce6449eb7a97a91e` FOREIGN KEY (`idUsuario`) REFERENCES `usuario` (`idUsuario`),
  CONSTRAINT `FK_de302dbba53db2c75a9a4e0fa45` FOREIGN KEY (`idTorneo`) REFERENCES `torneo` (`idTorneo`)
) ENGINE=InnoDB AUTO_INCREMENT=38567 DEFAULT CHARSET=latin1 COMMENT='Rosolución por parte de un usuario de una Solución de un Pro';
/*!40101 SET character_set_client = @saved_cs_client */;

--
-- Dumping data for table `resolucion`
--

LOCK TABLES `resolucion` WRITE;
/*!40000 ALTER TABLE `resolucion` DISABLE KEYS */;
INSERT INTO `resolucion` VALUES (38342,1,1,83,82,'5b6e6e1fc48f4d1a0eaf26778fe6effe',1581975031383,1581975098611,'6256',21),(38343,1,1,10,82,'298afbb6b9631ff742b62b9d95178198',1581975031912,NULL,NULL,1),(38344,1,1,39,82,'2f1033d46c5429d5672b21ee6e180d52',1581975098783,1581975105720,'5421',3),(38345,1,1,64,82,'1c14b5706b2ab031c1ef0d4daf00ee48',1581975099270,NULL,NULL,1),(38346,1,1,21,82,'8bd77f5e0fdeef5cdca6e9286584ea04',1581975105892,1581975110889,'10971',14),(38347,1,1,6,82,'79492c2e9e130eaeda20cf8c78fac88a',1581975106310,NULL,NULL,1),(38348,1,1,14,82,'346185adfca5b12c7e300e550e3d4e87',1581975111023,1581975139452,'9806',14),(38349,1,1,62,82,'391d0e1f19af901cf2f76c714720760e',1581975111426,NULL,NULL,1),(38350,1,1,24,82,'dd91523b7cec4bf7e305d13ff08a2c2c',1581975139583,1581975168882,'-15294',21),(38351,1,1,101,82,'803c8a407a2c7fc85eb28006e8f5a904',1581975140078,NULL,NULL,1),(38352,1,1,23,82,'cba3aea5d87d85844a308dbc158ad4c8',1581975169052,NULL,NULL,1),(38353,1,1,42,82,'9acd5d691481070804a8e75808c74249',1581975169547,NULL,NULL,1),(38354,743,2,123,96,'$2b$04$GVMInRaaGWEyMGN8cU49SeIG',1584826590516,NULL,'4003',2),(38355,743,2,137,96,'$2b$04$KlYRe/hOFooOSFKZobPMxONB',1584827036171,1584827065508,'2507',2),(38356,743,2,193,96,'$2b$04$TS3wJR73SDuB2xc19ph.He6Q',1584827367914,1584827386433,'2507',3),(38357,743,2,129,96,'$2b$04$YeZD792u2sRABSVHtN9ApO0u',1584827420270,1584827434513,'2507',3),(38358,743,1,81,82,'$2b$04$odn8aEfig5eqWb7HbTMlHueM',1588870533198,NULL,NULL,1),(38359,743,1,53,82,'$2b$04$LREqBS9FU9wnW9bLUHSrzOVr',1588951414834,1588951414868,'-8746',2),(38360,743,1,81,82,'$2b$04$8w32FNnRya8n4FLbdzTLrefU',1588951446364,1588951446384,'5220',2),(38361,743,1,23,82,'$2b$04$Hify/sfIM4UWSUvEXMJG5O.a',1588951467540,1588951472209,'-993',3),(38362,743,1,14,82,'$2b$04$xa.LTx5fbT9yL3SIgu1EceH0',1588951508374,1588951509993,'-4014',3),(38363,743,1,33,82,'$2b$04$cgmIGfaF.NHUxCN1R8induFd',1588951676484,1588951676512,'-18468',3),(38364,743,1,73,82,'$2b$04$haUC/591M8SRIlQ5JqF7teFG',1588951683080,1588951683104,'695',2),(38365,743,1,51,82,'$2b$04$t4n.hlc894biEAVL3C87cOIY',1588951684575,1588951684589,'13220',2),(38366,743,1,27,82,'$2b$04$FIcEYcmjffTsB90W5FWdWu9s',1588951685547,1588951685574,'5263',2),(38367,743,1,53,82,'$2b$04$4Vhi2SFR8zmYf08VHI3e9OsR',1588951686333,1588951686353,'-8746',2),(38368,743,1,12,82,'$2b$04$wSgxhHmPW.HoyTlSat.pmOU0',1588951687025,1588951687038,'4088',2),(38369,743,2,182,82,'$2b$04$TGvUvGj34nNLuqEu9RZTAOa2',1588951752952,1588951752970,'-571',2),(38370,743,2,190,82,'$2b$04$JB2of2p9R0aeb4pzysxHBO5k',1588951755634,1588951755650,'2589',2),(38371,743,2,164,82,'$2b$04$aFDwSC1xENPc5YQK/6Qt9.9J',1588951756500,1588951756515,'-7742',2),(38372,743,2,168,82,'$2b$04$vSi7h6FoJyQ/9gW9nHwL2./q',1588951757105,1588951757118,'2900',2),(38373,743,2,173,82,'$2b$04$8CZW4QmK8UUL3/hzjputteK1',1588951757657,1588951757670,'7371',2),(38374,743,1,66,121,'$2b$04$atLma5iQccnfy9Zu8vSK/.ho',1588966623673,1588966623689,'false',3),(38375,743,1,33,121,'$2b$04$PEItaVUwh1D4vn4QR0PXhuRI',1588966699085,1588966699097,'-5933',2),(38376,743,1,56,121,'$2b$04$JjZE215pK4cR.xkLJJG1MOuN',1588966729419,1588966729433,'10192',2),(38377,743,1,24,121,'$2b$04$2XL9SqrVvqQzs07F3pvPIuwl',1588966736029,1588966736041,'-15294',2),(38378,754,1,83,121,'$2b$04$dJEFiD8odCRfVS0wt/E/qeOh',1588967492883,1588967492898,'6256',2),(38379,754,1,1,121,'$2b$04$wV0Xyj0fc8nJr3z6.32SDOpP',1588967498231,1588967498244,'3',2),(38380,754,1,62,121,'$2b$04$UZhgi0N7ZVdEDaWbh33TZuhX',1588967498724,1588967498736,'-5088',2),(38381,754,1,4,121,'$2b$04$P/K3nX1D9V/Ko/A3V2BT7uRq',1588967498901,1588967498916,'-15095',2),(38382,754,1,54,121,'$2b$04$cl.X7wZCoYIe859yF5PPKe0M',1588967499050,1588967499062,'6307',2),(38383,754,1,36,121,'$2b$04$U/b5EXkL7v6CzujBoislievG',1588967499212,1588967499225,'-1827',2),(38384,754,1,20,121,'$2b$04$5lps9zLQZ4iCV00zPR0CFO3z',1588967499370,1588967499381,'-9103',2),(38385,754,1,70,121,'$2b$04$DhODT7cZq0b6hBh7HyVWzeUp',1588967499533,1588967499549,'10966',2),(38386,754,1,82,121,'$2b$04$15u5/3Dx8EcsFTAKLOPyL.PF',1588967499700,1588967499714,'-1703',2),(38387,754,1,59,121,'$2b$04$Y1TjVeqXRQWNabBxLjN.5O36',1588967499850,1588967499862,'-6902',2),(38388,754,1,36,121,'$2b$04$OPnfEyf1/v/lNCr2FqU4Vu2J',1588967500026,1588967500039,'-1827',2),(38389,754,1,37,121,'$2b$04$c.diYbGfnOzFX8ibLjAiaeg7',1588967500209,1588967500223,'-8889',2),(38390,754,1,50,121,'$2b$04$XqCt24jgZ7D0j.9krbMjSu32',1588967500490,1588967500504,'2826',2),(38391,754,1,100,121,'$2b$04$fLOqCl9bn2UTDiBAtZI8L.1Y',1588967500657,1588967500670,'5355',2),(38392,754,1,94,121,'$2b$04$JhcHIzL7GALxcZyXsmD8xuYZ',1588967500835,1588967500847,'-2176',2),(38393,754,1,84,121,'$2b$04$arO5a6WnMWxPfaX.0fh5C.WJ',1588967501028,1588967501044,'5421',2),(38394,754,1,78,121,'$2b$04$L9OtV8iQZ..9Y4mDCX2dhON/',1588967501217,1588967501229,'1098',2),(38395,754,1,94,121,'$2b$04$.jIPLQB/8hH67swvH/msM.Iu',1588967501386,1588967501398,'-2176',2),(38396,754,1,45,121,'$2b$04$Poomv0rcQ5iH26WdBuYah.3m',1588967501553,1588967501565,'-14025',2),(38397,754,1,41,121,'$2b$04$OjEXiWJamOZoBBfj8Y4mY.7f',1588967501713,1588967501724,'-2628',2),(38398,754,1,96,121,'$2b$04$U9Nh3KBDZZD2QT59jqpOPOvN',1588967501886,1588967501901,'10593',2),(38399,754,1,1,121,'$2b$04$GfJ8087p79ro2VH2Ps2zyuhU',1588967502042,1588967502054,'3',2),(38400,754,1,49,121,'$2b$04$J6C3PREsk4XJq5KL7EzuAOpv',1588967502193,1588967502205,'3763',2),(38401,754,1,84,121,'$2b$04$46SuDUPGi3FjbL6hnkE1.O3R',1588967502362,1588967502374,'5421',2),(38402,754,1,9,121,'$2b$04$XbkBnF47A2594r5rHsyKyeph',1588967502545,1588967502556,'6052',2),(38403,754,1,31,121,'$2b$04$oqj6ioz3xnI5pNnt1/o/7OCa',1588967502802,1588967502815,'9864',2),(38404,754,1,49,121,'$2b$04$WTo8Ri3Afbktre5NI7mWjuE1',1588967502985,1588967502998,'3763',2),(38405,754,1,94,121,'$2b$04$WTaRZ0sevc0aeES7hy2JSOk5',1588967503185,1588967503196,'-2176',2),(38406,754,1,28,121,'$2b$04$jqxsw95zLxdRNHlj5s0qZeK9',1588967503396,1588967503408,'4215',2),(38407,754,1,54,121,'$2b$04$adnW1aQfqvrPChOcKhRGgeuJ',1588967503589,1588967503606,'6307',2),(38408,754,1,25,121,'$2b$04$yIWAmzb7R4cbU6o8qlYQg.dE',1588967503785,1588967503797,'10971',2),(38409,754,1,34,121,'$2b$04$KKM/WiLzkAFb4WUdHK.D.ePZ',1588967503986,1588967503998,'7382',2),(38410,754,1,58,121,'$2b$04$2KTIWZuW6xqJTNSnsQ.QtuoZ',1588967504170,1588967504181,'-4462',2),(38411,754,1,21,121,'$2b$04$MN67ieSQQImGzM5Hpxd.QOxz',1588967504338,1588967504349,'17042',2),(38412,754,1,2,121,'$2b$04$dOwEoQ1PkIeTfzFEud5rDuoX',1588967504523,1588967504535,'9735',2),(38413,754,1,83,121,'$2b$04$mZwYIog1x7htddTDqmBsKOcr',1588967504725,1588967504736,'6256',2),(38414,754,1,57,121,'$2b$04$C6mV95SMUA.7fAN6j5tuF.nH',1588967504882,1588967504892,'-8819',2),(38415,754,1,45,121,'$2b$04$SemOYFt2/ESDCw8m5dQ91.VQ',1588967505084,1588967505096,'-14025',2),(38416,754,1,11,121,'$2b$04$dfjtzdUpo8g/Gw5BIi58pe4A',1588967505259,1588967505270,'-6578',2),(38417,754,1,39,121,'$2b$04$/9YTuDUXAsYQWll7o/38XOOV',1588967505441,1588967505452,'-6016',2),(38418,754,1,51,121,'$2b$04$pienaeFRACcM2rojQfCfKulD',1588967505601,1588967505612,'13220',2),(38419,754,1,3,121,'$2b$04$OiuXPvAkiqY6Ew0jgOaIPupR',1588967505913,1588967505924,'-6196',2),(38420,754,1,35,121,'$2b$04$Hh0sFUgfJVeZ0XY01W/tfu5t',1588967506105,1588967506118,'-9344',2),(38421,754,1,57,121,'$2b$04$HjmMeX9Z2EbPSr.HXOqN2uxH',1588967506323,1588967506336,'-8819',2),(38422,754,1,44,121,'$2b$04$VV7zr4cpP25Lnjtqr9yRG.zU',1588967506513,1588967506525,'-550',2),(38423,754,1,22,121,'$2b$04$xI0AD6qXwu8WbWehp7peMu1V',1588967506682,1588967506692,'12082',2),(38424,754,1,84,121,'$2b$04$gNMq4KNEG3JOmeBM/ZuXDuRr',1588967506856,1588967506868,'5421',2),(38425,754,1,75,121,'$2b$04$PY6YQ2e3nZ52GhLwUpx5ru.Q',1588967507017,1588967507029,'-16534',2),(38426,754,1,2,121,'$2b$04$crtGGW2pHRXYVbKr5wkiF.Ex',1588967507186,1588967507198,'9735',2),(38427,754,1,100,121,'$2b$04$GoL.xUoQyvIhG/fRFn8HqOnb',1588967507338,1588967507348,'5355',2),(38428,754,1,90,121,'$2b$04$TPQKkp2ro2rFYa05tSTDDuWN',1588967507505,1588967507516,'-7970',2),(38429,754,1,85,121,'$2b$04$DloHcQmpAu5mP9Wt6e/xme08',1588967507673,1588967507684,'-5470',2),(38430,754,1,78,121,'$2b$04$W12lTRBPQvddl0C2O6gD0.4A',1588967507833,1588967507844,'1098',2),(38431,754,1,43,121,'$2b$04$QuLoBba1aOwq5ZtC3rQAc.Py',1588967507977,1588967507989,'-2838',2),(38432,754,1,41,121,'$2b$04$JIh2tGzDILE3959LbzpX4ul2',1588967508137,1588967508147,'-2628',2),(38433,754,1,75,121,'$2b$04$YsRwg8xtWOKm.tDpt0Rz1e9M',1588967508297,1588967508307,'-16534',2),(38434,754,1,61,121,'$2b$04$b56NofP4KjLZK6IAzgq0ZOHf',1588967508460,1588967508471,'-7105',2),(38435,754,1,95,121,'$2b$04$9TpOuw4YQpfnyadvgR6YkOz.',1588967508617,1588967508629,'4894',2),(38436,754,1,72,121,'$2b$04$5D2wo3AhCEda.PEXaJwHKulC',1588967508784,1588967508796,'-7059',2),(38437,754,1,20,121,'$2b$04$wj1NkqjVf.hS0DBlIDxQHuGF',1588967508937,1588967508948,'-9103',2),(38438,743,1,21,82,'$2b$04$TOz9G1HYgsFqO9AOmAKloudT',1588973714781,1588973714805,'17042',2),(38439,743,1,32,82,'$2b$04$hIAWD1SKHGDEMMh10izNEOUF',1588973721911,1588973721924,'-6305',2),(38440,743,1,100,82,'$2b$04$XBOTVt6Lx.4iKqiPRVBgSeJL',1588973730503,1588973730516,'5355',2),(38441,743,1,40,82,'$2b$04$X5ZVcTIO4ZUXFCy8r9SKB.2D',1588973876136,1588973876181,'-1109',2),(38442,743,1,82,82,'$2b$04$LlwxE6HYOKlz8/32bMvM/uGH',1588973939008,1588973939045,'-1703',2),(38443,743,1,57,82,'$2b$04$XTXAj41THO1QLmXQiatBw.Pd',1588973989234,1588973989277,'-8819',2),(38444,743,1,99,82,'$2b$04$am5jl3NagBdbiKDzIVLIqOXJ',1588974019322,1588974019338,'2149',2),(38445,743,1,47,82,'$2b$04$7c3MQHSQZJtx458ez56TN.x0',1588974085570,1588974085603,'11843',2),(38446,743,1,30,82,'$2b$04$0sG.6bFUBCgFl0h71gaRDeLI',1588974087363,1588974087377,'-1542',2),(38447,743,1,16,82,'$2b$04$JD9HQPe6RuPrXBbqvJ1R/OKW',1588974088052,1588974088066,'-4524',2),(38448,743,1,5,82,'$2b$04$QHCERCMkitv/H9cMtI97m.zM',1588974088488,1588974088506,'-1595',2),(38449,743,1,91,82,'$2b$04$zjw7cKdr3xD6f6HowqonCup3',1588974089042,1588974089054,'3985',2),(38450,743,1,43,114,'$2b$04$l7r6ohim814CBdWsqPCbyOZ9',1588974169756,1588974169772,'-2838',2),(38451,743,1,2,114,'$2b$04$xx6dELPKc3lYnzXgF3sgJOSM',1588974187821,1588974187851,'9735',2),(38452,743,1,33,82,'$2b$04$.IAjlWxu7D2F8lpSUVtX/OTE',1589150095123,1589150095151,'-5933',2),(38453,743,1,86,123,'$2b$04$Iv/q70YbmnL9RLewvMAE3u5f',1589150212314,1589150212330,'-9198',2),(38454,743,1,76,123,'$2b$04$MPG67ONGBOP30pq0mCWzyuE/',1589150215403,1589150215426,'12867',2),(38455,743,1,94,123,'$2b$04$K47htUELfDX3bRejJN03BOoj',1589150216504,1589150216518,'-2176',2),(38456,743,1,77,124,'$2b$04$/YY9a64KPDy0hsh9bFmfw.tH',1589150452252,1589150452268,'-6952',2),(38457,743,1,75,124,'$2b$04$kBb7MlwkXQbi0/bN7GqCOu0F',1589150454297,1589150454309,'-16534',2),(38458,743,1,78,124,'$2b$04$WJjW71l4BMx7olrd1DY3Vupt',1589150455342,1589150455354,'1098',2),(38459,743,1,60,124,'$2b$04$tESI/MhyHJgfGD27azKuROl8',1589150523644,1589150523667,'-6644',2),(38460,743,1,86,124,'$2b$04$ZgcWdaiwSPezMJtU72VvMuW.',1589150534045,1589150534063,'-9198',2),(38461,743,1,96,124,'$2b$04$YPJqwp.dAj2Pf.NXX.UVauW7',1589150555379,1589150555405,'10593',2),(38462,743,1,21,124,'$2b$04$V7tdaUmCAZbjw54vKJtH0epZ',1589150608327,1589150608344,'17042',2),(38463,743,1,57,125,'$2b$04$Hs8vnysVZHyeepas3SHhueVU',1589150699131,1589150699147,'-8819',2),(38464,743,1,35,125,'$2b$04$lpkVw4c4yAqvluf/Yl4JpuMk',1589150701041,1589150701054,'-9344',2),(38465,743,1,85,125,'$2b$04$ZgmNFXzBCFe9ERbis3pkcu8G',1589150703272,1589150703285,'-5470',2),(38466,743,2,105,125,'$2b$04$MTnhtmE30K06VNObH2uT8ehP',1589156857699,1589156857725,'2360',2),(38467,743,2,193,125,'$2b$04$iYNgtRjVgqeA7tYqPb8hXOds',1589156860846,1589156860859,'-4611',2),(38468,743,2,152,125,'$2b$04$xzRRvQ14yVkMKJEQjRQG0uqB',1589156863340,1589156863352,'4539',2),(38469,752,1,99,125,'$2b$04$pGlreA5NwXELGplfD3EsCeTM',1589157093364,1589157093380,'2149',2),(38470,752,1,101,125,'$2b$04$Q2u/RNYRCM0rngF5rlmiJul/',1589157095686,1589157095699,'-8388',2),(38471,752,1,21,125,'$2b$04$a6teVm9axmZzMpMCEGnsB..c',1589157099911,1589157099923,'17042',2),(38472,753,1,100,82,'$2b$04$ILZrHLmjexWYrER.lJJKdOfJ',1589163794682,1589163794710,'-1006',3),(38473,753,1,15,82,'$2b$04$F2P/gZBWBXsvYuYRZD4yn./i',1589163830306,1589163830325,'7482',2),(38474,753,1,31,82,'$2b$04$FCyr5CQGj9dmcFtKmgdR9eZU',1589163832543,1589163832558,'9864',2),(38475,753,1,93,82,'$2b$04$YIjAiARdOrE5Rtlonv.pTudz',1589163834759,1589163834773,'-7325',2),(38476,753,1,71,82,'$2b$04$Ej.r9H2dk31ud9fUZiixfuGm',1589163838825,1589163838838,'6468',2),(38477,753,2,159,82,'$2b$04$KKmOtfP35Ua34VAVBP4TN.Sf',1589163959276,1589163959296,'1016',3),(38478,753,1,80,82,'$2b$04$FsaaQsxGBpZOuI6Mz47.ou2D',1589163964906,1589163964925,'12295',2),(38479,753,1,42,82,'$2b$04$9pieDZyCWfRRUBfAy60DmuwP',1589163965452,1589163965466,'9346',2),(38480,753,1,48,82,'$2b$04$JQJbTFvPkTRdanzul/I8P.KL',1589163965942,1589163965959,'7560',2),(38481,753,1,10,82,'$2b$04$f.YmEEgTJLfgg1jPc0VABeHR',1589163966405,1589163966420,'13607',2),(38482,753,1,102,82,'$2b$04$8pIE//gi2yQ9F8P5HcJ6uOXj',1589163966615,1589163966630,'-2324',2),(38483,753,1,102,82,'$2b$04$0JM8Kk72KdveTmyPtLqIEe/o',1589163966823,1589163966846,'-2324',2),(38484,753,1,48,82,'$2b$04$9VHcqn59z0/xEoHIryc1buV9',1589163967033,1589163967053,'7560',2),(38485,753,1,36,82,'$2b$04$VOA3JMOyrK7GTOFnFnBCgugf',1589163967218,1589163967234,'-1827',2),(38486,753,1,71,82,'$2b$04$HN/ivmLZQFkSLO05BZKEm.Hc',1589163967584,1589163967601,'6468',2),(38487,753,1,79,82,'$2b$04$mVO5PIgf/dHCmzTMHatHzu/d',1589163967926,1589163967940,'10252',2),(38488,753,1,38,82,'$2b$04$BkjQ44ckNcJskak/IZ6acOAk',1589163968103,1589163968123,'-5647',2),(38489,757,1,88,82,'$2b$04$K/kqzDs9wtOTRKaazMwjx.yK',1589168172770,1589168172789,'18646',2),(38490,757,1,26,82,'$2b$04$3mSr8JVt6uQs/a0gDYgzV..q',1589168187601,1589168187618,'-12909',2),(38491,757,1,25,82,'$2b$04$tK2.4E2x26FPx1pXKGWSF.TS',1589168190539,1589168190553,'10971',2),(38492,757,1,64,82,'$2b$04$9Mi5wAGU.L2Jd7fE.q2OQ.W5',1589168199498,1589168200695,'4384',3),(38493,757,1,102,82,'$2b$04$KG3lPG4a6MJOADH469utmeD9',1589168208037,1589168208053,'5626',3),(38494,757,1,101,82,'$2b$04$reM.PZscOjwPwcw9QaYtzu.n',1589168208971,1589168208983,'2588',3),(38495,757,1,40,82,'$2b$04$uaeNJ8fgZW1eehXACkAlk.DX',1589168302040,1589168302057,'-12112',3),(38496,757,1,58,82,'$2b$04$hbPFVQAFipoeocQ.QlVb8u89',1589168348887,1589168348902,'-9910',3),(38497,757,1,62,82,'$2b$04$er4mi4s3CTVfwNCTwIDC.eV5',1589168423239,1589168423258,'-5088',2),(38498,757,1,28,82,'$2b$04$bVhbM5nWMDHAEzl/rmK7KuBL',1589168424919,1589168424936,'4215',2),(38499,757,1,31,82,'$2b$04$S/PXALANSM0nnCZil.KVHOJw',1589168425659,1589168425673,'9864',2),(38500,757,1,97,82,'$2b$04$O2Zp9rZnmYedzxdN0Dh2yu/f',1589168426507,1589168426525,'8336',2),(38501,757,1,2,82,'$2b$04$mxDimP65IqPZaIzZD0GrW.yh',1589168426896,1589168426914,'9735',2),(38502,757,1,68,82,'$2b$04$DKUJqZxQdYZXzIHqZxIDTOvt',1589168427285,1589168427301,'-5037',2),(38503,757,1,33,82,'$2b$04$ECAybhe3op0PxfzvRa2Ne.1T',1589168430884,1589168430904,'-5933',2),(38504,757,1,81,125,'$2b$04$ZW.IwxDTm2B0zrQn6QopmuJ/',1589168467243,1589168467264,'5220',2),(38505,757,1,84,125,'$2b$04$wRlUN1EGMvc9CGFcQJHsEuX/',1589168468116,1589168468130,'5421',2),(38506,757,1,30,125,'$2b$04$XHUKopvkAlE/gkZkkLrd4OHP',1589168468875,1589168468888,'-1542',2),(38507,757,1,23,125,'$2b$04$dw3WsTtBnS4t/gF10hNjt.6m',1589168469668,1589168469683,'-9137',2),(38508,757,1,69,125,'$2b$04$gJeOUHthd74IzgLDnsqqdu12',1589168470658,1589168470671,'-15493',2),(38509,757,1,80,125,'$2b$04$p6Z5oJeflzdTZhqr35w72.wF',1589168471779,1589168471791,'12295',2),(38510,757,1,82,125,'$2b$04$bQ7uujOQx.0G2uesWDNLeelo',1589168472481,1589168472505,'-1703',2),(38511,757,1,84,125,'$2b$04$Fat.ngDSwm2l6lkphzDoM.Eb',1589168472654,1589168472670,'5421',2),(38512,757,1,32,125,'$2b$04$MrNB9hpMSu4ijgOJ3/yxMOqj',1589168473194,1589168473210,'-6305',2),(38513,757,1,31,125,'$2b$04$5puuQhWpX8Jqxl.DLy92mOCN',1589168479576,1589168479592,'9864',2),(38514,757,1,67,125,'$2b$04$03fYJfmVGgcAizMeMqXeP.VH',1589168479771,1589168479787,'14474',2),(38515,757,1,67,125,'$2b$04$npfRjuulcsyV51NtO08B2OO9',1589168479957,1589168479974,'14474',2),(38516,757,1,100,125,'$2b$04$Yc92hRjAJl3Db1JpTMPiVepO',1589168480149,1589168480164,'5355',2),(38517,757,1,98,125,'$2b$04$JVlSNcW1iqIt5eEZ0vB3Dudr',1589168480369,1589168480386,'9806',2),(38518,757,1,26,125,'$2b$04$8ChuT7AHr0YghhmMmlwz9e8K',1589168480548,1589168480567,'-12909',2),(38519,743,1,89,124,'$2b$04$jYXTz3ubrKlG55L2w84ov.BG',1589399932290,1589399932328,'12223',2),(38520,743,1,29,124,'$2b$04$D9zP.CZp0w0ecUTwe01PZuxz',1589399932978,1589399932990,'7851',2),(38521,743,1,18,124,'$2b$04$TlCi3RaV0ZdSp4krzu1d5O6S',1589399933431,1589399933447,'-3973',2),(38522,743,1,74,124,'$2b$04$LqjebvToyPIWUXufstb14Oi9',1589399934221,1589399934236,'5992',2),(38523,743,1,81,124,'$2b$04$TvUd8x3ykZuz3MRiDtqAk.Xq',1589399935209,1589399935224,'5220',2),(38524,743,1,100,124,'$2b$04$4P9VwTEg7Wg6djiEBrFSHeLA',1589399935711,1589399935729,'5355',2),(38525,743,1,61,82,'$2b$04$pX/6HRI70zn2KRG1ekmxK.0j',1590254286927,1590254286988,'-7105',2),(38526,743,1,55,82,'$2b$04$kxL7LoLXZygStyaXeh/YXOZN',1590254299510,1590254299560,'-4470',2),(38527,743,1,24,82,'$2b$04$5Mp65es5/CcpBUEEyRaaluSQ',1591232493898,NULL,NULL,1),(38528,743,1,92,82,'$2b$04$Ei0kd9VGHfwqS5ZRWzqdt.DV',1591232497323,NULL,NULL,1),(38529,743,1,46,82,'$2b$04$YIBAAy3kZX/qS0Uu5lzXAu2b',1591232498184,NULL,NULL,1),(38530,743,1,98,82,'$2b$04$Wvc28YgOygOfyynWCW9lh.WK',1591232499731,NULL,NULL,1),(38531,743,1,90,82,'$2b$04$2Gsd9zKyotaYwvzStHPSj.tP',1591232507283,NULL,NULL,1),(38532,743,1,12,82,'$2b$04$dVYQf.fGZx3DuVSFiCu8Bu85',1591232566866,NULL,NULL,1),(38533,743,1,86,82,'$2b$04$Hbk83cElizjOQTFw8gmSouYj',1591232622120,NULL,NULL,1),(38534,743,1,79,82,'$2b$04$i728k0dPx/nKVVGMiWbgM.cx',1591232990815,1591232990846,'10252',2),(38535,743,1,47,82,'$2b$04$cunUitvC2V3O2Y7YDppwceDV',1591232993863,1591232993882,'11843',2),(38536,743,1,40,82,'$2b$04$TM2kvsL4thZjobE8KuWM9.wA',1591232995758,1591232995777,'-1109',2),(38537,743,1,41,82,'$2b$04$57dAeP9m1rHocQwkE47J2OQs',1592242640972,1592242641138,'-2628',2),(38538,743,1,42,82,'$2b$04$jygIfWUirmI884BskkDblOQz',1592242642503,1592242642589,'9346',2),(38539,743,1,17,82,'$2b$04$WvmOcPII/Iny3QeWnUh1b.bW',1592242643362,1592242643421,'1857',2),(38540,743,1,14,82,'$2b$04$jRcuKBr3isOlKL0l/ULGk.9S',1592242644236,1592242644288,'-11801',2),(38541,743,1,8,82,'$2b$04$SQWUY5F3pMCeNYdf1YlCI.gj',1592242866396,1592242866488,'-8352',2),(38542,743,1,51,82,'$2b$04$uhBC13eAtdRSCOn65KXzkOPy',1592243029815,1592243029891,'13220',2),(38543,743,1,12,129,'$2b$04$C7TorwxvZyZH2lO0wu8TyeeO',1592243113908,1592243113928,'4088',2),(38544,743,1,29,129,'$2b$04$7Cnc6ePL5mUmVgXpjj63BePS',1592243114595,1592243114612,'7851',2),(38545,743,1,46,129,'$2b$04$uTeyEMwxoATboplxVQveheVo',1592243115273,1592243115295,'345',2),(38546,743,1,67,129,'$2b$04$3zCPxkFkOEBPqKvxoeR1SeVL',1592243117954,1592243117975,'14474',2),(38547,743,1,45,129,'$2b$04$AEjnxcJjZwunAfDU6B.4A.qg',1592243123478,1592243123500,'-14025',2),(38548,743,1,85,129,'$2b$04$rXGeC2BU/AIBlN8FJKynoe8R',1592243123629,1592243123649,'-5470',2),(38549,743,1,47,129,'$2b$04$WyPswoW7tPUVffmbof6viunt',1592243123804,1592243123820,'11843',2),(38550,743,1,61,129,'$2b$04$9rDPmyBjuQj53DV7JL57Gu5v',1592243294714,1592243294750,'-7105',2),(38551,743,1,49,129,'$2b$04$prTjocGHTagSezadaY/ueOCT',1592243460125,1592243460143,'3763',2),(38552,743,1,19,129,'$2b$04$IuzAye70DBT/4aCVzXXYVenr',1592243463769,1592243463785,'2850',2),(38553,743,1,84,129,'$2b$04$XY2WqMvw.rHRpaQIQkRKTeXi',1592243500903,1592243500925,'5421',2),(38554,743,1,17,129,'$2b$04$OqtRG0RRgRtZ2QYq3X71I.Mf',1592243505698,1592243505717,'-854',3),(38555,743,1,41,129,'$2b$04$sLxEyeCGRo8Qf1e8VmbcN.Sf',1592243581080,1592243581108,'12726',3),(38556,743,1,70,82,'$2b$04$aiB6cXlcKhWvqwgdZpoAXOp8',1592243695421,1592243695513,'10966',2),(38557,743,1,11,82,'$2b$04$Rh.2l.LP5hwRoNijUfhZde0w',1592243697337,1592243697396,'-6578',2),(38558,743,1,69,82,'$2b$04$9TjDkNqDmJlaM9OacMUkx.zm',1592244053409,1592244053494,'-15493',2),(38559,743,1,35,82,'$2b$04$o0CPB8gUhUVwdU1Cm7uDxe96',1592244054265,1592244054330,'-9344',2),(38560,743,1,66,82,'$2b$04$aeO9bz5eVoapwkbcZOOzZO.2',1592244055066,1592244055094,'5924',2),(38561,743,1,44,82,'$2b$04$/D9Qx.GhKc97/RsvVcpvXOqO',1592244055726,1592244055756,'-550',2),(38562,743,1,22,82,'$2b$04$bWEcXP6wVbomTrw8QBg5tuvt',1592244056234,1592244056271,'12082',2),(38563,743,1,100,82,'$2b$04$8zIyeKx6rhtIXMduHOj0yefI',1592244056625,1592244056655,'5355',2),(38564,743,1,31,82,'$2b$04$bqJJQhzVlhQFn.dNmaAw5uif',1592244056803,1592244056837,'9864',2),(38565,743,1,85,82,'$2b$04$jMhhaaKru1g1m9isB53fgOFm',1592244056988,1592244057037,'-5470',2),(38566,743,1,29,82,'$2b$04$XyvFK5a4Kc4mfd/XR0JWj.7M',1592244060099,1592244060138,'7851',2);
/*!40000 ALTER TABLE `resolucion` ENABLE KEYS */;
UNLOCK TABLES;

--
-- Table structure for table `rol`
--

DROP TABLE IF EXISTS `rol`;
/*!40101 SET @saved_cs_client     = @@character_set_client */;
/*!40101 SET character_set_client = utf8 */;
CREATE TABLE `rol` (
  `idRol` int(11) NOT NULL AUTO_INCREMENT,
  `Rol` varchar(100) NOT NULL,
  PRIMARY KEY (`idRol`)
) ENGINE=InnoDB AUTO_INCREMENT=4 DEFAULT CHARSET=latin1;
/*!40101 SET character_set_client = @saved_cs_client */;

--
-- Dumping data for table `rol`
--

LOCK TABLES `rol` WRITE;
/*!40000 ALTER TABLE `rol` DISABLE KEYS */;
INSERT INTO `rol` VALUES (1,'Administrador'),(2,'Jugador'),(3,'Docente');
/*!40000 ALTER TABLE `rol` ENABLE KEYS */;
UNLOCK TABLES;

--
-- Table structure for table `solucion`
--

DROP TABLE IF EXISTS `solucion`;
/*!40101 SET @saved_cs_client     = @@character_set_client */;
/*!40101 SET character_set_client = utf8 */;
CREATE TABLE `solucion` (
  `idSolucion` int(11) NOT NULL AUTO_INCREMENT,
  `idProblema` int(11) NOT NULL,
  `ParametrosEntrada` varchar(2000) NOT NULL,
  `Salida` varchar(2000) NOT NULL,
  PRIMARY KEY (`idSolucion`),
  KEY `idProblema` (`idProblema`),
  CONSTRAINT `FK_b740ab5918e0efc7ebada2a088c` FOREIGN KEY (`idProblema`) REFERENCES `problema` (`idProblema`)
) ENGINE=InnoDB AUTO_INCREMENT=10180 DEFAULT CHARSET=latin1 COMMENT='Solución de un Problema dados Parámetros de Entrada';
/*!40101 SET character_set_client = @saved_cs_client */;

--
-- Dumping data for table `solucion`
--

LOCK TABLES `solucion` WRITE;
/*!40000 ALTER TABLE `solucion` DISABLE KEYS */;
INSERT INTO `solucion` VALUES (1,151,'1,2','3'),(2,151,'10000,-265','9735'),(3,151,'3185,-9381','-6196'),(4,151,'-7901,-7194','-15095'),(5,151,'2431,-4026','-1595'),(6,151,'135,1801','1936'),(7,151,'9025,590','9615'),(8,151,'-2559,-5793','-8352'),(9,151,'3843,2209','6052'),(10,151,'5033,8574','13607'),(11,151,'1603,-8181','-6578'),(12,151,'-4870,8958','4088'),(13,151,'-9135,686','-8449'),(14,151,'-4016,-7785','-11801'),(15,151,'9429,-1947','7482'),(16,151,'-604,-3920','-4524'),(17,151,'2284,-427','1857'),(18,151,'559,-4532','-3973'),(19,151,'192,2658','2850'),(20,151,'-1726,-7377','-9103'),(21,151,'8633,8409','17042'),(22,151,'4424,7658','12082'),(23,151,'-1001,-8136','-9137'),(24,151,'-8136,-7158','-15294'),(25,151,'4074,6897','10971'),(26,151,'-8585,-4324','-12909'),(27,151,'8717,-3454','5263'),(28,151,'-5367,9582','4215'),(29,151,'7233,618','7851'),(30,151,'-8203,6661','-1542'),(31,151,'8671,1193','9864'),(32,151,'-7259,954','-6305'),(33,151,'-9234,3301','-5933'),(34,151,'6423,959','7382'),(35,151,'-4041,-5303','-9344'),(36,151,'3582,-5409','-1827'),(37,151,'-6895,-1994','-8889'),(38,151,'-7752,2105','-5647'),(39,151,'-129,-5887','-6016'),(40,151,'4947,-6056','-1109'),(41,151,'-8991,6363','-2628'),(42,151,'-380,9726','9346'),(43,151,'-7091,4253','-2838'),(44,151,'9308,-9858','-550'),(45,151,'-5129,-8896','-14025'),(46,151,'6804,-6459','345'),(47,151,'2298,9545','11843'),(48,151,'4496,3064','7560'),(49,151,'2845,918','3763'),(50,151,'-5978,8804','2826'),(51,151,'5615,7605','13220'),(52,151,'-6605,8721','2116'),(53,151,'-4390,-4356','-8746'),(54,151,'826,5481','6307'),(55,151,'-243,-4227','-4470'),(56,151,'9425,767','10192'),(57,151,'-7864,-955','-8819'),(58,151,'493,-4955','-4462'),(59,151,'-6702,-200','-6902'),(60,151,'-4813,-1831','-6644'),(61,151,'905,-8010','-7105'),(62,151,'1710,-6798','-5088'),(63,151,'-8465,-3794','-12259'),(64,151,'6267,4381','10648'),(65,151,'7124,-9711','-2587'),(66,151,'3185,2739','5924'),(67,151,'7894,6580','14474'),(68,151,'1459,-6496','-5037'),(69,151,'-7777,-7716','-15493'),(70,151,'8985,1981','10966'),(71,151,'-1942,8410','6468'),(72,151,'-7253,194','-7059'),(73,151,'-2545,3240','695'),(74,151,'5239,753','5992'),(75,151,'-6960,-9574','-16534'),(76,151,'8922,3945','12867'),(77,151,'-7584,632','-6952'),(78,151,'7147,-6049','1098'),(79,151,'6838,3414','10252'),(80,151,'8333,3962','12295'),(81,151,'3703,1517','5220'),(82,151,'-3300,1597','-1703'),(83,151,'-1904,8160','6256'),(84,151,'5101,320','5421'),(85,151,'-9556,4086','-5470'),(86,151,'-7700,-1498','-9198'),(87,151,'2495,-4953','-2458'),(88,151,'8696,9950','18646'),(89,151,'8288,3935','12223'),(90,151,'703,-8673','-7970'),(91,151,'4361,-376','3985'),(92,151,'5273,6778','12051'),(93,151,'-9744,2419','-7325'),(94,151,'-9271,7095','-2176'),(95,151,'-4168,9062','4894'),(96,151,'1057,9536','10593'),(97,151,'578,7758','8336'),(98,151,'1132,8674','9806'),(99,151,'5917,-3768','2149'),(100,151,'-1006,6361','5355'),(101,151,'-9682,1294','-8388'),(102,151,'-5137,2813','-2324'),(103,2,'-1611,3910','3910'),(104,2,'3328,-1442','3328'),(105,2,'276,2360','2360'),(106,2,'-8001,7583','7583'),(107,2,'1244,-5922','1244'),(108,2,'-2044,-7833','-2044'),(109,2,'-751,2762','2762'),(110,2,'-120,-7277','-120'),(111,2,'-7162,-4143','-4143'),(112,2,'6074,-938','6074'),(113,2,'9358,-8151','9358'),(114,2,'-3027,-7171','-3027'),(115,2,'7562,-5387','7562'),(116,2,'-1081,4669','4669'),(117,2,'978,8339','8339'),(118,2,'-911,9367','9367'),(119,2,'2249,-7583','2249'),(120,2,'-2075,-7475','-2075'),(121,2,'4777,-76','4777'),(122,2,'-9893,-3980','-3980'),(123,2,'4003,-1937','4003'),(124,2,'-1812,-6749','-1812'),(125,2,'-9175,8069','8069'),(126,2,'-4025,-6336','-4025'),(127,2,'-6074,-7951','-6074'),(128,2,'2726,-6717','2726'),(129,2,'-6101,9699','9699'),(130,2,'-3888,-8540','-3888'),(131,2,'-5688,5032','5032'),(132,2,'6129,5290','6129'),(133,2,'3371,-4782','3371'),(134,2,'4657,-4380','4657'),(135,2,'-2365,-7418','-2365'),(136,2,'-1855,-7589','-1855'),(137,2,'2507,-1747','2507'),(138,2,'-1568,-3491','-1568'),(139,2,'6316,6621','6621'),(140,2,'-239,7141','7141'),(141,2,'4689,5737','5737'),(142,2,'-9196,8615','8615'),(143,2,'7786,3531','7786'),(144,2,'-8102,-8316','-8102'),(145,2,'3230,-1989','3230'),(146,2,'-6855,7542','7542'),(147,2,'-6958,9274','9274'),(148,2,'2832,6413','6413'),(149,2,'-5508,-2511','-2511'),(150,2,'-7968,2128','2128'),(151,2,'71,178','178'),(152,2,'4539,-7423','4539'),(153,2,'8431,-7029','8431'),(154,2,'-913,4747','4747'),(155,2,'9592,8848','9592'),(156,2,'1887,4281','4281'),(157,2,'4584,2692','4584'),(158,2,'2895,2370','2895'),(159,2,'-3777,4793','4793'),(160,2,'4055,9454','9454'),(161,2,'-7197,7200','7200'),(162,2,'6996,-4154','6996'),(163,2,'6474,-173','6474'),(164,2,'-7742,-9035','-7742'),(165,2,'7317,-5709','7317'),(166,2,'3093,-2613','3093'),(167,2,'4470,-2368','4470'),(168,2,'-35,2900','2900'),(169,2,'604,9052','9052'),(170,2,'-2354,196','196'),(171,2,'7900,9534','9534'),(172,2,'-5524,2483','2483'),(173,2,'2226,7371','7371'),(174,2,'-5148,8450','8450'),(175,2,'2164,8907','8907'),(176,2,'7903,4968','7903'),(177,2,'6107,4898','6107'),(178,2,'-9186,2580','2580'),(179,2,'-5275,-6927','-5275'),(180,2,'3546,-7959','3546'),(181,2,'-2636,-3361','-2636'),(182,2,'-571,-8167','-571'),(183,2,'4272,9395','9395'),(184,2,'4734,-5124','4734'),(185,2,'8446,-7620','8446'),(186,2,'5072,6345','6345'),(187,2,'-8087,9548','9548'),(188,2,'-1172,4140','4140'),(189,2,'6918,3681','6918'),(190,2,'2589,-918','2589'),(191,2,'2588,491','2588'),(192,2,'-5950,-1306','-1306'),(193,2,'-4611,-5136','-4611'),(194,2,'-8726,114','114'),(195,2,'-2063,4821','4821'),(196,2,'2155,5302','5302'),(197,2,'-8541,-8416','-8416'),(198,2,'7136,5732','7136'),(199,2,'-9022,1869','1869'),(200,2,'-9393,9425','9425'),(201,2,'4249,5679','5679'),(202,2,'5770,6163','6163'),(403,3,'2649,3883','25322769.89'),(404,3,'624,3108','29123468.68'),(405,3,'6477,9587','156950953.04'),(406,3,'335,3528','38750159.94'),(407,3,'218,791','1816333.78'),(408,3,'1930,8326','206080234.54'),(409,3,'5236,7804','105201633.54'),(410,3,'1199,9041','252276424.6'),(411,3,'4248,9322','216311786.06'),(412,3,'4911,9303','196122994.32'),(413,3,'9080,9827','44370374.95'),(414,3,'7568,9474','102045375.94'),(415,3,'221,1913','11343436.56'),(416,3,'1980,4995','66066515.41'),(417,3,'1288,2843','20180664.44'),(418,3,'6726,9524','142840363.98'),(419,3,'147,3937','48626702.07'),(420,3,'3523,9834','264823779.15'),(421,3,'168,6624','137756173.79'),(422,3,'7051,7414','16495859'),(423,3,'386,5377','90362047.33'),(424,3,'8190,9344','63567727.17'),(425,3,'543,612','250369.23'),(426,3,'7231,9934','145760458.64'),(427,3,'2141,4790','57680329.13'),(428,3,'4616,9237','201108152.08'),(429,3,'1221,6804','140754582.07'),(430,3,'3133,4090','21715979.62'),(431,3,'7024,9085','104302914.99'),(432,3,'5112,9867','223760392.28'),(433,3,'372,4635','67056795.68'),(434,3,'4309,6593','78226184.86'),(435,3,'4782,6426','57886835.44'),(436,3,'1405,7832','186504414.65'),(437,3,'4882,6594','61722594.4'),(438,3,'6980,8819','91276967.07'),(439,3,'258,8162','209078268.97'),(440,3,'870,5169','81560963.47'),(441,3,'2399,8705','219980047.87'),(442,3,'804,3495','36343857.05'),(443,3,'40,4539','64719702.07'),(444,3,'5760,8111','102449601.52'),(445,3,'2200,6843','131904948.05'),(446,3,'3867,8892','201419992.85'),(447,3,'1284,4003','45161503.38'),(448,3,'1656,3733','35163698.92'),(449,3,'325,8638','234078243.35'),(450,3,'3419,5964','75020400.05'),(451,3,'3795,6751','97935933.98'),(452,3,'3345,4823','37926261.56'),(453,3,'3641,8677','194883824.51'),(454,3,'324,8935','250476822.93'),(455,3,'1803,5492','84544201.01'),(456,3,'508,9805','301215781.1'),(457,3,'608,7891','194458983.8'),(458,3,'2430,4002','31764970.05'),(459,3,'647,2112','12698113.3'),(460,3,'7489,8189','34477722.74'),(461,3,'4312,7080','99064017.07'),(462,3,'1356,5595','92567935.46'),(463,3,'1083,5088','77644006.9'),(464,3,'7251,9720','131637127.27'),(465,3,'3215,5413','59578243.79'),(466,3,'2164,3138','16223649.42'),(467,3,'7010,7960','44678159.92'),(468,3,'5508,5686','6259723.89'),(469,3,'1601,5832','98800019.62'),(470,3,'3404,4621','30682129.03'),(471,3,'1323,4425','56015526.92'),(472,3,'3911,9214','218660739.18'),(473,3,'5032,7912','117114552.89'),(474,3,'1643,5679','92839064.33'),(475,3,'24,9831','303628599.66'),(476,3,'3168,4335','27507788.42'),(477,3,'4523,6911','85779277.32'),(478,3,'7993,9930','109066204.06'),(479,3,'7180,9611','128236422.34'),(480,3,'5024,7712','107550439.01'),(481,3,'395,850','1779633.7'),(482,3,'7187,7404','9947058.31'),(483,3,'2695,8810','221020703.58'),(484,3,'410,3090','29468139.09'),(485,3,'7710,8527','41675202.61'),(486,3,'3814,9850','259105694.1'),(487,3,'2135,7724','173107884.46'),(488,3,'7167,9063','96673340.46'),(489,3,'706,5636','98225224.4'),(490,3,'2845,5659','75179116.45'),(491,3,'536,6012','112647610.26'),(492,3,'7447,9993','139493750.99'),(493,3,'535,9923','308440636.82'),(494,3,'145,5440','92904984.37'),(495,3,'3152,7103','127289496.05'),(496,3,'5169,7497','92634408.42'),(497,3,'2356,4001','32852466.9'),(498,3,'2810,4900','50623309.86'),(499,3,'5050,7989','120390923.01'),(500,3,'3220,3576','7600693.87'),(501,3,'5699,7033','53358342.73'),(502,3,'3426,7833','155880841.76'),(503,3,'5748,9107','156759017.44'),(504,3,'837,1668','6539712.06'),(505,3,'4236,8810','187466386.03'),(506,3,'5894,9178','155497677.42'),(507,3,'4303,5962','53500176.21'),(508,3,'56,1784','9988756.67'),(509,3,'1348,8741','234325040.59'),(510,3,'1175,1248','555681.77'),(511,3,'410,5264','86524475.66'),(512,3,'2659,8804','221294210.63'),(513,3,'650,9288','269688274.62'),(514,3,'131,9758','299084028.28'),(515,3,'1000,1440','3372813.87'),(516,3,'5766,7719','82737628.15'),(517,3,'2227,3916','32595679.4'),(518,3,'1333,5919','104482058.03'),(519,3,'6756,9663','149948321.03'),(520,3,'3000,3899','19484789.1'),(521,3,'5565,8894','151217455.35'),(522,3,'1527,3076','22399703.27'),(523,3,'3132,3197','1292404.09'),(524,3,'3310,4544','30447800.78'),(525,3,'1872,4484','52156319.11'),(526,3,'5792,7136','54585901.21'),(527,3,'4894,8450','149072542.39'),(528,3,'5543,5939','14284419.67'),(529,3,'6070,7738','72356357.75'),(530,3,'5300,9177','176329204.45'),(531,3,'1066,7069','153417807.99'),(532,3,'6896,9296','122084803.79'),(533,3,'2814,4981','53067044.83'),(534,3,'628,4644','66514905.5'),(535,3,'3628,9569','246311473.2'),(536,3,'5133,8542','146455001.94'),(537,3,'1617,2522','11767762.05'),(538,3,'5718,6660','36631209.1'),(539,3,'4748,9969','241391990.43'),(540,3,'262,6620','137462761.6'),(541,3,'4453,6053','52808915.87'),(542,3,'3756,9347','230149537.23'),(543,3,'4502,9695','231613984.36'),(544,3,'2240,4889','59328100.76'),(545,3,'189,5764','104263098.45'),(546,3,'1416,2833','18915004.72'),(547,3,'1254,8311','212058148.14'),(548,3,'2128,6235','107903783.36'),(549,3,'1125,2756','19886001.9'),(550,3,'693,878','913056.78'),(551,3,'6384,9419','150677396.72'),(552,3,'5826,8905','142492429.45'),(553,3,'1036,2486','16043799.52'),(554,3,'4623,5784','37958378.06'),(555,3,'2454,4884','56018806.75'),(556,3,'2404,6907','131718915.5'),(557,3,'936,6159','116418580.16'),(558,3,'5438,6254','29972905.07'),(559,3,'1142,5853','103526300.72'),(560,3,'1617,7677','176939650.46'),(561,3,'1331,9093','254189679.65'),(562,3,'2585,4449','41190602.52'),(563,3,'6577,7403','36277478.34'),(564,3,'8528,8819','15858687.46'),(565,3,'9332,9696','21759273.9'),(566,3,'5715,9220','164453500.42'),(567,3,'5046,9115','181022052.73'),(568,3,'150,4620','66984724.4'),(569,3,'7531,9242','90159320.35'),(570,3,'5933,9985','202631896.78'),(571,3,'4125,8336','164849642.68'),(572,3,'5060,6892','68788513.8'),(573,3,'3145,4495','32402386.63'),(574,3,'348,497','395542.22'),(575,3,'4287,8174','152165889.6'),(576,3,'1965,5618','87024312.48'),(577,3,'6413,7266','36656690.56'),(578,3,'4669,8202','142858406.14'),(579,3,'2990,7021','126776901.23'),(580,3,'2321,3196','15165645.84'),(581,3,'2416,6717','123405004.7'),(582,3,'5831,8036','96059646.05'),(583,3,'2656,7462','152766565.26'),(584,3,'4993,5981','34062127.73'),(585,3,'1897,1914','203534.36'),(586,3,'4978,6022','36078050.03'),(587,3,'250,1869','10777739.39'),(588,3,'1082,4744','67025288.64'),(589,3,'1579,5014','71147507.45'),(590,3,'5092,9301','190318113.35'),(591,3,'7056,9752','142359285.61'),(592,3,'4918,7017','78701812.56'),(593,3,'3120,3469','7224283.94'),(594,3,'1686,6458','122092243.08'),(595,3,'140,4881','74784233.96'),(596,3,'6856,8779','94455454.59'),(597,3,'6814,7297','21411879.73'),(598,3,'2687,4758','48438944.78'),(599,3,'8667,9469','45694691.34'),(600,3,'1366,9751','292846842.17'),(601,3,'580,4728','69170280.14'),(602,3,'830,7387','169265459.03'),(603,5,'4762','6048374'),(604,5,'2495','1658343'),(605,5,'5003','6673334'),(606,5,'401','42933'),(607,5,'3199','2728533'),(608,5,'7845','16403895'),(609,5,'6054','9768734'),(610,5,'3735','3716325'),(611,5,'3861','3974513'),(612,5,'6047','9750585'),(613,5,'1184','373275'),(614,5,'4395','5146545'),(615,5,'5969','9498270'),(616,5,'6618','11675475'),(617,5,'4539','5490374'),(618,5,'3074','2518425'),(619,5,'9766','25437825'),(620,5,'9703','25106835'),(621,5,'572','87210'),(622,5,'3772','3795134'),(623,5,'2064','1134374'),(624,5,'5467','7971614'),(625,5,'6579','11536934'),(626,5,'7110','13473450'),(627,5,'3458','3187814'),(628,5,'9796','25594335'),(629,5,'692','127650'),(630,5,'9151','22335150'),(631,5,'6832','12448814'),(632,5,'4114','4512783'),(633,5,'6985','13008398'),(634,5,'1593','675750'),(635,5,'6599','11609400'),(636,5,'1988','1053374'),(637,5,'1984','1049403'),(638,5,'9789','25545374'),(639,5,'9823','25731675'),(640,5,'8028','17181525'),(641,5,'3523','3309975'),(642,5,'3684','3616214'),(643,5,'4075','4426808'),(644,5,'4697','5882835'),(645,5,'8069','17358570'),(646,5,'43','495'),(647,5,'1314','459374'),(648,5,'2607','1811343'),(649,5,'3107','2574045'),(650,5,'1080','309960'),(651,5,'2309','1420650'),(652,5,'3670','3590483'),(653,5,'4842','6250053'),(654,5,'4364','5076495'),(655,5,'9128','22216334'),(656,5,'1421','538653'),(657,5,'1474','579183'),(658,5,'2585','1780203'),(659,5,'1217','394875'),(660,5,'2156','1239843'),(661,5,'1736','803883'),(662,5,'8039','17229720'),(663,5,'6260','10445853'),(664,5,'8711','20236233'),(665,5,'9623','24691334'),(666,5,'2858','2177414'),(667,5,'698','129734'),(668,5,'1606','688545'),(669,5,'2646','1866488'),(670,5,'521','72453'),(671,5,'9625','24700958'),(672,5,'6160','10116773'),(673,5,'4195','4691408'),(674,5,'3699','3645734'),(675,5,'856','195795'),(676,5,'2263','1365795'),(677,5,'3733','3716325'),(678,5,'2161','1246320'),(679,5,'4861','6303420'),(680,5,'6831','12441983'),(681,5,'3231','2783183'),(682,5,'7161','13673213'),(683,5,'500','66333'),(684,5,'8064','17334374'),(685,5,'1525','619658'),(686,5,'9619','24672093'),(687,5,'9475','23937008'),(688,5,'2989','2382033'),(689,5,'2204','1294335'),(690,5,'692','127650'),(691,5,'5135','7028103'),(692,5,'3930','4114710'),(693,5,'8721','20279813'),(694,5,'1395','517545'),(695,5,'2640','1855920'),(696,5,'8343','18556500'),(697,5,'4243','4801095'),(698,5,'3329','2953710'),(699,5,'9940','26344313'),(700,5,'6880','12620213'),(701,5,'3841','3936000'),(702,5,'9565','24393938'),(703,5,'5102','6941100'),(704,5,'9117','22161603'),(705,5,'3070','2512283'),(706,5,'2154','1235534'),(707,5,'7061','13296333'),(708,5,'4973','6593534'),(709,5,'6159','10110614'),(710,5,'1334','473925'),(711,5,'6557','11464695'),(712,5,'1554','642734'),(713,5,'6725','12055683'),(714,5,'8788','20594970'),(715,5,'7034','13190625'),(716,5,'6207','10271343'),(717,5,'7813','16278645'),(718,5,'17','75'),(719,5,'4285','4894898'),(720,5,'9789','25545374'),(721,5,'4913','6435374'),(722,5,'6308','10609214'),(723,5,'8672','20053710'),(724,5,'4340','5019933'),(725,5,'6853','12524085'),(726,5,'8221','18026460'),(727,5,'6374','10831125'),(728,5,'5173','7136325'),(729,5,'5337','7593483'),(730,5,'960','244800'),(731,5,'580','89513'),(732,5,'5583','8308620'),(733,5,'6124','10000083'),(734,5,'5672','8578710'),(735,5,'4700','5887533'),(736,5,'9184','22491003'),(737,5,'7816','16294275'),(738,5,'1760','824853'),(739,5,'4157','4607895'),(740,5,'3975','4209525'),(741,5,'3085','2536898'),(742,5,'713','135374'),(743,5,'5519','8119920'),(744,5,'9801','25613933'),(745,5,'9491','24022353'),(746,5,'2553','1736550'),(747,5,'6007','9624014'),(748,5,'7303','14222835'),(749,5,'2560','1746773'),(750,5,'291','22523'),(751,5,'7092','13409553'),(752,5,'7463','14850374'),(753,5,'6590','11576433'),(754,5,'5764','8858883'),(755,5,'1803','865800'),(756,5,'3442','3160214'),(757,5,'3984','4229414'),(758,5,'8167','17788814'),(759,5,'8605','19742738'),(760,5,'9312','23119833'),(761,5,'9117','22161603'),(762,5,'9175','22445108'),(763,5,'4895','6386343'),(764,5,'5241','7323773'),(765,5,'4846','6264585'),(766,5,'9585','24489675'),(767,5,'4424','5217075'),(768,5,'2662','1890374'),(769,5,'1345','481958'),(770,5,'8572','19596734'),(771,5,'6627','11708583'),(772,5,'4420','5208233'),(773,5,'9275','22933983'),(774,5,'2145','1224795'),(775,5,'4220','4746093'),(776,5,'8766','20489648'),(777,5,'4688','5859374'),(778,5,'227','13725'),(779,5,'6068','9817214'),(780,5,'7239','13968374'),(781,5,'508','68850'),(782,5,'3160','2661773'),(783,5,'4701','5892233'),(784,5,'7088','13395374'),(785,5,'8914','21187983'),(786,5,'6495','11242845'),(787,5,'530','74553'),(788,5,'2897','2237835'),(789,5,'4662','5793933'),(790,5,'9125','22198083'),(791,5,'2209','1300953'),(792,5,'3779','3806460'),(793,5,'8299','18365133'),(794,5,'7094','13416645'),(795,5,'9011','21654033'),(796,5,'3145','2636558'),(797,5,'6679','11894853'),(798,5,'3434','3143025'),(799,5,'5798','8962934'),(800,5,'8014','17125383'),(801,5,'2006','1073343'),(802,5,'2424','1564934'),(803,6,'5829','81459'),(804,6,'7331','104859'),(805,6,'75','432'),(806,6,'3909','51012'),(807,6,'9573','141993'),(808,6,'4618','61992'),(809,6,'1912','22329'),(810,6,'6704','94977'),(811,6,'7326','104832'),(812,6,'3551','45765'),(813,6,'8624','125370'),(814,6,'4611','61866'),(815,6,'5589','77004'),(816,6,'6781','96192'),(817,6,'2600','31887'),(818,6,'4455','59616'),(819,6,'3008','37962'),(820,6,'2610','31887'),(821,6,'633','5967'),(822,6,'1304','14463'),(823,6,'7947','114975'),(824,6,'4337','57258'),(825,6,'2682','33120'),(826,6,'2855','36081'),(827,6,'3943','51876'),(828,6,'9241','137007'),(829,6,'2795','34965'),(830,6,'2167','25803'),(831,6,'7878','114507'),(832,6,'4295','57240'),(833,6,'8835','129789'),(834,6,'3706','47772'),(835,6,'1626','18549'),(836,6,'8886','130950'),(837,6,'7590','109386'),(838,6,'1198','12816'),(839,6,'3504','45045'),(840,6,'9478','140157'),(841,6,'7877','113805'),(842,6,'829','8361'),(843,6,'3029','38151'),(844,6,'6500','91962'),(845,6,'5415','74673'),(846,6,'8594','127044'),(847,6,'3281','42165'),(848,6,'7991','116496'),(849,6,'3048','38259'),(850,6,'6264','87453'),(851,6,'600','5715'),(852,6,'3657','47331'),(853,6,'7544','108648'),(854,6,'8523','124659'),(855,6,'7970','115164'),(856,6,'225','1728'),(857,6,'1378','15183'),(858,6,'1912','22329'),(859,6,'9441','139248'),(860,6,'4149','54909'),(861,6,'4055','53874'),(862,6,'7319','105012'),(863,6,'8420','122895'),(864,6,'2890','36099'),(865,6,'1024','10845'),(866,6,'45','207'),(867,6,'1775','20763'),(868,6,'8590','124956'),(869,6,'1218','13347'),(870,6,'5255','71775'),(871,6,'8068','116667'),(872,6,'9071','133614'),(873,6,'6059','84231'),(874,6,'1096','11745'),(875,6,'5571','76707'),(876,6,'1474','16209'),(877,6,'9666','143433'),(878,6,'8827','129375'),(879,6,'9440','140247'),(880,6,'2713','33642'),(881,6,'5091','69354'),(882,6,'40','189'),(883,6,'6346','89064'),(884,6,'2634','32463'),(885,6,'8539','124596'),(886,6,'4315','57609'),(887,6,'2834','35523'),(888,6,'9892','146970'),(889,6,'6203','87066'),(890,6,'2275','27441'),(891,6,'4041','52623'),(892,6,'257','1953'),(893,6,'9569','141453'),(894,6,'2460','30186'),(895,6,'3122','39474'),(896,6,'593','5679'),(897,6,'2480','30294'),(898,6,'4873','66033'),(899,6,'9158','135234'),(900,6,'3673','48249'),(901,6,'127','873'),(902,6,'7226','103203'),(903,7,'1,5','5'),(904,7,'4,4,4,4,4','24'),(905,8,'5,15','2'),(906,8,'20,30','4'),(907,9,'1,2,3,4,5','15'),(908,10,'2,4,8','5'),(909,11,'9,2000,-9','2000'),(910,12,'4','1'),(911,12,'1287','0'),(912,9,'2,2,2,2,5000','5008'),(913,13,'1,1','1'),(914,13,'1,2','2'),(915,13,'1,3','3'),(916,13,'1,4','4'),(917,13,'1,5','5'),(918,13,'1,6','6'),(919,13,'1,7','7'),(920,13,'1,8','8'),(921,13,'1,9','9'),(922,13,'1,10','10'),(923,13,'1,11','11'),(924,13,'1,12','12'),(925,13,'1,13','13'),(926,13,'1,14','14'),(927,13,'1,15','15'),(928,13,'1,16','16'),(929,13,'1,17','17'),(930,13,'1,18','18'),(931,13,'1,19','19'),(932,13,'1,20','20'),(933,13,'1,21','21'),(934,13,'1,22','22'),(935,13,'1,23','23'),(936,13,'1,24','24'),(937,13,'1,25','25'),(938,13,'1,26','26'),(939,13,'1,27','27'),(940,13,'1,28','28'),(941,13,'1,29','29'),(942,13,'1,30','30'),(943,13,'1,31','31'),(944,13,'2,1','32'),(945,13,'2,2','33'),(946,13,'2,3','34'),(947,13,'2,4','35'),(948,13,'2,5','36'),(949,13,'2,6','37'),(950,13,'2,7','38'),(951,13,'2,8','39'),(952,13,'2,9','40'),(953,13,'2,10','41'),(954,13,'2,11','42'),(955,13,'2,12','43'),(956,13,'2,13','44'),(957,13,'2,14','45'),(958,13,'2,15','46'),(959,13,'2,16','47'),(960,13,'2,17','48'),(961,13,'2,18','49'),(962,13,'2,19','50'),(963,13,'2,20','51'),(964,13,'2,21','52'),(965,13,'2,22','53'),(966,13,'2,23','54'),(967,13,'2,24','55'),(968,13,'2,25','56'),(969,13,'2,26','57'),(970,13,'2,27','58'),(971,13,'2,28','59'),(972,13,'3,1','60'),(973,13,'3,2','61'),(974,13,'3,3','62'),(975,13,'3,4','63'),(976,13,'3,5','64'),(977,13,'3,6','65'),(978,13,'3,7','66'),(979,13,'3,8','67'),(980,13,'3,9','68'),(981,13,'3,10','69'),(982,13,'3,11','70'),(983,13,'3,12','71'),(984,13,'3,13','72'),(985,13,'3,14','73'),(986,13,'3,15','74'),(987,13,'3,16','75'),(988,13,'3,17','76'),(989,13,'3,18','77'),(990,13,'3,19','78'),(991,13,'3,20','79'),(992,13,'3,21','80'),(993,13,'3,22','81'),(994,13,'3,23','82'),(995,13,'3,24','83'),(996,13,'3,25','84'),(997,13,'3,26','85'),(998,13,'3,27','86'),(999,13,'3,28','87'),(1000,13,'3,29','88'),(1001,13,'3,30','89'),(1002,13,'3,31','90'),(1003,13,'4,1','91'),(1004,13,'4,2','92'),(1005,13,'4,3','93'),(1006,13,'4,4','94'),(1007,13,'4,5','95'),(1008,13,'4,6','96'),(1009,13,'4,7','97'),(1010,13,'4,8','98'),(1011,13,'4,9','99'),(1012,13,'4,10','100'),(1013,13,'4,11','101'),(1014,13,'4,12','102'),(1015,13,'4,13','103'),(1016,13,'4,14','104'),(1017,13,'4,15','105'),(1018,13,'4,16','106'),(1019,13,'4,17','107'),(1020,13,'4,18','108'),(1021,13,'4,19','109'),(1022,13,'4,20','110'),(1023,13,'4,21','111'),(1024,13,'4,22','112'),(1025,13,'4,23','113'),(1026,13,'4,24','114'),(1027,13,'4,25','115'),(1028,13,'4,26','116'),(1029,13,'4,27','117'),(1030,13,'4,28','118'),(1031,13,'4,29','119'),(1032,13,'4,30','120'),(1033,13,'5,1','121'),(1034,13,'5,2','122'),(1035,13,'5,3','123'),(1036,13,'5,4','124'),(1037,13,'5,5','125'),(1038,13,'5,6','126'),(1039,13,'5,7','127'),(1040,13,'5,8','128'),(1041,13,'5,9','129'),(1042,13,'5,10','130'),(1043,13,'5,11','131'),(1044,13,'5,12','132'),(1045,13,'5,13','133'),(1046,13,'5,14','134'),(1047,13,'5,15','135'),(1048,13,'5,16','136'),(1049,13,'5,17','137'),(1050,13,'5,18','138'),(1051,13,'5,19','139'),(1052,13,'5,20','140'),(1053,13,'5,21','141'),(1054,13,'5,22','142'),(1055,13,'5,23','143'),(1056,13,'5,24','144'),(1057,13,'5,25','145'),(1058,13,'5,26','146'),(1059,13,'5,27','147'),(1060,13,'5,28','148'),(1061,13,'5,29','149'),(1062,13,'5,30','150'),(1063,13,'5,31','151'),(1064,13,'6,1','152'),(1065,13,'6,2','153'),(1066,13,'6,3','154'),(1067,13,'6,4','155'),(1068,13,'6,5','156'),(1069,13,'6,6','157'),(1070,13,'6,7','158'),(1071,13,'6,8','159'),(1072,13,'6,9','160'),(1073,13,'6,10','161'),(1074,13,'6,11','162'),(1075,13,'6,12','163'),(1076,13,'6,13','164'),(1077,13,'6,14','165'),(1078,13,'6,15','166'),(1079,13,'6,16','167'),(1080,13,'6,17','168'),(1081,13,'6,18','169'),(1082,13,'6,19','170'),(1083,13,'6,20','171'),(1084,13,'6,21','172'),(1085,13,'6,22','173'),(1086,13,'6,23','174'),(1087,13,'6,24','175'),(1088,13,'6,25','176'),(1089,13,'6,26','177'),(1090,13,'6,27','178'),(1091,13,'6,28','179'),(1092,13,'6,29','180'),(1093,13,'6,30','181'),(1094,13,'7,1','182'),(1095,13,'7,2','183'),(1096,13,'7,3','184'),(1097,13,'7,4','185'),(1098,13,'7,5','186'),(1099,13,'7,6','187'),(1100,13,'7,7','188'),(1101,13,'7,8','189'),(1102,13,'7,9','190'),(1103,13,'7,10','191'),(1104,13,'7,11','192'),(1105,13,'7,12','193'),(1106,13,'7,13','194'),(1107,13,'7,14','195'),(1108,13,'7,15','196'),(1109,13,'7,16','197'),(1110,13,'7,17','198'),(1111,13,'7,18','199'),(1112,13,'7,19','200'),(1113,13,'7,20','201'),(1114,13,'7,21','202'),(1115,13,'7,22','203'),(1116,13,'7,23','204'),(1117,13,'7,24','205'),(1118,13,'7,25','206'),(1119,13,'7,26','207'),(1120,13,'7,27','208'),(1121,13,'7,28','209'),(1122,13,'7,29','210'),(1123,13,'7,30','211'),(1124,13,'7,31','212'),(1125,13,'8,1','213'),(1126,13,'8,2','214'),(1127,13,'8,3','215'),(1128,13,'8,4','216'),(1129,13,'8,5','217'),(1130,13,'8,6','218'),(1131,13,'8,7','219'),(1132,13,'8,8','220'),(1133,13,'8,9','221'),(1134,13,'8,10','222'),(1135,13,'8,11','223'),(1136,13,'8,12','224'),(1137,13,'8,13','225'),(1138,13,'8,14','226'),(1139,13,'8,15','227'),(1140,13,'8,16','228'),(1141,13,'8,17','229'),(1142,13,'8,18','230'),(1143,13,'8,19','231'),(1144,13,'8,20','232'),(1145,13,'8,21','233'),(1146,13,'8,22','234'),(1147,13,'8,23','235'),(1148,13,'8,24','236'),(1149,13,'8,25','237'),(1150,13,'8,26','238'),(1151,13,'8,27','239'),(1152,13,'8,28','240'),(1153,13,'8,29','241'),(1154,13,'8,30','242'),(1155,13,'8,31','243'),(1156,13,'9,1','244'),(1157,13,'9,2','245'),(1158,13,'9,3','246'),(1159,13,'9,4','247'),(1160,13,'9,5','248'),(1161,13,'9,6','249'),(1162,13,'9,7','250'),(1163,13,'9,8','251'),(1164,13,'9,9','252'),(1165,13,'9,10','253'),(1166,13,'9,11','254'),(1167,13,'9,12','255'),(1168,13,'9,13','256'),(1169,13,'9,14','257'),(1170,13,'9,15','258'),(1171,13,'9,16','259'),(1172,13,'9,17','260'),(1173,13,'9,18','261'),(1174,13,'9,19','262'),(1175,13,'9,20','263'),(1176,13,'9,21','264'),(1177,13,'9,22','265'),(1178,13,'9,23','266'),(1179,13,'9,24','267'),(1180,13,'9,25','268'),(1181,13,'9,26','269'),(1182,13,'9,27','270'),(1183,13,'9,28','271'),(1184,13,'9,29','272'),(1185,13,'9,30','273'),(1186,13,'10,1','274'),(1187,13,'10,2','275'),(1188,13,'10,3','276'),(1189,13,'10,4','277'),(1190,13,'10,5','278'),(1191,13,'10,6','279'),(1192,13,'10,7','280'),(1193,13,'10,8','281'),(1194,13,'10,9','282'),(1195,13,'10,10','283'),(1196,13,'10,11','284'),(1197,13,'10,12','285'),(1198,13,'10,13','286'),(1199,13,'10,14','287'),(1200,13,'10,15','288'),(1201,13,'10,16','289'),(1202,13,'10,17','290'),(1203,13,'10,18','291'),(1204,13,'10,19','292'),(1205,13,'10,20','293'),(1206,13,'10,21','294'),(1207,13,'10,22','295'),(1208,13,'10,23','296'),(1209,13,'10,24','297'),(1210,13,'10,25','298'),(1211,13,'10,26','299'),(1212,13,'10,27','300'),(1213,13,'10,28','301'),(1214,13,'10,29','302'),(1215,13,'10,30','303'),(1216,13,'10,31','304'),(1217,13,'11,1','305'),(1218,13,'11,2','306'),(1219,13,'11,3','307'),(1220,13,'11,4','308'),(1221,13,'11,5','309'),(1222,13,'11,6','310'),(1223,13,'11,7','311'),(1224,13,'11,8','312'),(1225,13,'11,9','313'),(1226,13,'11,10','314'),(1227,13,'11,11','315'),(1228,13,'11,12','316'),(1229,13,'11,13','317'),(1230,13,'11,14','318'),(1231,13,'11,15','319'),(1232,13,'11,16','320'),(1233,13,'11,17','321'),(1234,13,'11,18','322'),(1235,13,'11,19','323'),(1236,13,'11,20','324'),(1237,13,'11,21','325'),(1238,13,'11,22','326'),(1239,13,'11,23','327'),(1240,13,'11,24','328'),(1241,13,'11,25','329'),(1242,13,'11,26','330'),(1243,13,'11,27','331'),(1244,13,'11,28','332'),(1245,13,'11,29','333'),(1246,13,'11,30','334'),(1247,13,'12,1','335'),(1248,13,'12,2','336'),(1249,13,'12,3','337'),(1250,13,'12,4','338'),(1251,13,'12,5','339'),(1252,13,'12,6','340'),(1253,13,'12,7','341'),(1254,13,'12,8','342'),(1255,13,'12,9','343'),(1256,13,'12,10','344'),(1257,13,'12,11','345'),(1258,13,'12,12','346'),(1259,13,'12,13','347'),(1260,13,'12,14','348'),(1261,13,'12,15','349'),(1262,13,'12,16','350'),(1263,13,'12,17','351'),(1264,13,'12,18','352'),(1265,13,'12,19','353'),(1266,13,'12,20','354'),(1267,13,'12,21','355'),(1268,13,'12,22','356'),(1269,13,'12,23','357'),(1270,13,'12,24','358'),(1271,13,'12,25','359'),(1272,13,'12,26','360'),(1273,13,'12,27','361'),(1274,13,'12,28','362'),(1275,13,'12,29','363'),(1276,13,'12,30','364'),(1277,13,'12,31','365'),(1278,13,'1,1','1'),(1279,13,'1,2','2'),(1280,13,'1,3','3'),(1281,13,'1,4','4'),(1282,13,'1,5','5'),(1283,13,'1,6','6'),(1284,13,'1,7','7'),(1285,13,'1,8','8'),(1286,13,'1,9','9'),(1287,13,'1,10','10'),(1288,13,'1,11','11'),(1289,13,'1,12','12'),(1290,13,'1,13','13'),(1291,13,'1,14','14'),(1292,13,'1,15','15'),(1293,13,'1,16','16'),(1294,13,'1,17','17'),(1295,13,'1,18','18'),(1296,13,'1,19','19'),(1297,13,'1,20','20'),(1298,13,'1,21','21'),(1299,13,'1,22','22'),(1300,13,'1,23','23'),(1301,13,'1,24','24'),(1302,13,'1,25','25'),(1303,13,'1,26','26'),(1304,13,'1,27','27'),(1305,13,'1,28','28'),(1306,13,'1,29','29'),(1307,13,'1,30','30'),(1308,13,'1,31','31'),(1309,13,'2,1','32'),(1310,13,'2,2','33'),(1311,13,'2,3','34'),(1312,13,'2,4','35'),(1313,13,'2,5','36'),(1314,13,'2,6','37'),(1315,13,'2,7','38'),(1316,13,'2,8','39'),(1317,13,'2,9','40'),(1318,13,'2,10','41'),(1319,13,'2,11','42'),(1320,13,'2,12','43'),(1321,13,'2,13','44'),(1322,13,'2,14','45'),(1323,13,'2,15','46'),(1324,13,'2,16','47'),(1325,13,'2,17','48'),(1326,13,'2,18','49'),(1327,13,'2,19','50'),(1328,13,'2,20','51'),(1329,13,'2,21','52'),(1330,13,'2,22','53'),(1331,13,'2,23','54'),(1332,13,'2,24','55'),(1333,13,'2,25','56'),(1334,13,'2,26','57'),(1335,13,'2,27','58'),(1336,13,'2,28','59'),(1337,13,'3,1','60'),(1338,13,'3,2','61'),(1339,13,'3,3','62'),(1340,13,'3,4','63'),(1341,13,'3,5','64'),(1342,13,'3,6','65'),(1343,13,'3,7','66'),(1344,13,'3,8','67'),(1345,13,'3,9','68'),(1346,13,'3,10','69'),(1347,13,'3,11','70'),(1348,13,'3,12','71'),(1349,13,'3,13','72'),(1350,13,'3,14','73'),(1351,13,'3,15','74'),(1352,13,'3,16','75'),(1353,13,'3,17','76'),(1354,13,'3,18','77'),(1355,13,'3,19','78'),(1356,13,'3,20','79'),(1357,13,'3,21','80'),(1358,13,'3,22','81'),(1359,13,'3,23','82'),(1360,13,'3,24','83'),(1361,13,'3,25','84'),(1362,13,'3,26','85'),(1363,13,'3,27','86'),(1364,13,'3,28','87'),(1365,13,'3,29','88'),(1366,13,'3,30','89'),(1367,13,'3,31','90'),(1368,13,'4,1','91'),(1369,13,'4,2','92'),(1370,13,'4,3','93'),(1371,13,'4,4','94'),(1372,13,'4,5','95'),(1373,13,'4,6','96'),(1374,13,'4,7','97'),(1375,13,'4,8','98'),(1376,13,'4,9','99'),(1377,13,'4,10','100'),(1378,13,'4,11','101'),(1379,13,'4,12','102'),(1380,13,'4,13','103'),(1381,13,'4,14','104'),(1382,13,'4,15','105'),(1383,13,'4,16','106'),(1384,13,'4,17','107'),(1385,13,'4,18','108'),(1386,13,'4,19','109'),(1387,13,'4,20','110'),(1388,13,'4,21','111'),(1389,13,'4,22','112'),(1390,13,'4,23','113'),(1391,13,'4,24','114'),(1392,13,'4,25','115'),(1393,13,'4,26','116'),(1394,13,'4,27','117'),(1395,13,'4,28','118'),(1396,13,'4,29','119'),(1397,13,'4,30','120'),(1398,13,'5,1','121'),(1399,13,'5,2','122'),(1400,13,'5,3','123'),(1401,13,'5,4','124'),(1402,13,'5,5','125'),(1403,13,'5,6','126'),(1404,13,'5,7','127'),(1405,13,'5,8','128'),(1406,13,'5,9','129'),(1407,13,'5,10','130'),(1408,13,'5,11','131'),(1409,13,'5,12','132'),(1410,13,'5,13','133'),(1411,13,'5,14','134'),(1412,13,'5,15','135'),(1413,13,'5,16','136'),(1414,13,'5,17','137'),(1415,13,'5,18','138'),(1416,13,'5,19','139'),(1417,13,'5,20','140'),(1418,13,'5,21','141'),(1419,13,'5,22','142'),(1420,13,'5,23','143'),(1421,13,'5,24','144'),(1422,13,'5,25','145'),(1423,13,'5,26','146'),(1424,13,'5,27','147'),(1425,13,'5,28','148'),(1426,13,'5,29','149'),(1427,13,'5,30','150'),(1428,13,'5,31','151'),(1429,13,'6,1','152'),(1430,13,'6,2','153'),(1431,13,'6,3','154'),(1432,13,'6,4','155'),(1433,13,'6,5','156'),(1434,13,'6,6','157'),(1435,13,'6,7','158'),(1436,13,'6,8','159'),(1437,13,'6,9','160'),(1438,13,'6,10','161'),(1439,13,'6,11','162'),(1440,13,'6,12','163'),(1441,13,'6,13','164'),(1442,13,'6,14','165'),(1443,13,'6,15','166'),(1444,13,'6,16','167'),(1445,13,'6,17','168'),(1446,13,'6,18','169'),(1447,13,'6,19','170'),(1448,13,'6,20','171'),(1449,13,'6,21','172'),(1450,13,'6,22','173'),(1451,13,'6,23','174'),(1452,13,'6,24','175'),(1453,13,'6,25','176'),(1454,13,'6,26','177'),(1455,13,'6,27','178'),(1456,13,'6,28','179'),(1457,13,'6,29','180'),(1458,13,'6,30','181'),(1459,13,'7,1','182'),(1460,13,'7,2','183'),(1461,13,'7,3','184'),(1462,13,'7,4','185'),(1463,13,'7,5','186'),(1464,13,'7,6','187'),(1465,13,'7,7','188'),(1466,13,'7,8','189'),(1467,13,'7,9','190'),(1468,13,'7,10','191'),(1469,13,'7,11','192'),(1470,13,'7,12','193'),(1471,13,'7,13','194'),(1472,13,'7,14','195'),(1473,13,'7,15','196'),(1474,13,'7,16','197'),(1475,13,'7,17','198'),(1476,13,'7,18','199'),(1477,13,'7,19','200'),(1478,13,'7,20','201'),(1479,13,'7,21','202'),(1480,13,'7,22','203'),(1481,13,'7,23','204'),(1482,13,'7,24','205'),(1483,13,'7,25','206'),(1484,13,'7,26','207'),(1485,13,'7,27','208'),(1486,13,'7,28','209'),(1487,13,'7,29','210'),(1488,13,'7,30','211'),(1489,13,'7,31','212'),(1490,13,'8,1','213'),(1491,13,'8,2','214'),(1492,13,'8,3','215'),(1493,13,'8,4','216'),(1494,13,'8,5','217'),(1495,13,'8,6','218'),(1496,13,'8,7','219'),(1497,13,'8,8','220'),(1498,13,'8,9','221'),(1499,13,'8,10','222'),(1500,13,'8,11','223'),(1501,13,'8,12','224'),(1502,13,'8,13','225'),(1503,13,'8,14','226'),(1504,13,'8,15','227'),(1505,13,'8,16','228'),(1506,13,'8,17','229'),(1507,13,'8,18','230'),(1508,13,'8,19','231'),(1509,13,'8,20','232'),(1510,13,'8,21','233'),(1511,13,'8,22','234'),(1512,13,'8,23','235'),(1513,13,'8,24','236'),(1514,13,'8,25','237'),(1515,13,'8,26','238'),(1516,13,'8,27','239'),(1517,13,'8,28','240'),(1518,13,'8,29','241'),(1519,13,'8,30','242'),(1520,13,'8,31','243'),(1521,13,'9,1','244'),(1522,13,'9,2','245'),(1523,13,'9,3','246'),(1524,13,'9,4','247'),(1525,13,'9,5','248'),(1526,13,'9,6','249'),(1527,13,'9,7','250'),(1528,13,'9,8','251'),(1529,13,'9,9','252'),(1530,13,'9,10','253'),(1531,13,'9,11','254'),(1532,13,'9,12','255'),(1533,13,'9,13','256'),(1534,13,'9,14','257'),(1535,13,'9,15','258'),(1536,13,'9,16','259'),(1537,13,'9,17','260'),(1538,13,'9,18','261'),(1539,13,'9,19','262'),(1540,13,'9,20','263'),(1541,13,'9,21','264'),(1542,13,'9,22','265'),(1543,13,'9,23','266'),(1544,13,'9,24','267'),(1545,13,'9,25','268'),(1546,13,'9,26','269'),(1547,13,'9,27','270'),(1548,13,'9,28','271'),(1549,13,'9,29','272'),(1550,13,'9,30','273'),(1551,13,'10,1','274'),(1552,13,'10,2','275'),(1553,13,'10,3','276'),(1554,13,'10,4','277'),(1555,13,'10,5','278'),(1556,13,'10,6','279'),(1557,13,'10,7','280'),(1558,13,'10,8','281'),(1559,13,'10,9','282'),(1560,13,'10,10','283'),(1561,13,'10,11','284'),(1562,13,'10,12','285'),(1563,13,'10,13','286'),(1564,13,'10,14','287'),(1565,13,'10,15','288'),(1566,13,'10,16','289'),(1567,13,'10,17','290'),(1568,13,'10,18','291'),(1569,13,'10,19','292'),(1570,13,'10,20','293'),(1571,13,'10,21','294'),(1572,13,'10,22','295'),(1573,13,'10,23','296'),(1574,13,'10,24','297'),(1575,13,'10,25','298'),(1576,13,'10,26','299'),(1577,13,'10,27','300'),(1578,13,'10,28','301'),(1579,13,'10,29','302'),(1580,13,'10,30','303'),(1581,13,'10,31','304'),(1582,13,'11,1','305'),(1583,13,'11,2','306'),(1584,13,'11,3','307'),(1585,13,'11,4','308'),(1586,13,'11,5','309'),(1587,13,'11,6','310'),(1588,13,'11,7','311'),(1589,13,'11,8','312'),(1590,13,'11,9','313'),(1591,13,'11,10','314'),(1592,13,'11,11','315'),(1593,13,'11,12','316'),(1594,13,'11,13','317'),(1595,13,'11,14','318'),(1596,13,'11,15','319'),(1597,13,'11,16','320'),(1598,13,'11,17','321'),(1599,13,'11,18','322'),(1600,13,'11,19','323'),(1601,13,'11,20','324'),(1602,13,'11,21','325'),(1603,13,'11,22','326'),(1604,13,'11,23','327'),(1605,13,'11,24','328'),(1606,13,'11,25','329'),(1607,13,'11,26','330'),(1608,13,'11,27','331'),(1609,13,'11,28','332'),(1610,13,'11,29','333'),(1611,13,'11,30','334'),(1612,13,'12,1','335'),(1613,13,'12,2','336'),(1614,13,'12,3','337'),(1615,13,'12,4','338'),(1616,13,'12,5','339'),(1617,13,'12,6','340'),(1618,13,'12,7','341'),(1619,13,'12,8','342'),(1620,13,'12,9','343'),(1621,13,'12,10','344'),(1622,13,'12,11','345'),(1623,13,'12,12','346'),(1624,13,'12,13','347'),(1625,13,'12,14','348'),(1626,13,'12,15','349'),(1627,13,'12,16','350'),(1628,13,'12,17','351'),(1629,13,'12,18','352'),(1630,13,'12,19','353'),(1631,13,'12,20','354'),(1632,13,'12,21','355'),(1633,13,'12,22','356'),(1634,13,'12,23','357'),(1635,13,'12,24','358'),(1636,13,'12,25','359'),(1637,13,'12,26','360'),(1638,13,'12,27','361'),(1639,13,'12,28','362'),(1640,13,'12,29','363'),(1641,13,'12,30','364'),(1642,13,'12,31','365'),(1643,14,'1','1'),(1644,14,'2','4'),(1645,14,'3','9'),(1646,14,'4','16'),(1647,14,'5','25'),(1648,14,'6','36'),(1649,14,'7','49'),(1650,14,'8','64'),(1651,14,'9','81'),(1652,14,'10','100'),(1653,14,'11','121'),(1654,14,'12','144'),(1655,14,'13','169'),(1656,14,'14','196'),(1657,14,'15','225'),(1658,14,'16','256'),(1659,14,'17','289'),(1660,14,'18','324'),(1661,14,'19','361'),(1662,14,'20','400'),(1663,14,'21','441'),(1664,14,'22','484'),(1665,14,'23','529'),(1666,14,'24','576'),(1667,14,'25','625'),(1668,14,'26','676'),(1669,14,'27','729'),(1670,14,'28','784'),(1671,14,'29','841'),(1672,14,'30','900'),(1673,14,'31','961'),(1674,14,'32','1024'),(1675,14,'33','1089'),(1676,14,'34','1156'),(1677,14,'35','1225'),(1678,14,'36','1296'),(1679,14,'37','1369'),(1680,14,'38','1444'),(1681,14,'39','1521'),(1682,14,'40','1600'),(1683,14,'41','1681'),(1684,14,'42','1764'),(1685,14,'43','1849'),(1686,14,'44','1936'),(1687,14,'45','2025'),(1688,14,'46','2116'),(1689,14,'47','2209'),(1690,14,'48','2304'),(1691,14,'49','2401'),(1692,14,'50','2500'),(1693,14,'51','2601'),(1694,14,'52','2704'),(1695,14,'53','2809'),(1696,14,'54','2916'),(1697,14,'55','3025'),(1698,14,'56','3136'),(1699,14,'57','3249'),(1700,14,'58','3364'),(1701,14,'59','3481'),(1702,14,'60','3600'),(1703,14,'61','3721'),(1704,14,'62','3844'),(1705,14,'63','3969'),(1706,14,'64','4096'),(1707,14,'65','4225'),(1708,14,'66','4356'),(1709,14,'67','4489'),(1710,14,'68','4624'),(1711,14,'69','4761'),(1712,14,'70','4900'),(1713,14,'71','5041'),(1714,14,'72','5184'),(1715,14,'73','5329'),(1716,14,'74','5476'),(1717,14,'75','5625'),(1718,14,'76','5776'),(1719,14,'77','5929'),(1720,14,'78','6084'),(1721,14,'79','6241'),(1722,14,'80','6400'),(1723,14,'81','6561'),(1724,14,'82','6724'),(1725,14,'83','6889'),(1726,14,'84','7056'),(1727,14,'85','7225'),(1728,14,'86','7396'),(1729,14,'87','7569'),(1730,14,'88','7744'),(1731,14,'89','7921'),(1732,14,'90','8100'),(1733,14,'91','8281'),(1734,14,'92','8464'),(1735,14,'93','8649'),(1736,14,'94','8836'),(1737,14,'95','9025'),(1738,14,'96','9216'),(1739,14,'97','9409'),(1740,14,'98','9604'),(1741,14,'99','9801'),(1742,14,'100','10000'),(1743,14,'101','10201'),(1744,14,'102','10404'),(1745,14,'103','10609'),(1746,14,'104','10816'),(1747,14,'105','11025'),(1748,14,'106','11236'),(1749,14,'107','11449'),(1750,14,'108','11664'),(1751,14,'109','11881'),(1752,14,'110','12100'),(1753,14,'111','12321'),(1754,14,'112','12544'),(1755,14,'113','12769'),(1756,14,'114','12996'),(1757,14,'115','13225'),(1758,14,'116','13456'),(1759,14,'117','13689'),(1760,14,'118','13924'),(1761,14,'119','14161'),(1762,14,'120','14400'),(1763,14,'121','14641'),(1764,14,'122','14884'),(1765,14,'123','15129'),(1766,14,'124','15376'),(1767,14,'125','15625'),(1768,14,'126','15876'),(1769,14,'127','16129'),(1770,14,'128','16384'),(1771,14,'129','16641'),(1772,14,'130','16900'),(1773,14,'131','17161'),(1774,14,'132','17424'),(1775,14,'133','17689'),(1776,14,'134','17956'),(1777,14,'135','18225'),(1778,14,'136','18496'),(1779,14,'137','18769'),(1780,14,'138','19044'),(1781,14,'139','19321'),(1782,14,'140','19600'),(1783,14,'141','19881'),(1784,14,'142','20164'),(1785,14,'143','20449'),(1786,14,'144','20736'),(1787,14,'145','21025'),(1788,14,'146','21316'),(1789,14,'147','21609'),(1790,14,'148','21904'),(1791,14,'149','22201'),(1792,14,'150','22500'),(1793,14,'151','22801'),(1794,14,'152','23104'),(1795,14,'153','23409'),(1796,14,'154','23716'),(1797,14,'155','24025'),(1798,14,'156','24336'),(1799,14,'157','24649'),(1800,14,'158','24964'),(1801,14,'159','25281'),(1802,14,'160','25600'),(1803,14,'161','25921'),(1804,14,'162','26244'),(1805,14,'163','26569'),(1806,14,'164','26896'),(1807,14,'165','27225'),(1808,14,'166','27556'),(1809,14,'167','27889'),(1810,14,'168','28224'),(1811,14,'169','28561'),(1812,14,'170','28900'),(1813,14,'171','29241'),(1814,14,'172','29584'),(1815,14,'173','29929'),(1816,14,'174','30276'),(1817,14,'175','30625'),(1818,14,'176','30976'),(1819,14,'177','31329'),(1820,14,'178','31684'),(1821,14,'179','32041'),(1822,14,'180','32400'),(1823,14,'181','32761'),(1824,14,'182','33124'),(1825,14,'183','33489'),(1826,14,'184','33856'),(1827,14,'185','34225'),(1828,14,'186','34596'),(1829,14,'187','34969'),(1830,14,'188','35344'),(1831,14,'189','35721'),(1832,14,'190','36100'),(1833,14,'191','36481'),(1834,14,'192','36864'),(1835,14,'193','37249'),(1836,14,'194','37636'),(1837,14,'195','38025'),(1838,14,'196','38416'),(1839,14,'197','38809'),(1840,14,'198','39204'),(1841,14,'199','39601'),(1842,14,'200','40000'),(1843,14,'201','40401'),(1844,14,'202','40804'),(1845,14,'203','41209'),(1846,14,'204','41616'),(1847,14,'205','42025'),(1848,14,'206','42436'),(1849,14,'207','42849'),(1850,14,'208','43264'),(1851,14,'209','43681'),(1852,14,'210','44100'),(1853,14,'211','44521'),(1854,14,'212','44944'),(1855,14,'213','45369'),(1856,14,'214','45796'),(1857,14,'215','46225'),(1858,14,'216','46656'),(1859,14,'217','47089'),(1860,14,'218','47524'),(1861,14,'219','47961'),(1862,14,'220','48400'),(1863,14,'221','48841'),(1864,14,'222','49284'),(1865,14,'223','49729'),(1866,14,'224','50176'),(1867,14,'225','50625'),(1868,14,'226','51076'),(1869,14,'227','51529'),(1870,14,'228','51984'),(1871,14,'229','52441'),(1872,14,'230','52900'),(1873,14,'231','53361'),(1874,14,'232','53824'),(1875,14,'233','54289'),(1876,14,'234','54756'),(1877,14,'235','55225'),(1878,14,'236','55696'),(1879,14,'237','56169'),(1880,14,'238','56644'),(1881,14,'239','57121'),(1882,14,'240','57600'),(1883,14,'241','58081'),(1884,14,'242','58564'),(1885,14,'243','59049'),(1886,14,'244','59536'),(1887,14,'245','60025'),(1888,14,'246','60516'),(1889,14,'247','61009'),(1890,14,'248','61504'),(1891,14,'249','62001'),(1892,14,'250','62500'),(1893,14,'251','63001'),(1894,14,'252','63504'),(1895,14,'253','64009'),(1896,14,'254','64516'),(1897,14,'255','65025'),(1898,14,'256','65536'),(1899,14,'257','66049'),(1900,14,'258','66564'),(1901,14,'259','67081'),(1902,14,'260','67600'),(1903,14,'261','68121'),(1904,14,'262','68644'),(1905,14,'263','69169'),(1906,14,'264','69696'),(1907,14,'265','70225'),(1908,14,'266','70756'),(1909,14,'267','71289'),(1910,14,'268','71824'),(1911,14,'269','72361'),(1912,14,'270','72900'),(1913,14,'271','73441'),(1914,14,'272','73984'),(1915,14,'273','74529'),(1916,14,'274','75076'),(1917,14,'275','75625'),(1918,14,'276','76176'),(1919,14,'277','76729'),(1920,14,'278','77284'),(1921,14,'279','77841'),(1922,14,'280','78400'),(1923,14,'281','78961'),(1924,14,'282','79524'),(1925,14,'283','80089'),(1926,14,'284','80656'),(1927,14,'285','81225'),(1928,14,'286','81796'),(1929,14,'287','82369'),(1930,14,'288','82944'),(1931,14,'289','83521'),(1932,14,'290','84100'),(1933,14,'291','84681'),(1934,14,'292','85264'),(1935,14,'293','85849'),(1936,14,'294','86436'),(1937,14,'295','87025'),(1938,14,'296','87616'),(1939,14,'297','88209'),(1940,14,'298','88804'),(1941,14,'299','89401'),(1942,15,'12,37,5','45425'),(1943,15,'21,25,14','77114'),(1944,15,'11,25,48','41148'),(1945,15,'8,47,26','31646'),(1946,15,'11,29,35','41375'),(1947,15,'9,40,45','34845'),(1948,15,'21,49,47','78587'),(1949,15,'5,3,37','18217'),(1950,15,'14,8,15','50895'),(1951,15,'15,57,11','57431'),(1952,15,'4,2,46','14566'),(1953,15,'21,47,50','78470'),(1954,15,'7,6,37','25597'),(1955,15,'7,51,6','28266'),(1956,15,'11,40,57','42057'),(1957,15,'15,11,28','54688'),(1958,15,'6,9,56','22196'),(1959,15,'4,35,22','16522'),(1960,15,'23,49,35','85775'),(1961,15,'8,34,48','30888'),(1962,15,'1,19,59','4799'),(1963,15,'13,33,46','48826'),(1964,15,'10,56,32','39392'),(1965,15,'0,33,38','2018'),(1966,15,'9,29,38','34178'),(1967,15,'19,22,45','69765'),(1968,15,'12,1,0','43260'),(1969,15,'20,31,3','73863'),(1970,15,'13,58,21','50301'),(1971,15,'9,47,19','35239'),(1972,15,'23,3,45','83025'),(1973,15,'11,2,18','39738'),(1974,15,'23,28,18','84498'),(1975,15,'7,13,42','26022'),(1976,15,'14,39,11','52751'),(1977,15,'8,55,28','32128'),(1978,15,'11,55,21','42921'),(1979,15,'5,40,15','20415'),(1980,15,'18,40,58','67258'),(1981,15,'7,37,19','27439'),(1982,15,'8,55,54','32154'),(1983,15,'14,26,53','52013'),(1984,15,'20,4,9','72249'),(1985,15,'12,1,15','43275'),(1986,15,'11,48,30','42510'),(1987,15,'23,20,24','84024'),(1988,15,'6,20,33','22833'),(1989,15,'16,45,36','60336'),(1990,15,'12,3,11','43391'),(1991,15,'2,40,47','9647'),(1992,15,'23,39,3','85143'),(1993,15,'10,41,0','38460'),(1994,15,'11,16,4','40564'),(1995,15,'3,41,52','13312'),(1996,15,'18,52,15','67935'),(1997,15,'14,53,22','53602'),(1998,15,'10,9,38','36578'),(1999,15,'2,58,47','10727'),(2000,15,'11,22,9','40929'),(2001,15,'12,24,54','44694'),(2002,15,'14,58,59','53939'),(2003,15,'16,32,49','59569'),(2004,15,'13,17,13','47833'),(2005,15,'21,9,54','76194'),(2006,15,'6,26,10','23170'),(2007,15,'11,13,29','40409'),(2008,15,'0,48,55','2935'),(2009,15,'7,31,17','27077'),(2010,15,'2,28,34','8914'),(2011,15,'7,2,38','25358'),(2012,15,'12,19,32','44372'),(2013,15,'3,11,13','11473'),(2014,15,'18,45,7','67507'),(2015,15,'18,15,33','65733'),(2016,15,'5,25,37','19537'),(2017,15,'19,11,33','69093'),(2018,15,'0,23,24','1404'),(2019,15,'22,52,59','82379'),(2020,15,'1,47,8','6428'),(2021,15,'17,28,2','62882'),(2022,15,'9,30,58','34258'),(2023,15,'22,48,35','82115'),(2024,15,'7,1,38','25298'),(2025,15,'14,5,59','50759'),(2026,15,'0,56,48','3408'),(2027,15,'11,5,0','39900'),(2028,15,'16,3,35','57815'),(2029,15,'22,50,10','82210'),(2030,15,'10,47,52','38872'),(2031,15,'10,45,26','38726'),(2032,15,'20,20,57','73257'),(2033,15,'17,53,42','64422'),(2034,15,'20,42,49','74569'),(2035,15,'7,46,5','27965'),(2036,15,'12,29,58','44998'),(2037,15,'8,58,40','32320'),(2038,15,'11,28,5','41285'),(2039,15,'6,24,17','23057'),(2040,15,'7,28,1','26881'),(2041,16,'5,432,249,795','197955'),(2042,16,'955,755,824,378','721025'),(2043,16,'636,608,279,177','386688'),(2044,16,'178,17,916,486','445176'),(2045,16,'79,294,379,303','114837'),(2046,16,'865,739,172,80','639235'),(2047,16,'870,100,724,81','87000'),(2048,16,'654,720,379,590','470880'),(2049,16,'319,615,278,354','196185'),(2050,16,'165,46,167,507','84669'),(2051,16,'689,860,970,603','592540'),(2052,16,'101,975,997,579','577263'),(2053,16,'441,26,176,217','38192'),(2054,16,'948,789,925,686','747972'),(2055,16,'874,549,372,949','479826'),(2056,16,'402,327,365,93','131454'),(2057,16,'577,460,905,523','473315'),(2058,16,'162,235,453,60','38070'),(2059,16,'729,314,280,914','255920'),(2060,16,'829,501,383,296','415329'),(2061,16,'210,645,267,856','228552'),(2062,16,'367,39,605,424','256520'),(2063,16,'258,132,373,811','302503'),(2064,16,'76,266,741,181','134121'),(2065,16,'961,139,106,578','133579'),(2066,16,'837,640,396,477','535680'),(2067,16,'274,216,893,221','197353'),(2068,16,'856,563,127,774','481928'),(2069,16,'167,933,797,479','381763'),(2070,16,'742,674,193,773','500108'),(2071,16,'200,484,624,564','351936'),(2072,16,'426,429,150,433','182754'),(2073,16,'432,603,774,369','285606'),(2074,16,'699,385,293,322','269115'),(2075,16,'571,378,11,548','215838'),(2076,16,'957,784,864,693','750288'),(2077,16,'443,838,158,606','371234'),(2078,16,'848,972,70,6','824256'),(2079,16,'689,523,942,228','360347'),(2080,16,'210,772,154,1000','162120'),(2081,16,'153,816,872,22','124848'),(2082,16,'816,551,160,557','449616'),(2083,16,'891,490,892,988','881296'),(2084,16,'611,45,418,113','47234'),(2085,16,'839,376,874,227','315464'),(2086,16,'878,600,481,1','526800'),(2087,16,'970,626,799,237','607220'),(2088,16,'143,562,358,167','80366'),(2089,16,'345,439,356,24','151455'),(2090,16,'531,531,541,936','506376'),(2091,16,'569,64,40,699','36416'),(2092,16,'56,115,324,874','283176'),(2093,16,'795,724,782,254','575580'),(2094,16,'403,61,566,307','173762'),(2095,16,'913,310,512,272','283030'),(2096,16,'615,547,542,88','336405'),(2097,16,'465,400,18,441','186000'),(2098,16,'498,434,78,68','216132'),(2099,16,'295,280,483,784','378672'),(2100,16,'598,33,135,321','43335'),(2101,16,'5,779,983,429','421707'),(2102,16,'567,191,25,205','108297'),(2103,16,'663,820,697,295','543660'),(2104,16,'573,458,36,434','262434'),(2105,16,'201,157,929,591','549039'),(2106,16,'728,890,446,595','647920'),(2107,16,'215,175,544,650','353600'),(2108,16,'198,501,757,999','756243'),(2109,16,'961,239,910,642','584220'),(2110,16,'611,893,38,432','545623'),(2111,16,'325,920,896,601','538496'),(2112,16,'338,617,698,209','208546'),(2113,16,'117,227,322,488','157136'),(2114,16,'276,40,228,314','71592'),(2115,16,'659,280,669,175','184520'),(2116,16,'966,690,960,710','681600'),(2117,16,'567,638,552,631','361746'),(2118,16,'878,252,948,178','221256'),(2119,16,'524,667,534,525','349508'),(2120,16,'247,864,106,324','213408'),(2121,16,'741,503,21,366','372723'),(2122,16,'619,994,521,220','615286'),(2123,16,'641,756,81,471','484596'),(2124,16,'431,252,307,591','181437'),(2125,16,'209,476,400,709','283600'),(2126,16,'459,829,792,428','380511'),(2127,16,'915,753,875,977','854875'),(2128,16,'920,227,119,418','208840'),(2129,16,'656,286,735,99','187616'),(2130,16,'949,407,529,562','386243'),(2131,16,'767,632,983,751','738233'),(2132,16,'622,981,839,269','610182'),(2133,16,'822,87,961,753','723633'),(2134,16,'268,921,31,546','246828'),(2135,16,'718,742,106,138','532756'),(2136,16,'497,963,252,455','478611'),(2137,16,'65,868,897,263','235911'),(2138,16,'466,709,652,846','551592'),(2139,16,'587,734,327,986','430858'),(2140,17,'2205','2940'),(2141,17,'1833','2444'),(2142,17,'2019','2692'),(2143,17,'1143','1524'),(2144,17,'2379','3172'),(2145,17,'1962','2616'),(2146,17,'321','428'),(2147,17,'2694','3592'),(2148,17,'975','1300'),(2149,17,'111','148'),(2150,17,'1278','1704'),(2151,17,'183','244'),(2152,17,'612','816'),(2153,17,'2757','3676'),(2154,17,'2976','3968'),(2155,17,'987','1316'),(2156,17,'1938','2584'),(2157,17,'903','1204'),(2158,17,'2547','3396'),(2159,17,'2337','3116'),(2160,17,'303','404'),(2161,17,'2283','3044'),(2162,17,'18','24'),(2163,17,'1929','2572'),(2164,17,'54','72'),(2165,17,'1383','1844'),(2166,17,'1110','1480'),(2167,17,'1950','2600'),(2168,17,'1128','1504'),(2169,17,'1389','1852'),(2170,17,'2742','3656'),(2171,17,'1947','2596'),(2172,17,'270','360'),(2173,17,'150','200'),(2174,17,'2628','3504'),(2175,17,'2958','3944'),(2176,17,'2247','2996'),(2177,17,'96','128'),(2178,17,'1251','1668'),(2179,17,'2973','3964'),(2180,17,'2940','3920'),(2181,17,'1419','1892'),(2182,17,'1974','2632'),(2183,17,'12','16'),(2184,17,'1173','1564'),(2185,17,'2730','3640'),(2186,17,'882','1176'),(2187,17,'1473','1964'),(2188,17,'2628','3504'),(2189,17,'1908','2544'),(2190,17,'759','1012'),(2191,17,'2253','3004'),(2192,17,'1884','2512'),(2193,17,'2193','2924'),(2194,17,'2667','3556'),(2195,17,'1125','1500'),(2196,17,'243','324'),(2197,17,'1974','2632'),(2198,17,'1386','1848'),(2199,17,'1833','2444'),(2200,17,'528','704'),(2201,17,'1809','2412'),(2202,17,'1917','2556'),(2203,17,'132','176'),(2204,17,'1953','2604'),(2205,17,'1125','1500'),(2206,17,'192','256'),(2207,17,'2586','3448'),(2208,17,'1083','1444'),(2209,17,'285','380'),(2210,17,'1809','2412'),(2211,17,'1503','2004'),(2212,17,'1518','2024'),(2213,17,'1290','1720'),(2214,17,'2073','2764'),(2215,17,'1179','1572'),(2216,17,'2271','3028'),(2217,17,'2997','3996'),(2218,17,'1626','2168'),(2219,17,'255','340'),(2220,17,'2841','3788'),(2221,17,'750','1000'),(2222,17,'1134','1512'),(2223,17,'648','864'),(2224,17,'1524','2032'),(2225,17,'1194','1592'),(2226,17,'1839','2452'),(2227,17,'297','396'),(2228,17,'2223','2964'),(2229,17,'1266','1688'),(2230,17,'1782','2376'),(2231,17,'429','572'),(2232,17,'927','1236'),(2233,17,'2181','2908'),(2234,17,'2376','3168'),(2235,17,'966','1288'),(2236,17,'219','292'),(2237,17,'2709','3612'),(2238,17,'678','904'),(2240,18,'1','1'),(2241,18,'2','2'),(2242,18,'3','6'),(2243,18,'4','24'),(2244,18,'5','120'),(2245,18,'6','720'),(2246,18,'7','5040'),(2247,18,'8','40320'),(2248,18,'9','362880'),(2249,18,'10','3628800'),(2250,18,'11','39916800'),(2255,19,'1,1','1'),(2256,19,'1,2','1'),(2257,19,'1,3','1'),(2258,19,'1,4','1'),(2259,19,'1,5','1'),(2260,19,'1,6','1'),(2261,19,'1,7','1'),(2262,19,'1,8','1'),(2263,19,'2,1','2'),(2264,19,'2,2','4'),(2265,19,'2,3','8'),(2266,19,'2,4','16'),(2267,19,'2,5','32'),(2268,19,'2,6','64'),(2269,19,'2,7','128'),(2270,19,'2,8','256'),(2271,19,'3,1','3'),(2272,19,'3,2','9'),(2273,19,'3,3','27'),(2274,19,'3,4','81'),(2275,19,'3,5','243'),(2276,19,'3,6','729'),(2277,19,'3,7','2187'),(2278,19,'3,8','6561'),(2279,19,'4,1','4'),(2280,19,'4,2','16'),(2281,19,'4,3','64'),(2282,19,'4,4','256'),(2283,19,'4,5','1024'),(2284,19,'4,6','4096'),(2285,19,'4,7','16384'),(2286,19,'4,8','65536'),(2287,19,'5,1','5'),(2288,19,'5,2','25'),(2289,19,'5,3','125'),(2290,19,'5,4','625'),(2291,19,'5,5','3125'),(2292,19,'5,6','15625'),(2293,19,'5,7','78125'),(2294,19,'5,8','390625'),(2295,19,'6,1','6'),(2296,19,'6,2','36'),(2297,19,'6,3','216'),(2298,19,'6,4','1296'),(2299,19,'6,5','7776'),(2300,19,'6,6','46656'),(2301,19,'6,7','279936'),(2302,19,'6,8','1679616'),(2303,19,'7,1','7'),(2304,19,'7,2','49'),(2305,19,'7,3','343'),(2306,19,'7,4','2401'),(2307,19,'7,5','16807'),(2308,19,'7,6','117649'),(2309,19,'7,7','823543'),(2310,19,'7,8','5764801'),(2311,19,'8,1','8'),(2312,19,'8,2','64'),(2313,19,'8,3','512'),(2314,19,'8,4','4096'),(2315,19,'8,5','32768'),(2316,19,'8,6','262144'),(2317,19,'8,7','2097152'),(2318,19,'8,8','16777216'),(2319,20,'3','1'),(2320,20,'4','2'),(2321,20,'5','3'),(2322,20,'6','5'),(2323,20,'7','8'),(2324,20,'8','13'),(2325,20,'9','21'),(2326,20,'10','34'),(2327,20,'11','55'),(2328,20,'12','89'),(2329,20,'13','144'),(2330,20,'14','233'),(2331,20,'15','377'),(2332,20,'16','610'),(2333,20,'17','987'),(2334,20,'18','1597'),(2335,20,'19','2584'),(2336,20,'20','4181'),(2337,20,'21','6765'),(2338,20,'22','10946'),(2339,20,'23','17711'),(2340,20,'24','28657'),(2341,20,'25','46368'),(2342,20,'26','75025'),(2343,20,'27','121393'),(2344,20,'28','196418'),(2345,20,'29','317811'),(2346,20,'30','514229'),(2347,20,'31','832040'),(2348,20,'32','1346269'),(2349,20,'33','2178309'),(2350,20,'34','3524578'),(2351,20,'35','5702887'),(2352,20,'36','9227465'),(2353,20,'37','14930352'),(2354,20,'38','24157817'),(2355,20,'39','39088169'),(2356,21,'1','1'),(2357,21,'2','4'),(2358,21,'3','9'),(2359,21,'4','16'),(2360,21,'5','25'),(2361,21,'6','36'),(2362,21,'7','49'),(2363,21,'8','64'),(2364,21,'9','81'),(2365,21,'10','100'),(2366,21,'11','121'),(2367,21,'12','144'),(2368,21,'13','169'),(2369,21,'14','196'),(2370,21,'15','225'),(2371,21,'16','256'),(2372,21,'17','289'),(2373,21,'18','324'),(2374,21,'19','361'),(2375,21,'20','400'),(2376,21,'21','441'),(2377,21,'22','484'),(2378,21,'23','529'),(2379,21,'24','576'),(2380,21,'25','625'),(2381,21,'26','676'),(2382,21,'27','729'),(2383,21,'28','784'),(2384,21,'29','841'),(2385,21,'30','900'),(2386,21,'31','961'),(2387,21,'32','1024'),(2388,21,'33','1089'),(2389,21,'34','1156'),(2390,21,'35','1225'),(2391,21,'36','1296'),(2392,21,'37','1369'),(2393,21,'38','1444'),(2394,21,'39','1521'),(2395,21,'40','1600'),(2396,21,'41','1681'),(2397,21,'42','1764'),(2398,21,'43','1849'),(2399,21,'44','1936'),(2400,21,'45','2025'),(2401,21,'46','2116'),(2402,21,'47','2209'),(2403,21,'48','2304'),(2404,21,'49','2401'),(2405,21,'50','2500'),(2406,21,'51','2601'),(2407,21,'52','2704'),(2408,21,'53','2809'),(2409,21,'54','2916'),(2410,21,'55','3025'),(2411,21,'56','3136'),(2412,21,'57','3249'),(2413,21,'58','3364'),(2414,21,'59','3481'),(2415,21,'60','3600'),(2416,21,'61','3721'),(2417,21,'62','3844'),(2418,21,'63','3969'),(2419,21,'64','4096'),(2420,21,'65','4225'),(2421,21,'66','4356'),(2422,21,'67','4489'),(2423,21,'68','4624'),(2424,21,'69','4761'),(2425,21,'70','4900'),(2426,21,'71','5041'),(2427,21,'72','5184'),(2428,21,'73','5329'),(2429,21,'74','5476'),(2430,21,'75','5625'),(2431,21,'76','5776'),(2432,21,'77','5929'),(2433,21,'78','6084'),(2434,21,'79','6241'),(2435,21,'80','6400'),(2436,21,'81','6561'),(2437,21,'82','6724'),(2438,21,'83','6889'),(2439,21,'84','7056'),(2440,21,'85','7225'),(2441,21,'86','7396'),(2442,21,'87','7569'),(2443,21,'88','7744'),(2444,21,'89','7921'),(2445,21,'90','8100'),(2446,21,'91','8281'),(2447,21,'92','8464'),(2448,21,'93','8649'),(2449,21,'94','8836'),(2450,21,'95','9025'),(2451,21,'96','9216'),(2452,21,'97','9409'),(2453,21,'98','9604'),(2454,21,'99','9801'),(2455,21,'100','10000'),(2456,21,'101','10201'),(2457,21,'102','10404'),(2458,21,'103','10609'),(2459,21,'104','10816'),(2460,21,'105','11025'),(2461,21,'106','11236'),(2462,21,'107','11449'),(2463,21,'108','11664'),(2464,21,'109','11881'),(2465,21,'110','12100'),(2466,21,'111','12321'),(2467,21,'112','12544'),(2468,21,'113','12769'),(2469,21,'114','12996'),(2470,21,'115','13225'),(2471,21,'116','13456'),(2472,21,'117','13689'),(2473,21,'118','13924'),(2474,21,'119','14161'),(2475,21,'120','14400'),(2476,21,'121','14641'),(2477,21,'122','14884'),(2478,21,'123','15129'),(2479,21,'124','15376'),(2480,21,'125','15625'),(2481,21,'126','15876'),(2482,21,'127','16129'),(2483,21,'128','16384'),(2484,21,'129','16641'),(2485,21,'130','16900'),(2486,21,'131','17161'),(2487,21,'132','17424'),(2488,21,'133','17689'),(2489,21,'134','17956'),(2490,21,'135','18225'),(2491,21,'136','18496'),(2492,21,'137','18769'),(2493,21,'138','19044'),(2494,21,'139','19321'),(2495,21,'140','19600'),(2496,21,'141','19881'),(2497,21,'142','20164'),(2498,21,'143','20449'),(2499,21,'144','20736'),(2500,21,'145','21025'),(2501,21,'146','21316'),(2502,21,'147','21609'),(2503,21,'148','21904'),(2504,21,'149','22201'),(2505,21,'150','22500'),(2506,21,'151','22801'),(2507,21,'152','23104'),(2508,21,'153','23409'),(2509,21,'154','23716'),(2510,21,'155','24025'),(2511,21,'156','24336'),(2512,21,'157','24649'),(2513,21,'158','24964'),(2514,21,'159','25281'),(2515,21,'160','25600'),(2516,21,'161','25921'),(2517,21,'162','26244'),(2518,21,'163','26569'),(2519,21,'164','26896'),(2520,21,'165','27225'),(2521,21,'166','27556'),(2522,21,'167','27889'),(2523,21,'168','28224'),(2524,21,'169','28561'),(2525,21,'170','28900'),(2526,21,'171','29241'),(2527,21,'172','29584'),(2528,21,'173','29929'),(2529,21,'174','30276'),(2530,21,'175','30625'),(2531,21,'176','30976'),(2532,21,'177','31329'),(2533,21,'178','31684'),(2534,21,'179','32041'),(2535,21,'180','32400'),(2536,21,'181','32761'),(2537,21,'182','33124'),(2538,21,'183','33489'),(2539,21,'184','33856'),(2540,21,'185','34225'),(2541,21,'186','34596'),(2542,21,'187','34969'),(2543,21,'188','35344'),(2544,21,'189','35721'),(2545,21,'190','36100'),(2546,21,'191','36481'),(2547,21,'192','36864'),(2548,21,'193','37249'),(2549,21,'194','37636'),(2550,21,'195','38025'),(2551,21,'196','38416'),(2552,21,'197','38809'),(2553,21,'198','39204'),(2554,21,'199','39601'),(2555,21,'200','40000'),(2556,21,'1','1'),(2557,21,'2','4'),(2558,21,'3','9'),(2559,21,'4','16'),(2560,21,'5','25'),(2561,21,'6','36'),(2562,21,'7','49'),(2563,21,'8','64'),(2564,21,'9','81'),(2565,21,'10','100'),(2566,21,'11','121'),(2567,21,'12','144'),(2568,21,'13','169'),(2569,21,'14','196'),(2570,21,'15','225'),(2571,21,'16','256'),(2572,21,'17','289'),(2573,21,'18','324'),(2574,21,'19','361'),(2575,21,'20','400'),(2576,21,'21','441'),(2577,21,'22','484'),(2578,21,'23','529'),(2579,21,'24','576'),(2580,21,'25','625'),(2581,21,'26','676'),(2582,21,'27','729'),(2583,21,'28','784'),(2584,21,'29','841'),(2585,21,'30','900'),(2586,21,'31','961'),(2587,21,'32','1024'),(2588,21,'33','1089'),(2589,21,'34','1156'),(2590,21,'35','1225'),(2591,21,'36','1296'),(2592,21,'37','1369'),(2593,21,'38','1444'),(2594,21,'39','1521'),(2595,21,'40','1600'),(2596,21,'41','1681'),(2597,21,'42','1764'),(2598,21,'43','1849'),(2599,21,'44','1936'),(2600,21,'45','2025'),(2601,21,'46','2116'),(2602,21,'47','2209'),(2603,21,'48','2304'),(2604,21,'49','2401'),(2605,21,'50','2500'),(2606,21,'51','2601'),(2607,21,'52','2704'),(2608,21,'53','2809'),(2609,21,'54','2916'),(2610,21,'55','3025'),(2611,21,'56','3136'),(2612,21,'57','3249'),(2613,21,'58','3364'),(2614,21,'59','3481'),(2615,21,'60','3600'),(2616,21,'61','3721'),(2617,21,'62','3844'),(2618,21,'63','3969'),(2619,21,'64','4096'),(2620,21,'65','4225'),(2621,21,'66','4356'),(2622,21,'67','4489'),(2623,21,'68','4624'),(2624,21,'69','4761'),(2625,21,'70','4900'),(2626,21,'71','5041'),(2627,21,'72','5184'),(2628,21,'73','5329'),(2629,21,'74','5476'),(2630,21,'75','5625'),(2631,21,'76','5776'),(2632,21,'77','5929'),(2633,21,'78','6084'),(2634,21,'79','6241'),(2635,21,'80','6400'),(2636,21,'81','6561'),(2637,21,'82','6724'),(2638,21,'83','6889'),(2639,21,'84','7056'),(2640,21,'85','7225'),(2641,21,'86','7396'),(2642,21,'87','7569'),(2643,21,'88','7744'),(2644,21,'89','7921'),(2645,21,'90','8100'),(2646,21,'91','8281'),(2647,21,'92','8464'),(2648,21,'93','8649'),(2649,21,'94','8836'),(2650,21,'95','9025'),(2651,21,'96','9216'),(2652,21,'97','9409'),(2653,21,'98','9604'),(2654,21,'99','9801'),(2655,21,'100','10000'),(2656,21,'101','10201'),(2657,21,'102','10404'),(2658,21,'103','10609'),(2659,21,'104','10816'),(2660,21,'105','11025'),(2661,21,'106','11236'),(2662,21,'107','11449'),(2663,21,'108','11664'),(2664,21,'109','11881'),(2665,21,'110','12100'),(2666,21,'111','12321'),(2667,21,'112','12544'),(2668,21,'113','12769'),(2669,21,'114','12996'),(2670,21,'115','13225'),(2671,21,'116','13456'),(2672,21,'117','13689'),(2673,21,'118','13924'),(2674,21,'119','14161'),(2675,21,'120','14400'),(2676,21,'121','14641'),(2677,21,'122','14884'),(2678,21,'123','15129'),(2679,21,'124','15376'),(2680,21,'125','15625'),(2681,21,'126','15876'),(2682,21,'127','16129'),(2683,21,'128','16384'),(2684,21,'129','16641'),(2685,21,'130','16900'),(2686,21,'131','17161'),(2687,21,'132','17424'),(2688,21,'133','17689'),(2689,21,'134','17956'),(2690,21,'135','18225'),(2691,21,'136','18496'),(2692,21,'137','18769'),(2693,21,'138','19044'),(2694,21,'139','19321'),(2695,21,'140','19600'),(2696,21,'141','19881'),(2697,21,'142','20164'),(2698,21,'143','20449'),(2699,21,'144','20736'),(2700,21,'145','21025'),(2701,21,'146','21316'),(2702,21,'147','21609'),(2703,21,'148','21904'),(2704,21,'149','22201'),(2705,21,'150','22500'),(2706,21,'151','22801'),(2707,21,'152','23104'),(2708,21,'153','23409'),(2709,21,'154','23716'),(2710,21,'155','24025'),(2711,21,'156','24336'),(2712,21,'157','24649'),(2713,21,'158','24964'),(2714,21,'159','25281'),(2715,21,'160','25600'),(2716,21,'161','25921'),(2717,21,'162','26244'),(2718,21,'163','26569'),(2719,21,'164','26896'),(2720,21,'165','27225'),(2721,21,'166','27556'),(2722,21,'167','27889'),(2723,21,'168','28224'),(2724,21,'169','28561'),(2725,21,'170','28900'),(2726,21,'171','29241'),(2727,21,'172','29584'),(2728,21,'173','29929'),(2729,21,'174','30276'),(2730,21,'175','30625'),(2731,21,'176','30976'),(2732,21,'177','31329'),(2733,21,'178','31684'),(2734,21,'179','32041'),(2735,21,'180','32400'),(2736,21,'181','32761'),(2737,21,'182','33124'),(2738,21,'183','33489'),(2739,21,'184','33856'),(2740,21,'185','34225'),(2741,21,'186','34596'),(2742,21,'187','34969'),(2743,21,'188','35344'),(2744,21,'189','35721'),(2745,21,'190','36100'),(2746,21,'191','36481'),(2747,21,'192','36864'),(2748,21,'193','37249'),(2749,21,'194','37636'),(2750,21,'195','38025'),(2751,21,'196','38416'),(2752,21,'197','38809'),(2753,21,'198','39204'),(2754,21,'199','39601'),(2755,21,'200','40000'),(2756,22,'3','2'),(2757,22,'4','4'),(2758,22,'5','7'),(2759,22,'6','12'),(2760,22,'7','20'),(2761,22,'8','33'),(2762,22,'9','54'),(2763,22,'10','88'),(2764,22,'11','143'),(2765,22,'12','232'),(2766,22,'13','376'),(2767,22,'14','609'),(2768,22,'15','986'),(2769,22,'16','1596'),(2770,22,'17','2583'),(2771,22,'18','4180'),(2772,22,'19','6764'),(2773,22,'20','10945'),(2774,22,'21','17710'),(2775,22,'22','28656'),(2776,22,'23','46367'),(2777,22,'24','75024'),(2778,22,'25','121392'),(2779,22,'26','196417'),(2780,22,'27','317810'),(2781,22,'28','514228'),(2782,22,'29','832039'),(2783,22,'30','1346268'),(2784,22,'31','2178308'),(2785,22,'32','3524577'),(2786,22,'33','5702886'),(2787,22,'34','9227464'),(2788,22,'35','14930351'),(2789,23,'3,3','1'),(2790,23,'4,3','0'),(2791,23,'5,3','0'),(2792,23,'6,3','1'),(2793,23,'7,3','0'),(2794,23,'8,3','0'),(2795,23,'9,3','1'),(2796,23,'10,3','0'),(2797,23,'11,3','0'),(2798,23,'12,3','1'),(2799,23,'13,3','0'),(2800,23,'14,3','0'),(2801,23,'15,3','1'),(2802,23,'16,3','0'),(2803,23,'17,3','0'),(2804,23,'18,3','1'),(2805,23,'19,3','0'),(2806,23,'20,3','0'),(2807,23,'21,3','1'),(2808,23,'22,3','0'),(2809,23,'23,3','0'),(2810,23,'24,3','1'),(2811,23,'25,3','0'),(2812,23,'26,3','0'),(2813,23,'27,3','1'),(2814,23,'28,3','0'),(2815,23,'29,3','0'),(2816,23,'30,3','1'),(2817,23,'31,3','0'),(2818,23,'32,3','0'),(2819,23,'33,3','1'),(2820,23,'34,3','0'),(2821,23,'35,3','0'),(2822,23,'3,4','0'),(2823,23,'4,4','1'),(2824,23,'5,4','0'),(2825,23,'6,4','0'),(2826,23,'7,4','0'),(2827,23,'8,4','1'),(2828,23,'9,4','0'),(2829,23,'10,4','0'),(2830,23,'11,4','0'),(2831,23,'12,4','1'),(2832,23,'13,4','0'),(2833,23,'14,4','0'),(2834,23,'15,4','0'),(2835,23,'16,4','1'),(2836,23,'17,4','0'),(2837,23,'18,4','0'),(2838,23,'19,4','0'),(2839,23,'20,4','1'),(2840,23,'21,4','0'),(2841,23,'22,4','0'),(2842,23,'23,4','0'),(2843,23,'24,4','1'),(2844,23,'25,4','0'),(2845,23,'26,4','0'),(2846,23,'27,4','0'),(2847,23,'28,4','1'),(2848,23,'29,4','0'),(2849,23,'30,4','0'),(2850,23,'31,4','0'),(2851,23,'32,4','1'),(2852,23,'33,4','0'),(2853,23,'34,4','0'),(2854,23,'35,4','0'),(2855,23,'3,5','0'),(2856,23,'4,5','0'),(2857,23,'5,5','1'),(2858,23,'6,5','0'),(2859,23,'7,5','0'),(2860,23,'8,5','0'),(2861,23,'9,5','0'),(2862,23,'10,5','1'),(2863,23,'11,5','0'),(2864,23,'12,5','0'),(2865,23,'13,5','0'),(2866,23,'14,5','0'),(2867,23,'15,5','1'),(2868,23,'16,5','0'),(2869,23,'17,5','0'),(2870,23,'18,5','0'),(2871,23,'19,5','0'),(2872,23,'20,5','1'),(2873,23,'21,5','0'),(2874,23,'22,5','0'),(2875,23,'23,5','0'),(2876,23,'24,5','0'),(2877,23,'25,5','1'),(2878,23,'26,5','0'),(2879,23,'27,5','0'),(2880,23,'28,5','0'),(2881,23,'29,5','0'),(2882,23,'30,5','1'),(2883,23,'31,5','0'),(2884,23,'32,5','0'),(2885,23,'33,5','0'),(2886,23,'34,5','0'),(2887,23,'35,5','1'),(2888,23,'3,6','0'),(2889,23,'4,6','0'),(2890,23,'5,6','0'),(2891,23,'6,6','1'),(2892,23,'7,6','0'),(2893,23,'8,6','0'),(2894,23,'9,6','0'),(2895,23,'10,6','0'),(2896,23,'11,6','0'),(2897,23,'12,6','1'),(2898,23,'13,6','0'),(2899,23,'14,6','0'),(2900,23,'15,6','0'),(2901,23,'16,6','0'),(2902,23,'17,6','0'),(2903,23,'18,6','1'),(2904,23,'19,6','0'),(2905,23,'20,6','0'),(2906,23,'21,6','0'),(2907,23,'22,6','0'),(2908,23,'23,6','0'),(2909,23,'24,6','1'),(2910,23,'25,6','0'),(2911,23,'26,6','0'),(2912,23,'27,6','0'),(2913,23,'28,6','0'),(2914,23,'29,6','0'),(2915,23,'30,6','1'),(2916,23,'31,6','0'),(2917,23,'32,6','0'),(2918,23,'33,6','0'),(2919,23,'34,6','0'),(2920,23,'35,6','0'),(2921,23,'3,7','0'),(2922,23,'4,7','0'),(2923,23,'5,7','0'),(2924,23,'6,7','0'),(2925,23,'7,7','1'),(2926,23,'8,7','0'),(2927,23,'9,7','0'),(2928,23,'10,7','0'),(2929,23,'11,7','0'),(2930,23,'12,7','0'),(2931,23,'13,7','0'),(2932,23,'14,7','1'),(2933,23,'15,7','0'),(2934,23,'16,7','0'),(2935,23,'17,7','0'),(2936,23,'18,7','0'),(2937,23,'19,7','0'),(2938,23,'20,7','0'),(2939,23,'21,7','1'),(2940,23,'22,7','0'),(2941,23,'23,7','0'),(2942,23,'24,7','0'),(2943,23,'25,7','0'),(2944,23,'26,7','0'),(2945,23,'27,7','0'),(2946,23,'28,7','1'),(2947,23,'29,7','0'),(2948,23,'30,7','0'),(2949,23,'31,7','0'),(2950,23,'32,7','0'),(2951,23,'33,7','0'),(2952,23,'34,7','0'),(2953,23,'35,7','1'),(2954,23,'3,8','0'),(2955,23,'4,8','0'),(2956,23,'5,8','0'),(2957,23,'6,8','0'),(2958,23,'7,8','0'),(2959,23,'8,8','1'),(2960,23,'9,8','0'),(2961,23,'10,8','0'),(2962,23,'11,8','0'),(2963,23,'12,8','0'),(2964,23,'13,8','0'),(2965,23,'14,8','0'),(2966,23,'15,8','0'),(2967,23,'16,8','1'),(2968,23,'17,8','0'),(2969,23,'18,8','0'),(2970,23,'19,8','0'),(2971,23,'20,8','0'),(2972,23,'21,8','0'),(2973,23,'22,8','0'),(2974,23,'23,8','0'),(2975,23,'24,8','1'),(2976,23,'25,8','0'),(2977,23,'26,8','0'),(2978,23,'27,8','0'),(2979,23,'28,8','0'),(2980,23,'29,8','0'),(2981,23,'30,8','0'),(2982,23,'31,8','0'),(2983,23,'32,8','1'),(2984,23,'33,8','0'),(2985,23,'34,8','0'),(2986,23,'35,8','0'),(2987,23,'3,9','0'),(2988,23,'4,9','0'),(2989,23,'5,9','0'),(2990,23,'6,9','0'),(2991,23,'7,9','0'),(2992,23,'8,9','0'),(2993,23,'9,9','1'),(2994,23,'10,9','0'),(2995,23,'11,9','0'),(2996,23,'12,9','0'),(2997,23,'13,9','0'),(2998,23,'14,9','0'),(2999,23,'15,9','0'),(3000,23,'16,9','0'),(3001,23,'17,9','0'),(3002,23,'18,9','1'),(3003,23,'19,9','0'),(3004,23,'20,9','0'),(3005,23,'21,9','0'),(3006,23,'22,9','0'),(3007,23,'23,9','0'),(3008,23,'24,9','0'),(3009,23,'25,9','0'),(3010,23,'26,9','0'),(3011,23,'27,9','1'),(3012,23,'28,9','0'),(3013,23,'29,9','0'),(3014,23,'30,9','0'),(3015,23,'31,9','0'),(3016,23,'32,9','0'),(3017,23,'33,9','0'),(3018,23,'34,9','0'),(3019,23,'35,9','0'),(3020,23,'3,10','0'),(3021,23,'4,10','0'),(3022,23,'5,10','0'),(3023,23,'6,10','0'),(3024,23,'7,10','0'),(3025,23,'8,10','0'),(3026,23,'9,10','0'),(3027,23,'10,10','1'),(3028,23,'11,10','0'),(3029,23,'12,10','0'),(3030,23,'13,10','0'),(3031,23,'14,10','0'),(3032,23,'15,10','0'),(3033,23,'16,10','0'),(3034,23,'17,10','0'),(3035,23,'18,10','0'),(3036,23,'19,10','0'),(3037,23,'20,10','1'),(3038,23,'21,10','0'),(3039,23,'22,10','0'),(3040,23,'23,10','0'),(3041,23,'24,10','0'),(3042,23,'25,10','0'),(3043,23,'26,10','0'),(3044,23,'27,10','0'),(3045,23,'28,10','0'),(3046,23,'29,10','0'),(3047,23,'30,10','1'),(3048,23,'31,10','0'),(3049,23,'32,10','0'),(3050,23,'33,10','0'),(3051,23,'34,10','0'),(3052,23,'35,10','0'),(3053,23,'3,11','0'),(3054,23,'4,11','0'),(3055,23,'5,11','0'),(3056,23,'6,11','0'),(3057,23,'7,11','0'),(3058,23,'8,11','0'),(3059,23,'9,11','0'),(3060,23,'10,11','0'),(3061,23,'11,11','1'),(3062,23,'12,11','0'),(3063,23,'13,11','0'),(3064,23,'14,11','0'),(3065,23,'15,11','0'),(3066,23,'16,11','0'),(3067,23,'17,11','0'),(3068,23,'18,11','0'),(3069,23,'19,11','0'),(3070,23,'20,11','0'),(3071,23,'21,11','0'),(3072,23,'22,11','1'),(3073,23,'23,11','0'),(3074,23,'24,11','0'),(3075,23,'25,11','0'),(3076,23,'26,11','0'),(3077,23,'27,11','0'),(3078,23,'28,11','0'),(3079,23,'29,11','0'),(3080,23,'30,11','0'),(3081,23,'31,11','0'),(3082,23,'32,11','0'),(3083,23,'33,11','1'),(3084,23,'34,11','0'),(3085,23,'35,11','0'),(3086,23,'3,12','0'),(3087,23,'4,12','0'),(3088,23,'5,12','0'),(3089,23,'6,12','0'),(3090,23,'7,12','0'),(3091,23,'8,12','0'),(3092,23,'9,12','0'),(3093,23,'10,12','0'),(3094,23,'11,12','0'),(3095,23,'12,12','1'),(3096,23,'13,12','0'),(3097,23,'14,12','0'),(3098,23,'15,12','0'),(3099,23,'16,12','0'),(3100,23,'17,12','0'),(3101,23,'18,12','0'),(3102,23,'19,12','0'),(3103,23,'20,12','0'),(3104,23,'21,12','0'),(3105,23,'22,12','0'),(3106,23,'23,12','0'),(3107,23,'24,12','1'),(3108,23,'25,12','0'),(3109,23,'26,12','0'),(3110,23,'27,12','0'),(3111,23,'28,12','0'),(3112,23,'29,12','0'),(3113,23,'30,12','0'),(3114,23,'31,12','0'),(3115,23,'32,12','0'),(3116,23,'33,12','0'),(3117,23,'34,12','0'),(3118,23,'35,12','0'),(3119,23,'3,13','0'),(3120,23,'4,13','0'),(3121,23,'5,13','0'),(3122,23,'6,13','0'),(3123,23,'7,13','0'),(3124,23,'8,13','0'),(3125,23,'9,13','0'),(3126,23,'10,13','0'),(3127,23,'11,13','0'),(3128,23,'12,13','0'),(3129,23,'13,13','1'),(3130,23,'14,13','0'),(3131,23,'15,13','0'),(3132,23,'16,13','0'),(3133,23,'17,13','0'),(3134,23,'18,13','0'),(3135,23,'19,13','0'),(3136,23,'20,13','0'),(3137,23,'21,13','0'),(3138,23,'22,13','0'),(3139,23,'23,13','0'),(3140,23,'24,13','0'),(3141,23,'25,13','0'),(3142,23,'26,13','1'),(3143,23,'27,13','0'),(3144,23,'28,13','0'),(3145,23,'29,13','0'),(3146,23,'30,13','0'),(3147,23,'31,13','0'),(3148,23,'32,13','0'),(3149,23,'33,13','0'),(3150,23,'34,13','0'),(3151,23,'35,13','0'),(3152,23,'3,14','0'),(3153,23,'4,14','0'),(3154,23,'5,14','0'),(3155,23,'6,14','0'),(3156,23,'7,14','0'),(3157,23,'8,14','0'),(3158,23,'9,14','0'),(3159,23,'10,14','0'),(3160,23,'11,14','0'),(3161,23,'12,14','0'),(3162,23,'13,14','0'),(3163,23,'14,14','1'),(3164,23,'15,14','0'),(3165,23,'16,14','0'),(3166,23,'17,14','0'),(3167,23,'18,14','0'),(3168,23,'19,14','0'),(3169,23,'20,14','0'),(3170,23,'21,14','0'),(3171,23,'22,14','0'),(3172,23,'23,14','0'),(3173,23,'24,14','0'),(3174,23,'25,14','0'),(3175,23,'26,14','0'),(3176,23,'27,14','0'),(3177,23,'28,14','1'),(3178,23,'29,14','0'),(3179,23,'30,14','0'),(3180,23,'31,14','0'),(3181,23,'32,14','0'),(3182,23,'33,14','0'),(3183,23,'34,14','0'),(3184,23,'35,14','0'),(3185,23,'3,15','0'),(3186,23,'4,15','0'),(3187,23,'5,15','0'),(3188,23,'6,15','0'),(3189,23,'7,15','0'),(3190,23,'8,15','0'),(3191,23,'9,15','0'),(3192,23,'10,15','0'),(3193,23,'11,15','0'),(3194,23,'12,15','0'),(3195,23,'13,15','0'),(3196,23,'14,15','0'),(3197,23,'15,15','1'),(3198,23,'16,15','0'),(3199,23,'17,15','0'),(3200,23,'18,15','0'),(3201,23,'19,15','0'),(3202,23,'20,15','0'),(3203,23,'21,15','0'),(3204,23,'22,15','0'),(3205,23,'23,15','0'),(3206,23,'24,15','0'),(3207,23,'25,15','0'),(3208,23,'26,15','0'),(3209,23,'27,15','0'),(3210,23,'28,15','0'),(3211,23,'29,15','0'),(3212,23,'30,15','1'),(3213,23,'31,15','0'),(3214,23,'32,15','0'),(3215,23,'33,15','0'),(3216,23,'34,15','0'),(3217,23,'35,15','0'),(3218,23,'3,16','0'),(3219,23,'4,16','0'),(3220,23,'5,16','0'),(3221,23,'6,16','0'),(3222,23,'7,16','0'),(3223,23,'8,16','0'),(3224,23,'9,16','0'),(3225,23,'10,16','0'),(3226,23,'11,16','0'),(3227,23,'12,16','0'),(3228,23,'13,16','0'),(3229,23,'14,16','0'),(3230,23,'15,16','0'),(3231,23,'16,16','1'),(3232,23,'17,16','0'),(3233,23,'18,16','0'),(3234,23,'19,16','0'),(3235,23,'20,16','0'),(3236,23,'21,16','0'),(3237,23,'22,16','0'),(3238,23,'23,16','0'),(3239,23,'24,16','0'),(3240,23,'25,16','0'),(3241,23,'26,16','0'),(3242,23,'27,16','0'),(3243,23,'28,16','0'),(3244,23,'29,16','0'),(3245,23,'30,16','0'),(3246,23,'31,16','0'),(3247,23,'32,16','1'),(3248,23,'33,16','0'),(3249,23,'34,16','0'),(3250,23,'35,16','0'),(3251,23,'3,17','0'),(3252,23,'4,17','0'),(3253,23,'5,17','0'),(3254,23,'6,17','0'),(3255,23,'7,17','0'),(3256,23,'8,17','0'),(3257,23,'9,17','0'),(3258,23,'10,17','0'),(3259,23,'11,17','0'),(3260,23,'12,17','0'),(3261,23,'13,17','0'),(3262,23,'14,17','0'),(3263,23,'15,17','0'),(3264,23,'16,17','0'),(3265,23,'17,17','1'),(3266,23,'18,17','0'),(3267,23,'19,17','0'),(3268,23,'20,17','0'),(3269,23,'21,17','0'),(3270,23,'22,17','0'),(3271,23,'23,17','0'),(3272,23,'24,17','0'),(3273,23,'25,17','0'),(3274,23,'26,17','0'),(3275,23,'27,17','0'),(3276,23,'28,17','0'),(3277,23,'29,17','0'),(3278,23,'30,17','0'),(3279,23,'31,17','0'),(3280,23,'32,17','0'),(3281,23,'33,17','0'),(3282,23,'34,17','1'),(3283,23,'35,17','0'),(3284,23,'3,18','0'),(3285,23,'4,18','0'),(3286,23,'5,18','0'),(3287,23,'6,18','0'),(3288,23,'7,18','0'),(3289,23,'8,18','0'),(3290,23,'9,18','0'),(3291,23,'10,18','0'),(3292,23,'11,18','0'),(3293,23,'12,18','0'),(3294,23,'13,18','0'),(3295,23,'14,18','0'),(3296,23,'15,18','0'),(3297,23,'16,18','0'),(3298,23,'17,18','0'),(3299,23,'18,18','1'),(3300,23,'19,18','0'),(3301,23,'20,18','0'),(3302,23,'21,18','0'),(3303,23,'22,18','0'),(3304,23,'23,18','0'),(3305,23,'24,18','0'),(3306,23,'25,18','0'),(3307,23,'26,18','0'),(3308,23,'27,18','0'),(3309,23,'28,18','0'),(3310,23,'29,18','0'),(3311,23,'30,18','0'),(3312,23,'31,18','0'),(3313,23,'32,18','0'),(3314,23,'33,18','0'),(3315,23,'34,18','0'),(3316,23,'35,18','0'),(3317,23,'3,19','0'),(3318,23,'4,19','0'),(3319,23,'5,19','0'),(3320,23,'6,19','0'),(3321,23,'7,19','0'),(3322,23,'8,19','0'),(3323,23,'9,19','0'),(3324,23,'10,19','0'),(3325,23,'11,19','0'),(3326,23,'12,19','0'),(3327,23,'13,19','0'),(3328,23,'14,19','0'),(3329,23,'15,19','0'),(3330,23,'16,19','0'),(3331,23,'17,19','0'),(3332,23,'18,19','0'),(3333,23,'19,19','1'),(3334,23,'20,19','0'),(3335,23,'21,19','0'),(3336,23,'22,19','0'),(3337,23,'23,19','0'),(3338,23,'24,19','0'),(3339,23,'25,19','0'),(3340,23,'26,19','0'),(3341,23,'27,19','0'),(3342,23,'28,19','0'),(3343,23,'29,19','0'),(3344,23,'30,19','0'),(3345,23,'31,19','0'),(3346,23,'32,19','0'),(3347,23,'33,19','0'),(3348,23,'34,19','0'),(3349,23,'35,19','0'),(3350,23,'3,20','0'),(3351,23,'4,20','0'),(3352,23,'5,20','0'),(3353,23,'6,20','0'),(3354,23,'7,20','0'),(3355,23,'8,20','0'),(3356,23,'9,20','0'),(3357,23,'10,20','0'),(3358,23,'11,20','0'),(3359,23,'12,20','0'),(3360,23,'13,20','0'),(3361,23,'14,20','0'),(3362,23,'15,20','0'),(3363,23,'16,20','0'),(3364,23,'17,20','0'),(3365,23,'18,20','0'),(3366,23,'19,20','0'),(3367,23,'20,20','1'),(3368,23,'21,20','0'),(3369,23,'22,20','0'),(3370,23,'23,20','0'),(3371,23,'24,20','0'),(3372,23,'25,20','0'),(3373,23,'26,20','0'),(3374,23,'27,20','0'),(3375,23,'28,20','0'),(3376,23,'29,20','0'),(3377,23,'30,20','0'),(3378,23,'31,20','0'),(3379,23,'32,20','0'),(3380,23,'33,20','0'),(3381,23,'34,20','0'),(3382,23,'35,20','0'),(3383,23,'3,21','0'),(3384,23,'4,21','0'),(3385,23,'5,21','0'),(3386,23,'6,21','0'),(3387,23,'7,21','0'),(3388,23,'8,21','0'),(3389,23,'9,21','0'),(3390,23,'10,21','0'),(3391,23,'11,21','0'),(3392,23,'12,21','0'),(3393,23,'13,21','0'),(3394,23,'14,21','0'),(3395,23,'15,21','0'),(3396,23,'16,21','0'),(3397,23,'17,21','0'),(3398,23,'18,21','0'),(3399,23,'19,21','0'),(3400,23,'20,21','0'),(3401,23,'21,21','1'),(3402,23,'22,21','0'),(3403,23,'23,21','0'),(3404,23,'24,21','0'),(3405,23,'25,21','0'),(3406,23,'26,21','0'),(3407,23,'27,21','0'),(3408,23,'28,21','0'),(3409,23,'29,21','0'),(3410,23,'30,21','0'),(3411,23,'31,21','0'),(3412,23,'32,21','0'),(3413,23,'33,21','0'),(3414,23,'34,21','0'),(3415,23,'35,21','0'),(3416,23,'3,22','0'),(3417,23,'4,22','0'),(3418,23,'5,22','0'),(3419,23,'6,22','0'),(3420,23,'7,22','0'),(3421,23,'8,22','0'),(3422,23,'9,22','0'),(3423,23,'10,22','0'),(3424,23,'11,22','0'),(3425,23,'12,22','0'),(3426,23,'13,22','0'),(3427,23,'14,22','0'),(3428,23,'15,22','0'),(3429,23,'16,22','0'),(3430,23,'17,22','0'),(3431,23,'18,22','0'),(3432,23,'19,22','0'),(3433,23,'20,22','0'),(3434,23,'21,22','0'),(3435,23,'22,22','1'),(3436,23,'23,22','0'),(3437,23,'24,22','0'),(3438,23,'25,22','0'),(3439,23,'26,22','0'),(3440,23,'27,22','0'),(3441,23,'28,22','0'),(3442,23,'29,22','0'),(3443,23,'30,22','0'),(3444,23,'31,22','0'),(3445,23,'32,22','0'),(3446,23,'33,22','0'),(3447,23,'34,22','0'),(3448,23,'35,22','0'),(3449,23,'3,23','0'),(3450,23,'4,23','0'),(3451,23,'5,23','0'),(3452,23,'6,23','0'),(3453,23,'7,23','0'),(3454,23,'8,23','0'),(3455,23,'9,23','0'),(3456,23,'10,23','0'),(3457,23,'11,23','0'),(3458,23,'12,23','0'),(3459,23,'13,23','0'),(3460,23,'14,23','0'),(3461,23,'15,23','0'),(3462,23,'16,23','0'),(3463,23,'17,23','0'),(3464,23,'18,23','0'),(3465,23,'19,23','0'),(3466,23,'20,23','0'),(3467,23,'21,23','0'),(3468,23,'22,23','0'),(3469,23,'23,23','1'),(3470,23,'24,23','0'),(3471,23,'25,23','0'),(3472,23,'26,23','0'),(3473,23,'27,23','0'),(3474,23,'28,23','0'),(3475,23,'29,23','0'),(3476,23,'30,23','0'),(3477,23,'31,23','0'),(3478,23,'32,23','0'),(3479,23,'33,23','0'),(3480,23,'34,23','0'),(3481,23,'35,23','0'),(3482,23,'3,24','0'),(3483,23,'4,24','0'),(3484,23,'5,24','0'),(3485,23,'6,24','0'),(3486,23,'7,24','0'),(3487,23,'8,24','0'),(3488,23,'9,24','0'),(3489,23,'10,24','0'),(3490,23,'11,24','0'),(3491,23,'12,24','0'),(3492,23,'13,24','0'),(3493,23,'14,24','0'),(3494,23,'15,24','0'),(3495,23,'16,24','0'),(3496,23,'17,24','0'),(3497,23,'18,24','0'),(3498,23,'19,24','0'),(3499,23,'20,24','0'),(3500,23,'21,24','0'),(3501,23,'22,24','0'),(3502,23,'23,24','0'),(3503,23,'24,24','1'),(3504,23,'25,24','0'),(3505,23,'26,24','0'),(3506,23,'27,24','0'),(3507,23,'28,24','0'),(3508,23,'29,24','0'),(3509,23,'30,24','0'),(3510,23,'31,24','0'),(3511,23,'32,24','0'),(3512,23,'33,24','0'),(3513,23,'34,24','0'),(3514,23,'35,24','0'),(3515,23,'3,25','0'),(3516,23,'4,25','0'),(3517,23,'5,25','0'),(3518,23,'6,25','0'),(3519,23,'7,25','0'),(3520,23,'8,25','0'),(3521,23,'9,25','0'),(3522,23,'10,25','0'),(3523,23,'11,25','0'),(3524,23,'12,25','0'),(3525,23,'13,25','0'),(3526,23,'14,25','0'),(3527,23,'15,25','0'),(3528,23,'16,25','0'),(3529,23,'17,25','0'),(3530,23,'18,25','0'),(3531,23,'19,25','0'),(3532,23,'20,25','0'),(3533,23,'21,25','0'),(3534,23,'22,25','0'),(3535,23,'23,25','0'),(3536,23,'24,25','0'),(3537,23,'25,25','1'),(3538,23,'26,25','0'),(3539,23,'27,25','0'),(3540,23,'28,25','0'),(3541,23,'29,25','0'),(3542,23,'30,25','0'),(3543,23,'31,25','0'),(3544,23,'32,25','0'),(3545,23,'33,25','0'),(3546,23,'34,25','0'),(3547,23,'35,25','0'),(3548,23,'3,26','0'),(3549,23,'4,26','0'),(3550,23,'5,26','0'),(3551,23,'6,26','0'),(3552,23,'7,26','0'),(3553,23,'8,26','0'),(3554,23,'9,26','0'),(3555,23,'10,26','0'),(3556,23,'11,26','0'),(3557,23,'12,26','0'),(3558,23,'13,26','0'),(3559,23,'14,26','0'),(3560,23,'15,26','0'),(3561,23,'16,26','0'),(3562,23,'17,26','0'),(3563,23,'18,26','0'),(3564,23,'19,26','0'),(3565,23,'20,26','0'),(3566,23,'21,26','0'),(3567,23,'22,26','0'),(3568,23,'23,26','0'),(3569,23,'24,26','0'),(3570,23,'25,26','0'),(3571,23,'26,26','1'),(3572,23,'27,26','0'),(3573,23,'28,26','0'),(3574,23,'29,26','0'),(3575,23,'30,26','0'),(3576,23,'31,26','0'),(3577,23,'32,26','0'),(3578,23,'33,26','0'),(3579,23,'34,26','0'),(3580,23,'35,26','0'),(3581,23,'3,27','0'),(3582,23,'4,27','0'),(3583,23,'5,27','0'),(3584,23,'6,27','0'),(3585,23,'7,27','0'),(3586,23,'8,27','0'),(3587,23,'9,27','0'),(3588,23,'10,27','0'),(3589,23,'11,27','0'),(3590,23,'12,27','0'),(3591,23,'13,27','0'),(3592,23,'14,27','0'),(3593,23,'15,27','0'),(3594,23,'16,27','0'),(3595,23,'17,27','0'),(3596,23,'18,27','0'),(3597,23,'19,27','0'),(3598,23,'20,27','0'),(3599,23,'21,27','0'),(3600,23,'22,27','0'),(3601,23,'23,27','0'),(3602,23,'24,27','0'),(3603,23,'25,27','0'),(3604,23,'26,27','0'),(3605,23,'27,27','1'),(3606,23,'28,27','0'),(3607,23,'29,27','0'),(3608,23,'30,27','0'),(3609,23,'31,27','0'),(3610,23,'32,27','0'),(3611,23,'33,27','0'),(3612,23,'34,27','0'),(3613,23,'35,27','0'),(3614,23,'3,28','0'),(3615,23,'4,28','0'),(3616,23,'5,28','0'),(3617,23,'6,28','0'),(3618,23,'7,28','0'),(3619,23,'8,28','0'),(3620,23,'9,28','0'),(3621,23,'10,28','0'),(3622,23,'11,28','0'),(3623,23,'12,28','0'),(3624,23,'13,28','0'),(3625,23,'14,28','0'),(3626,23,'15,28','0'),(3627,23,'16,28','0'),(3628,23,'17,28','0'),(3629,23,'18,28','0'),(3630,23,'19,28','0'),(3631,23,'20,28','0'),(3632,23,'21,28','0'),(3633,23,'22,28','0'),(3634,23,'23,28','0'),(3635,23,'24,28','0'),(3636,23,'25,28','0'),(3637,23,'26,28','0'),(3638,23,'27,28','0'),(3639,23,'28,28','1'),(3640,23,'29,28','0'),(3641,23,'30,28','0'),(3642,23,'31,28','0'),(3643,23,'32,28','0'),(3644,23,'33,28','0'),(3645,23,'34,28','0'),(3646,23,'35,28','0'),(3647,23,'3,29','0'),(3648,23,'4,29','0'),(3649,23,'5,29','0'),(3650,23,'6,29','0'),(3651,23,'7,29','0'),(3652,23,'8,29','0'),(3653,23,'9,29','0'),(3654,23,'10,29','0'),(3655,23,'11,29','0'),(3656,23,'12,29','0'),(3657,23,'13,29','0'),(3658,23,'14,29','0'),(3659,23,'15,29','0'),(3660,23,'16,29','0'),(3661,23,'17,29','0'),(3662,23,'18,29','0'),(3663,23,'19,29','0'),(3664,23,'20,29','0'),(3665,23,'21,29','0'),(3666,23,'22,29','0'),(3667,23,'23,29','0'),(3668,23,'24,29','0'),(3669,23,'25,29','0'),(3670,23,'26,29','0'),(3671,23,'27,29','0'),(3672,23,'28,29','0'),(3673,23,'29,29','1'),(3674,23,'30,29','0'),(3675,23,'31,29','0'),(3676,23,'32,29','0'),(3677,23,'33,29','0'),(3678,23,'34,29','0'),(3679,23,'35,29','0'),(3680,23,'3,30','0'),(3681,23,'4,30','0'),(3682,23,'5,30','0'),(3683,23,'6,30','0'),(3684,23,'7,30','0'),(3685,23,'8,30','0'),(3686,23,'9,30','0'),(3687,23,'10,30','0'),(3688,23,'11,30','0'),(3689,23,'12,30','0'),(3690,23,'13,30','0'),(3691,23,'14,30','0'),(3692,23,'15,30','0'),(3693,23,'16,30','0'),(3694,23,'17,30','0'),(3695,23,'18,30','0'),(3696,23,'19,30','0'),(3697,23,'20,30','0'),(3698,23,'21,30','0'),(3699,23,'22,30','0'),(3700,23,'23,30','0'),(3701,23,'24,30','0'),(3702,23,'25,30','0'),(3703,23,'26,30','0'),(3704,23,'27,30','0'),(3705,23,'28,30','0'),(3706,23,'29,30','0'),(3707,23,'30,30','1'),(3708,23,'31,30','0'),(3709,23,'32,30','0'),(3710,23,'33,30','0'),(3711,23,'34,30','0'),(3712,23,'35,30','0'),(3713,23,'3,31','0'),(3714,23,'4,31','0'),(3715,23,'5,31','0'),(3716,23,'6,31','0'),(3717,23,'7,31','0'),(3718,23,'8,31','0'),(3719,23,'9,31','0'),(3720,23,'10,31','0'),(3721,23,'11,31','0'),(3722,23,'12,31','0'),(3723,23,'13,31','0'),(3724,23,'14,31','0'),(3725,23,'15,31','0'),(3726,23,'16,31','0'),(3727,23,'17,31','0'),(3728,23,'18,31','0'),(3729,23,'19,31','0'),(3730,23,'20,31','0'),(3731,23,'21,31','0'),(3732,23,'22,31','0'),(3733,23,'23,31','0'),(3734,23,'24,31','0'),(3735,23,'25,31','0'),(3736,23,'26,31','0'),(3737,23,'27,31','0'),(3738,23,'28,31','0'),(3739,23,'29,31','0'),(3740,23,'30,31','0'),(3741,23,'31,31','1'),(3742,23,'32,31','0'),(3743,23,'33,31','0'),(3744,23,'34,31','0'),(3745,23,'35,31','0'),(3746,23,'3,32','0'),(3747,23,'4,32','0'),(3748,23,'5,32','0'),(3749,23,'6,32','0'),(3750,23,'7,32','0'),(3751,23,'8,32','0'),(3752,23,'9,32','0'),(3753,23,'10,32','0'),(3754,23,'11,32','0'),(3755,23,'12,32','0'),(3756,23,'13,32','0'),(3757,23,'14,32','0'),(3758,23,'15,32','0'),(3759,23,'16,32','0'),(3760,23,'17,32','0'),(3761,23,'18,32','0'),(3762,23,'19,32','0'),(3763,23,'20,32','0'),(3764,23,'21,32','0'),(3765,23,'22,32','0'),(3766,23,'23,32','0'),(3767,23,'24,32','0'),(3768,23,'25,32','0'),(3769,23,'26,32','0'),(3770,23,'27,32','0'),(3771,23,'28,32','0'),(3772,23,'29,32','0'),(3773,23,'30,32','0'),(3774,23,'31,32','0'),(3775,23,'32,32','1'),(3776,23,'33,32','0'),(3777,23,'34,32','0'),(3778,23,'35,32','0'),(3779,23,'3,33','0'),(3780,23,'4,33','0'),(3781,23,'5,33','0'),(3782,23,'6,33','0'),(3783,23,'7,33','0'),(3784,23,'8,33','0'),(3785,23,'9,33','0'),(3786,23,'10,33','0'),(3787,23,'11,33','0'),(3788,23,'12,33','0'),(3789,23,'13,33','0'),(3790,23,'14,33','0'),(3791,23,'15,33','0'),(3792,23,'16,33','0'),(3793,23,'17,33','0'),(3794,23,'18,33','0'),(3795,23,'19,33','0'),(3796,23,'20,33','0'),(3797,23,'21,33','0'),(3798,23,'22,33','0'),(3799,23,'23,33','0'),(3800,23,'24,33','0'),(3801,23,'25,33','0'),(3802,23,'26,33','0'),(3803,23,'27,33','0'),(3804,23,'28,33','0'),(3805,23,'29,33','0'),(3806,23,'30,33','0'),(3807,23,'31,33','0'),(3808,23,'32,33','0'),(3809,23,'33,33','1'),(3810,23,'34,33','0'),(3811,23,'35,33','0'),(3812,23,'3,34','0'),(3813,23,'4,34','0'),(3814,23,'5,34','0'),(3815,23,'6,34','0'),(3816,23,'7,34','0'),(3817,23,'8,34','0'),(3818,23,'9,34','0'),(3819,23,'10,34','0'),(3820,23,'11,34','0'),(3821,23,'12,34','0'),(3822,23,'13,34','0'),(3823,23,'14,34','0'),(3824,23,'15,34','0'),(3825,23,'16,34','0'),(3826,23,'17,34','0'),(3827,23,'18,34','0'),(3828,23,'19,34','0'),(3829,23,'20,34','0'),(3830,23,'21,34','0'),(3831,23,'22,34','0'),(3832,23,'23,34','0'),(3833,23,'24,34','0'),(3834,23,'25,34','0'),(3835,23,'26,34','0'),(3836,23,'27,34','0'),(3837,23,'28,34','0'),(3838,23,'29,34','0'),(3839,23,'30,34','0'),(3840,23,'31,34','0'),(3841,23,'32,34','0'),(3842,23,'33,34','0'),(3843,23,'34,34','1'),(3844,23,'35,34','0'),(3845,23,'3,35','0'),(3846,23,'4,35','0'),(3847,23,'5,35','0'),(3848,23,'6,35','0'),(3849,23,'7,35','0'),(3850,23,'8,35','0'),(3851,23,'9,35','0'),(3852,23,'10,35','0'),(3853,23,'11,35','0'),(3854,23,'12,35','0'),(3855,23,'13,35','0'),(3856,23,'14,35','0'),(3857,23,'15,35','0'),(3858,23,'16,35','0'),(3859,23,'17,35','0'),(3860,23,'18,35','0'),(3861,23,'19,35','0'),(3862,23,'20,35','0'),(3863,23,'21,35','0'),(3864,23,'22,35','0'),(3865,23,'23,35','0'),(3866,23,'24,35','0'),(3867,23,'25,35','0'),(3868,23,'26,35','0'),(3869,23,'27,35','0'),(3870,23,'28,35','0'),(3871,23,'29,35','0'),(3872,23,'30,35','0'),(3873,23,'31,35','0'),(3874,23,'32,35','0'),(3875,23,'33,35','0'),(3876,23,'34,35','0'),(3877,23,'35,35','1'),(3878,27,'21447','1'),(3879,27,'83234','0'),(3880,27,'94666','1'),(3881,27,'10832','0'),(3882,27,'74201','0'),(3883,27,'60027','1'),(3884,28,'121','0'),(3885,29,'6','1'),(3886,30,'17296,18416','1'),(3887,32,'1,18','20'),(3888,33,'12345','15'),(3889,34,'1700','0'),(3890,34,'1980','1'),(3891,35,'50205','1'),(3892,35,'12121','1'),(3893,35,'12212','0'),(3894,37,'123','321'),(3895,40,'1,144','10'),(3896,42,'2,2,4,4','3'),(3897,27,'4949','0'),(3898,27,'87589','0'),(3899,27,'20325','0'),(3900,27,'29354','0'),(3901,27,'6557','1'),(3902,27,'68108','0'),(3903,27,'34512','0'),(3904,27,'47809','0'),(3905,27,'12081','0'),(3906,27,'79510','0'),(3907,27,'40550','1'),(3908,27,'75684','0'),(3909,27,'23666','1'),(3910,27,'18741','0'),(3911,27,'99980','1'),(3912,27,'7186','0'),(3913,27,'8494','0'),(3914,27,'8413','0'),(3915,27,'72920','0'),(3916,27,'58891','1'),(3917,27,'56383','0'),(3918,27,'47958','0'),(3919,27,'85354','0'),(3920,27,'13081','0'),(3921,27,'37775','1'),(3922,27,'50111','1'),(3923,27,'5210','0'),(3924,27,'44797','1'),(3925,27,'83360','1'),(3926,27,'63915','0'),(3927,27,'83639','0'),(3928,27,'88309','1'),(3929,27,'51503','0'),(3930,27,'3963','0'),(3931,27,'17662','1'),(3932,27,'58061','0'),(3933,27,'72072','0'),(3934,27,'52175','0'),(3935,27,'5870','0'),(3936,27,'84153','0'),(3937,27,'31685','0'),(3938,27,'46420','0'),(3939,27,'59836','0'),(3940,27,'55352','1'),(3941,27,'65162','0'),(3942,27,'59815','0'),(3943,27,'62538','0'),(3944,27,'73656','0'),(3945,27,'68229','1'),(3946,27,'35458','0'),(3947,27,'32547','0'),(3948,27,'24611','1'),(3949,27,'83417','0'),(3950,27,'17901','0'),(3951,27,'37693','0'),(3952,27,'21191','1'),(3953,27,'68013','0'),(3954,27,'42904','0'),(3955,27,'65989','0'),(3956,27,'51372','0'),(3957,27,'6818','0'),(3958,27,'49627','0'),(3959,27,'39680','0'),(3960,27,'58322','1'),(3961,27,'53591','0'),(3962,27,'57343','0'),(3963,27,'16382','0'),(3964,27,'25663','1'),(3965,27,'9518','0'),(3966,27,'22252','1'),(3967,27,'9815','0'),(3968,27,'41203','0'),(3969,27,'68673','0'),(3970,27,'69651','0'),(3971,27,'96555','1'),(3972,27,'33835','1'),(3973,27,'29466','1'),(3974,27,'59093','0'),(3975,27,'7491','0'),(3976,27,'97695','0'),(3977,27,'94551','1'),(3978,27,'40038','1'),(3979,27,'22306','1'),(3980,27,'77967','1'),(3981,27,'57940','0'),(3982,27,'59999','1'),(3983,27,'99159','1'),(3984,27,'25952','0'),(3985,27,'2902','0'),(3986,27,'65148','0'),(3987,27,'77325','1'),(3988,27,'9721','0'),(3989,27,'14775','1'),(3990,27,'17004','1'),(3991,27,'68043','0'),(3992,27,'68367','0'),(3993,27,'74348','0'),(3994,27,'84426','1'),(3995,27,'94030','0'),(3996,27,'83866','1'),(3997,27,'6678','1'),(3998,27,'3844','1'),(3999,27,'25069','0'),(4000,27,'75352','0'),(4001,27,'73496','0'),(4002,27,'21623','0'),(4003,27,'9187','0'),(4004,27,'2962','0'),(4005,27,'80716','0'),(4006,27,'16678','1'),(4007,27,'656','0'),(4008,27,'75267','0'),(4009,27,'56717','0'),(4010,27,'22963','1'),(4011,27,'53234','0'),(4012,27,'14656','0'),(4013,27,'82962','0'),(4014,27,'52393','0'),(4015,27,'40609','0'),(4016,27,'85865','0'),(4017,27,'17540','0'),(4018,27,'17933','1'),(4019,27,'95586','1'),(4020,27,'32316','0'),(4021,27,'34938','0'),(4022,27,'63629','0'),(4023,27,'682','0'),(4024,27,'9286','0'),(4025,27,'48055','1'),(4026,27,'94712','0'),(4027,27,'93153','0'),(4028,27,'54733','1'),(4029,27,'98556','1'),(4030,27,'18221','1'),(4031,27,'30085','1'),(4032,27,'72052','0'),(4033,27,'39844','1'),(4034,27,'39272','0'),(4035,27,'75014','0'),(4036,27,'20560','0'),(4037,27,'55950','1'),(4038,27,'75671','0'),(4039,27,'95827','0'),(4040,27,'12667','1'),(4041,27,'98634','0'),(4042,27,'49061','0'),(4043,27,'27324','0'),(4044,27,'81595','0'),(4045,27,'1453','0'),(4046,27,'67933','1'),(4047,27,'67460','0'),(4048,27,'18994','1'),(4049,27,'85867','0'),(4050,27,'63045','0'),(4051,27,'51310','0'),(4052,27,'20805','0'),(4053,27,'26674','1'),(4054,27,'51993','1'),(4055,27,'30091','1'),(4056,27,'74729','0'),(4057,27,'46704','0'),(4058,27,'23244','1'),(4059,27,'29462','0'),(4060,27,'45260','0'),(4061,27,'41465','0'),(4062,27,'59548','0'),(4063,27,'17311','1'),(4064,27,'81310','0'),(4065,27,'98820','1'),(4066,27,'92325','0'),(4067,27,'1869','0'),(4068,27,'54770','1'),(4069,27,'67996','1'),(4070,27,'97697','0'),(4071,27,'67437','0'),(4072,27,'66629','1'),(4073,27,'46758','0'),(4074,27,'94761','0'),(4075,27,'48224','1'),(4076,27,'48211','1'),(4077,27,'62694','0'),(4078,27,'15683','0'),(4079,27,'67206','0'),(4080,27,'48560','0'),(4081,27,'78728','0'),(4082,27,'18516','0'),(4083,27,'69366','1'),(4084,27,'5402','0'),(4085,27,'70509','0'),(4086,27,'99458','1'),(4087,27,'80131','0'),(4088,27,'17213','0'),(4089,27,'22701','1'),(4090,27,'9593','0'),(4091,27,'62473','0'),(4092,27,'64167','0'),(4093,27,'69141','0'),(4094,27,'79785','0'),(4095,27,'45476','0'),(4096,28,'1056','1'),(4097,28,'1071','0'),(4098,28,'1122','1'),(4099,28,'1143','0'),(4100,28,'1190','1'),(4101,28,'1215','0'),(4102,28,'1260','1'),(4103,28,'1287','0'),(4104,28,'1332','1'),(4105,28,'1359','0'),(4106,28,'1406','1'),(4107,28,'1431','0'),(4108,28,'1482','1'),(4109,28,'1503','0'),(4110,28,'1560','1'),(4111,28,'1575','0'),(4112,28,'1640','1'),(4113,28,'1647','0'),(4114,28,'1718','0'),(4115,28,'1722','1'),(4116,28,'1790','0'),(4117,28,'1806','1'),(4118,28,'1862','0'),(4119,28,'1892','1'),(4120,28,'1934','0'),(4121,28,'1980','1'),(4122,28,'2006','0'),(4123,28,'2070','1'),(4124,28,'2078','0'),(4125,28,'2149','0'),(4126,28,'2162','1'),(4127,28,'2221','0'),(4128,28,'2256','1'),(4129,28,'2293','0'),(4130,28,'2352','1'),(4131,28,'2365','0'),(4132,28,'2436','0'),(4133,28,'2450','1'),(4134,28,'2508','0'),(4135,28,'2550','1'),(4136,28,'2580','0'),(4137,28,'2651','0'),(4138,28,'2652','1'),(4139,28,'2723','0'),(4140,28,'2756','1'),(4141,28,'2795','0'),(4142,28,'2862','1'),(4143,28,'2867','0'),(4144,28,'2938','0'),(4145,28,'2970','1'),(4146,28,'3010','0'),(4147,28,'3080','1'),(4148,28,'3082','0'),(4149,28,'3153','0'),(4150,28,'3192','1'),(4151,28,'3225','0'),(4152,28,'3296','0'),(4153,28,'3306','1'),(4154,28,'3368','0'),(4155,28,'3422','1'),(4156,28,'3440','0'),(4157,28,'3511','0'),(4158,28,'3540','1'),(4159,28,'3583','0'),(4160,28,'3654','0'),(4161,28,'3660','1'),(4162,28,'3726','0'),(4163,28,'3782','1'),(4164,28,'3798','0'),(4165,28,'3869','0'),(4166,28,'3906','1'),(4167,28,'3941','0'),(4168,28,'4012','0'),(4169,28,'4032','1'),(4170,28,'4084','0'),(4171,28,'4155','0'),(4172,28,'4160','1'),(4173,28,'4227','0'),(4174,28,'4290','1'),(4175,28,'4299','0'),(4176,28,'4370','0'),(4177,28,'4422','1'),(4178,28,'4442','0'),(4179,28,'4513','0'),(4180,28,'4556','1'),(4181,28,'4585','0'),(4182,28,'4656','0'),(4183,28,'4692','1'),(4184,28,'4728','0'),(4185,28,'4799','0'),(4186,28,'4830','1'),(4187,28,'4871','0'),(4188,28,'4942','0'),(4189,28,'4970','1'),(4190,28,'5014','0'),(4191,28,'5085','0'),(4192,28,'5112','1'),(4193,28,'5157','0'),(4194,28,'5228','0'),(4195,28,'5256','1'),(4196,28,'5300','0'),(4197,28,'5371','0'),(4198,28,'5402','1'),(4199,28,'5443','0'),(4200,28,'5514','0'),(4201,28,'5550','1'),(4202,28,'5586','0'),(4203,28,'5657','0'),(4204,28,'5700','1'),(4205,28,'5729','0'),(4206,28,'5800','0'),(4207,28,'5852','1'),(4208,28,'5872','0'),(4209,28,'5943','0'),(4210,28,'6006','1'),(4211,28,'6015','0'),(4212,28,'6086','0'),(4213,28,'6157','0'),(4214,28,'6162','1'),(4215,28,'6229','0'),(4216,28,'6300','0'),(4217,28,'6320','1'),(4218,28,'6372','0'),(4219,28,'6443','0'),(4220,28,'6480','1'),(4221,28,'6515','0'),(4222,28,'6586','0'),(4223,28,'6642','1'),(4224,28,'6658','0'),(4225,28,'6729','0'),(4226,28,'6800','0'),(4227,28,'6806','1'),(4228,28,'6872','0'),(4229,28,'6943','0'),(4230,28,'6972','1'),(4231,28,'7015','0'),(4232,28,'7086','0'),(4233,28,'7140','1'),(4234,28,'7158','0'),(4235,28,'7229','0'),(4236,28,'7300','0'),(4237,28,'7310','1'),(4238,28,'7372','0'),(4239,28,'7443','0'),(4240,28,'7482','1'),(4241,28,'7515','0'),(4242,28,'7586','0'),(4243,28,'7656','1'),(4244,28,'7658','0'),(4245,28,'7729','0'),(4246,28,'7800','0'),(4247,28,'7832','1'),(4248,28,'7872','0'),(4249,28,'7943','0'),(4250,28,'8010','1'),(4251,28,'8015','0'),(4252,28,'8086','0'),(4253,28,'8157','0'),(4254,28,'8190','1'),(4255,28,'8229','0'),(4256,28,'8300','0'),(4257,28,'8371','0'),(4258,28,'8372','1'),(4259,28,'8443','0'),(4260,28,'8514','0'),(4261,28,'8556','1'),(4262,28,'8586','0'),(4263,28,'8657','0'),(4264,28,'8728','0'),(4265,28,'8742','1'),(4266,28,'8800','0'),(4267,28,'8871','0'),(4268,28,'8930','1'),(4269,28,'8943','0'),(4270,28,'9014','0'),(4271,28,'9085','0'),(4272,28,'9120','1'),(4273,28,'9157','0'),(4274,28,'9228','0'),(4275,28,'9299','0'),(4276,28,'9312','1'),(4277,28,'9371','0'),(4278,28,'9442','0'),(4279,28,'9506','1'),(4280,28,'9514','0'),(4281,28,'9585','0'),(4282,28,'9656','0'),(4283,28,'9702','1'),(4284,28,'9728','0'),(4285,28,'9799','0'),(4286,28,'9870','0'),(4287,28,'9900','1'),(4288,28,'9942','0'),(4289,28,'1056','1'),(4290,28,'1071','0'),(4291,28,'1122','1'),(4292,28,'1143','0'),(4293,28,'1190','1'),(4294,28,'1215','0'),(4295,28,'1260','1'),(4296,28,'1287','0'),(4297,28,'1332','1'),(4298,28,'1359','0'),(4299,28,'1406','1'),(4300,28,'1431','0'),(4301,28,'1482','1'),(4302,28,'1503','0'),(4303,28,'1560','1'),(4304,28,'1575','0'),(4305,28,'1640','1'),(4306,28,'1647','0'),(4307,28,'1718','0'),(4308,28,'1722','1'),(4309,28,'1790','0'),(4310,28,'1806','1'),(4311,28,'1862','0'),(4312,28,'1892','1'),(4313,28,'1934','0'),(4314,28,'1980','1'),(4315,28,'2006','0'),(4316,28,'2070','1'),(4317,28,'2078','0'),(4318,28,'2149','0'),(4319,28,'2162','1'),(4320,28,'2221','0'),(4321,28,'2256','1'),(4322,28,'2293','0'),(4323,28,'2352','1'),(4324,28,'2365','0'),(4325,28,'2436','0'),(4326,28,'2450','1'),(4327,28,'2508','0'),(4328,28,'2550','1'),(4329,28,'2580','0'),(4330,28,'2651','0'),(4331,28,'2652','1'),(4332,28,'2723','0'),(4333,28,'2756','1'),(4334,28,'2795','0'),(4335,28,'2862','1'),(4336,28,'2867','0'),(4337,28,'2938','0'),(4338,28,'2970','1'),(4339,28,'3010','0'),(4340,28,'3080','1'),(4341,28,'3082','0'),(4342,28,'3153','0'),(4343,28,'3192','1'),(4344,28,'3225','0'),(4345,28,'3296','0'),(4346,28,'3306','1'),(4347,28,'3368','0'),(4348,28,'3422','1'),(4349,28,'3440','0'),(4350,28,'3511','0'),(4351,28,'3540','1'),(4352,28,'3583','0'),(4353,28,'3654','0'),(4354,28,'3660','1'),(4355,28,'3726','0'),(4356,28,'3782','1'),(4357,28,'3798','0'),(4358,28,'3869','0'),(4359,28,'3906','1'),(4360,28,'3941','0'),(4361,28,'4012','0'),(4362,28,'4032','1'),(4363,28,'4084','0'),(4364,28,'4155','0'),(4365,28,'4160','1'),(4366,28,'4227','0'),(4367,28,'4290','1'),(4368,28,'4299','0'),(4369,28,'4370','0'),(4370,28,'4422','1'),(4371,28,'4442','0'),(4372,28,'4513','0'),(4373,28,'4556','1'),(4374,28,'4585','0'),(4375,28,'4656','0'),(4376,28,'4692','1'),(4377,28,'4728','0'),(4378,28,'4799','0'),(4379,28,'4830','1'),(4380,28,'4871','0'),(4381,28,'4942','0'),(4382,28,'4970','1'),(4383,28,'5014','0'),(4384,28,'5085','0'),(4385,28,'5112','1'),(4386,28,'5157','0'),(4387,28,'5228','0'),(4388,28,'5256','1'),(4389,28,'5300','0'),(4390,28,'5371','0'),(4391,28,'5402','1'),(4392,28,'5443','0'),(4393,28,'5514','0'),(4394,28,'5550','1'),(4395,28,'5586','0'),(4396,28,'5657','0'),(4397,28,'5700','1'),(4398,28,'5729','0'),(4399,28,'5800','0'),(4400,28,'5852','1'),(4401,28,'5872','0'),(4402,28,'5943','0'),(4403,28,'6006','1'),(4404,28,'6015','0'),(4405,28,'6086','0'),(4406,28,'6157','0'),(4407,28,'6162','1'),(4408,28,'6229','0'),(4409,28,'6300','0'),(4410,28,'6320','1'),(4411,28,'6372','0'),(4412,28,'6443','0'),(4413,28,'6480','1'),(4414,28,'6515','0'),(4415,28,'6586','0'),(4416,28,'6642','1'),(4417,28,'6658','0'),(4418,28,'6729','0'),(4419,28,'6800','0'),(4420,28,'6806','1'),(4421,28,'6872','0'),(4422,28,'6943','0'),(4423,28,'6972','1'),(4424,28,'7015','0'),(4425,28,'7086','0'),(4426,28,'7140','1'),(4427,28,'7158','0'),(4428,28,'7229','0'),(4429,28,'7300','0'),(4430,28,'7310','1'),(4431,28,'7372','0'),(4432,28,'7443','0'),(4433,28,'7482','1'),(4434,28,'7515','0'),(4435,28,'7586','0'),(4436,28,'7656','1'),(4437,28,'7658','0'),(4438,28,'7729','0'),(4439,28,'7800','0'),(4440,28,'7832','1'),(4441,28,'7872','0'),(4442,28,'7943','0'),(4443,28,'8010','1'),(4444,28,'8015','0'),(4445,28,'8086','0'),(4446,28,'8157','0'),(4447,28,'8190','1'),(4448,28,'8229','0'),(4449,28,'8300','0'),(4450,28,'8371','0'),(4451,28,'8372','1'),(4452,28,'8443','0'),(4453,28,'8514','0'),(4454,28,'8556','1'),(4455,28,'8586','0'),(4456,28,'8657','0'),(4457,28,'8728','0'),(4458,28,'8742','1'),(4459,28,'8800','0'),(4460,28,'8871','0'),(4461,28,'8930','1'),(4462,28,'8943','0'),(4463,28,'9014','0'),(4464,28,'9085','0'),(4465,28,'9120','1'),(4466,28,'9157','0'),(4467,28,'9228','0'),(4468,28,'9299','0'),(4469,28,'9312','1'),(4470,28,'9371','0'),(4471,28,'9442','0'),(4472,28,'9506','1'),(4473,28,'9514','0'),(4474,28,'9585','0'),(4475,28,'9656','0'),(4476,28,'9702','1'),(4477,28,'9728','0'),(4478,28,'9799','0'),(4479,28,'9870','0'),(4480,28,'9900','1'),(4481,28,'9942','0'),(4482,29,'0','1'),(4483,29,'6','1'),(4484,29,'28','1'),(4485,29,'303','0'),(4486,29,'496','1'),(4487,29,'605','0'),(4488,29,'906','0'),(4489,29,'1207','0'),(4490,29,'1508','0'),(4491,29,'1809','0'),(4492,29,'2110','0'),(4493,29,'2411','0'),(4494,29,'2712','0'),(4495,29,'3013','0'),(4496,29,'3314','0'),(4497,29,'3615','0'),(4498,29,'3916','0'),(4499,29,'4217','0'),(4500,29,'4518','0'),(4501,29,'4819','0'),(4502,29,'5120','0'),(4503,29,'5421','0'),(4504,29,'5722','0'),(4505,29,'6023','0'),(4506,29,'6324','0'),(4507,29,'6625','0'),(4508,29,'6926','0'),(4509,29,'7227','0'),(4510,29,'7528','0'),(4511,29,'7829','0'),(4512,29,'8128','1'),(4513,29,'8131','0'),(4514,29,'8432','0'),(4515,29,'8733','0'),(4516,29,'9034','0'),(4517,29,'9335','0'),(4518,29,'9636','0'),(4519,29,'9937','0'),(4520,30,'220,282','0'),(4521,30,'284,222','0'),(4522,30,'220,284','1'),(4523,30,'1184,1210','1'),(4524,30,'1184,284','0'),(4525,30,'284,220','1'),(4526,30,'1120,1389','0'),(4527,30,'6232,6368','1'),(4578,31,'5,3','14'),(4579,31,'10,6','28'),(4580,31,'15,9','42'),(4581,31,'20,12','56'),(4582,31,'25,15','70'),(4583,31,'30,18','84'),(4584,31,'35,21','98'),(4585,31,'40,24','112'),(4586,31,'50,30','140'),(4587,31,'45,27','126'),(4588,31,'85,25','212'),(4589,31,'86,55','242'),(4590,31,'87,19','207'),(4591,31,'88,49','244'),(4592,31,'89,33','231'),(4593,31,'90,26','224'),(4594,31,'91,16','211'),(4595,31,'92,9','201'),(4596,31,'93,41','248'),(4597,31,'94,32','240'),(4598,31,'95,75','266'),(4599,31,'96,26','236'),(4600,31,'97,53','268'),(4601,31,'98,52','270'),(4602,31,'99,32','251'),(4603,31,'100,27','246'),(4604,31,'101,70','285'),(4605,31,'102,15','231'),(4606,31,'103,57','285'),(4607,31,'104,68','293'),(4608,31,'105,7','223'),(4609,31,'106,57','292'),(4610,31,'107,43','281'),(4611,31,'108,23','257'),(4612,31,'109,25','262'),(4613,31,'110,23','261'),(4614,31,'111,68','311'),(4615,31,'112,39','287'),(4616,31,'113,44','296'),(4617,31,'114,50','304'),(4618,31,'115,59','315'),(4619,31,'116,68','323'),(4620,31,'117,30','286'),(4621,31,'118,2','239'),(4622,31,'119,41','305'),(4623,31,'120,63','330'),(4624,31,'121,28','291'),(4625,31,'122,56','328'),(4626,31,'123,71','342'),(4627,31,'124,69','344'),(4628,31,'75,12','172'),(4629,31,'76,71','196'),(4630,31,'77,19','187'),(4631,31,'78,65','216'),(4632,31,'79,47','220'),(4633,31,'80,51','225'),(4634,31,'81,17','192'),(4635,31,'82,41','224'),(4636,31,'83,65','233'),(4637,31,'84,74','227'),(4638,31,'85,34','223'),(4639,31,'86,71','239'),(4640,31,'87,55','244'),(4641,31,'88,1','177'),(4642,31,'89,18','210'),(4643,31,'90,4','187'),(4644,31,'91,24','223'),(4645,31,'92,10','202'),(4646,31,'93,42','249'),(4647,31,'94,67','265'),(4648,31,'95,60','267'),(4649,31,'96,26','236'),(4650,31,'97,59','271'),(4651,31,'98,15','223'),(4652,31,'99,28','245'),(4653,31,'100,25','243'),(4654,31,'101,2','205'),(4655,31,'102,55','281'),(4656,31,'103,6','217'),(4657,31,'104,73','294'),(4658,31,'105,48','282'),(4659,31,'106,18','244'),(4660,31,'107,68','301'),(4661,31,'108,67','303'),(4662,31,'109,8','233'),(4663,31,'110,40','284'),(4664,31,'111,42','289'),(4665,31,'112,24','266'),(4666,31,'113,6','237'),(4667,31,'114,31','281'),(4668,31,'115,22','269'),(4669,31,'116,39','296'),(4670,31,'117,26','280'),(4671,31,'118,1','237'),(4672,31,'119,40','304'),(4673,31,'120,44','311'),(4674,31,'121,5','251'),(4675,31,'122,63','334'),(4676,31,'123,54','329'),(4677,31,'124,47','323'),(4678,42,'2,2,4,4','3'),(4679,42,'94,9,24,25','38'),(4680,42,'46,48,16,26','34'),(4681,42,'90,56,14,27','46'),(4682,42,'89,58,61,28','59'),(4683,42,'92,11,10,29','35'),(4684,42,'79,45,62,30','54'),(4685,42,'91,62,91,31','68'),(4686,42,'5,38,35,32','27'),(4687,42,'28,67,52,33','45'),(4688,42,'98,9,84,34','56'),(4689,42,'10,5,77,35','31'),(4690,42,'73,23,23,36','38'),(4691,42,'47,34,12,37','32'),(4692,42,'24,44,100,38','51'),(4693,42,'38,15,91,39','45'),(4694,42,'98,22,70,40','57'),(4695,42,'80,68,61,41','62'),(4696,42,'30,61,65,42','49'),(4697,42,'19,12,93,43','41'),(4698,42,'31,51,91,44','54'),(4699,42,'37,39,100,45','55'),(4700,42,'67,21,72,46','51'),(4701,42,'12,38,18,47','28'),(4702,42,'71,46,41,48','51'),(4703,42,'90,46,79,49','66'),(4704,42,'18,39,76,50','45'),(4705,42,'8,16,56,51','32'),(4706,42,'89,61,85,52','71'),(4707,42,'4,35,4,53','24'),(4708,42,'71,29,34,54','47'),(4709,42,'22,21,71,55','42'),(4710,42,'50,21,38,56','41'),(4711,42,'99,75,50,57','70'),(4712,42,'60,13,20,58','37'),(4713,42,'21,44,9,59','33'),(4714,42,'72,27,27,60','46'),(4715,42,'92,9,34,61','49'),(4716,42,'73,50,23,62','52'),(4717,42,'19,39,26,63','36'),(4718,42,'57,42,97,64','65'),(4719,42,'84,68,18,65','58'),(4720,42,'12,46,67,66','47'),(4721,42,'11,74,66,67','54'),(4722,42,'27,36,26,68','39'),(4723,42,'84,50,47,69','62'),(4724,42,'20,57,18,70','41'),(4725,42,'32,2,10,71','28'),(4726,42,'98,27,83,72','70'),(4727,42,'50,44,1,73','42'),(4728,42,'5,63,57,74','49'),(4729,42,'95,61,41,75','68'),(4730,42,'55,74,52,76','64'),(4731,42,'53,49,62,77','60'),(4732,42,'100,24,88,78','72'),(4733,42,'66,43,72,79','65'),(4734,42,'42,3,92,80','54'),(4735,42,'43,16,23,81','40'),(4736,42,'79,23,21,82','51'),(4737,42,'37,10,70,83','50'),(4738,42,'21,10,75,84','47'),(4739,42,'1,52,69,85','51'),(4740,42,'100,7,24,86','54'),(4741,42,'65,46,76,87','68'),(4742,42,'96,17,75,88','69'),(4743,42,'53,8,40,89','47'),(4744,42,'55,62,82,90','72'),(4745,42,'76,55,25,91','61'),(4746,42,'6,72,3,92','43'),(4747,42,'18,13,40,93','41'),(4748,42,'31,65,61,94','62'),(4749,42,'99,46,62,95','75'),(4750,42,'8,23,61,96','47'),(4751,42,'68,40,25,97','57'),(4752,42,'90,21,20,98','57'),(4753,42,'100,2,72,99','68'),(4754,42,'81,32,27,100','60'),(4755,42,'54,18,3,101','44'),(4756,42,'50,36,8,102','49'),(4757,42,'67,38,26,103','58'),(4758,42,'53,68,56,104','70'),(4759,42,'13,38,54,105','52'),(4760,42,'43,9,62,106','55'),(4761,42,'95,54,29,107','71'),(4762,42,'23,72,19,108','55'),(4763,42,'25,12,18,109','41'),(4764,42,'67,66,99,110','85'),(4765,42,'90,11,53,111','66'),(4766,42,'37,12,2,112','40'),(4767,42,'87,18,68,113','71'),(4768,42,'77,37,21,114','62'),(4769,42,'27,3,33,115','44'),(4770,42,'38,43,76,116','68'),(4771,42,'9,14,70,117','52'),(4772,42,'5,36,93,118','63'),(4773,42,'20,49,18,119','51'),(4774,42,'7,62,84,120','68'),(4775,42,'21,61,74,121','69'),(4776,42,'36,25,11,122','48'),(4777,42,'59,27,98,123','76'),(4778,42,'8,3,74,124','52'),(4782,32,'2,18','40'),(4783,32,'1,36','10'),(4784,32,'2,36','20'),(4785,32,'5,36','50'),(4786,32,'1,40','9'),(4787,32,'1,30','12'),(4788,33,'463332','21'),(4789,33,'352606','22'),(4790,33,'614582','26'),(4791,33,'942732','27'),(4792,33,'983157','33'),(4793,33,'336768','33'),(4794,33,'174116','20'),(4795,33,'943048','28'),(4796,33,'335882','29'),(4797,33,'637311','21'),(4798,33,'999371','38'),(4799,33,'430511','14'),(4800,33,'112509','18'),(4801,33,'268221','21'),(4802,33,'323294','23'),(4803,33,'780076','28'),(4804,33,'179950','31'),(4805,33,'602736','24'),(4806,33,'114308','17'),(4807,33,'49318','25'),(4808,33,'443569','31'),(4809,33,'412741','19'),(4810,33,'102467','20'),(4811,33,'913336','25'),(4812,33,'12521','11'),(4813,33,'225246','21'),(4814,33,'622742','23'),(4815,33,'370095','24'),(4816,33,'898882','43'),(4817,33,'52213','13'),(4818,33,'442805','23'),(4819,33,'362213','17'),(4820,33,'403820','17'),(4821,33,'57387','30'),(4822,33,'304944','24'),(4823,33,'386976','39'),(4824,33,'393155','26'),(4825,33,'478061','26'),(4826,33,'330023','11'),(4827,33,'728038','28'),(4828,33,'115371','18'),(4829,33,'329394','30'),(4830,33,'158549','32'),(4831,33,'226881','27'),(4832,33,'596616','33'),(4833,33,'480843','27'),(4834,33,'6956','26'),(4835,33,'775566','36'),(4836,33,'83578','31'),(4837,33,'120265','16'),(4838,33,'823884','33'),(4839,33,'526148','26'),(4840,33,'532006','16'),(4841,33,'925352','26'),(4842,33,'439483','31'),(4843,33,'543528','27'),(4844,33,'150598','28'),(4845,33,'62225','17'),(4846,33,'912623','23'),(4847,33,'49479','33'),(4848,33,'113438','20'),(4849,33,'355428','27'),(4850,33,'410692','22'),(4851,33,'516258','27'),(4852,33,'411815','20'),(4853,33,'714637','28'),(4854,33,'902235','21'),(4855,33,'803971','28'),(4856,33,'192697','34'),(4857,33,'232258','22'),(4858,33,'532009','19'),(4859,33,'307069','25'),(4860,33,'560652','24'),(4861,33,'689558','41'),(4862,33,'532951','25'),(4863,33,'157267','28'),(4864,33,'170400','12'),(4865,33,'538908','33'),(4866,33,'931834','28'),(4867,33,'252979','34'),(4868,33,'658173','30'),(4869,33,'755717','32'),(4870,33,'778127','32'),(4871,33,'190179','27'),(4872,33,'681069','30'),(4873,33,'217610','17'),(4874,33,'732707','26'),(4875,33,'830667','30'),(4876,33,'278835','33'),(4877,33,'645329','29'),(4878,33,'879146','35'),(4879,33,'391274','26'),(4880,33,'999758','47'),(4881,33,'289837','37'),(4882,33,'906532','25'),(4883,33,'411573','21'),(4884,33,'4473','18'),(4885,33,'808767','36'),(4886,33,'215544','21'),(4887,33,'196171','25'),(4888,33,'41024','11'),(4889,33,'746553','30'),(4890,33,'502240','13'),(4891,33,'600676','25'),(4892,33,'436110','15'),(4893,33,'35190','18'),(4894,33,'756944','35'),(4895,33,'605511','18'),(4896,33,'573098','32'),(4897,33,'688777','43'),(4898,33,'857491','34'),(4899,33,'231271','16'),(4900,33,'444494','29'),(4901,33,'635617','28'),(4902,33,'420450','15'),(4903,33,'125562','21'),(4904,33,'852227','26'),(4905,33,'153156','21'),(4906,33,'955229','32'),(4907,33,'131062','13'),(4908,33,'797485','40'),(4909,33,'834375','30'),(4910,33,'521336','20'),(4911,33,'797243','32'),(4912,34,'1980','1'),(4913,35,'50205','1'),(4914,35,'12121','1'),(4915,35,'12212','0'),(4916,37,'123','321'),(4917,34,'1700','0'),(4918,34,'1701','0'),(4919,34,'1702','0'),(4920,34,'1703','0'),(4921,34,'1704','1'),(4922,34,'1705','0'),(4923,34,'1706','0'),(4924,34,'1707','0'),(4925,34,'1708','1'),(4926,34,'1709','0'),(4927,34,'1710','0'),(4928,34,'1711','0'),(4929,34,'1712','1'),(4930,34,'1713','0'),(4931,34,'1714','0'),(4932,34,'1715','0'),(4933,34,'1716','1'),(4934,34,'1717','0'),(4935,34,'1718','0'),(4936,34,'1719','0'),(4937,34,'1720','1'),(4938,34,'1721','0'),(4939,34,'1722','0'),(4940,34,'1723','0'),(4941,34,'1724','1'),(4942,34,'1725','0'),(4943,34,'1726','0'),(4944,34,'1727','0'),(4945,34,'1728','1'),(4946,34,'1729','0'),(4947,34,'1730','0'),(4948,34,'1731','0'),(4949,34,'1732','1'),(4950,34,'1733','0'),(4951,34,'1734','0'),(4952,34,'1735','0'),(4953,34,'1736','1'),(4954,34,'1737','0'),(4955,34,'1738','0'),(4956,34,'1739','0'),(4957,34,'1740','1'),(4958,34,'1741','0'),(4959,34,'1742','0'),(4960,34,'1743','0'),(4961,34,'1744','1'),(4962,34,'1745','0'),(4963,34,'1746','0'),(4964,34,'1747','0'),(4965,34,'1748','1'),(4966,34,'1749','0'),(4967,34,'1750','0'),(4968,34,'1751','0'),(4969,34,'1752','1'),(4970,34,'1753','0'),(4971,34,'1754','0'),(4972,34,'1755','0'),(4973,34,'1756','1'),(4974,34,'1757','0'),(4975,34,'1758','0'),(4976,34,'1759','0'),(4977,34,'1760','1'),(4978,34,'1761','0'),(4979,34,'1762','0'),(4980,34,'1763','0'),(4981,34,'1764','1'),(4982,34,'1765','0'),(4983,34,'1766','0'),(4984,34,'1767','0'),(4985,34,'1768','1'),(4986,34,'1769','0'),(4987,34,'1770','0'),(4988,34,'1771','0'),(4989,34,'1772','1'),(4990,34,'1773','0'),(4991,34,'1774','0'),(4992,34,'1775','0'),(4993,34,'1776','1'),(4994,34,'1777','0'),(4995,34,'1778','0'),(4996,34,'1779','0'),(4997,34,'1780','1'),(4998,34,'1781','0'),(4999,34,'1782','0'),(5000,34,'1783','0'),(5001,34,'1784','1'),(5002,34,'1785','0'),(5003,34,'1786','0'),(5004,34,'1787','0'),(5005,34,'1788','1'),(5006,34,'1789','0'),(5007,34,'1790','0'),(5008,34,'1791','0'),(5009,34,'1792','1'),(5010,34,'1793','0'),(5011,34,'1794','0'),(5012,34,'1795','0'),(5013,34,'1796','1'),(5014,34,'1797','0'),(5015,34,'1798','0'),(5016,34,'1799','0'),(5017,34,'1800','0'),(5018,34,'1801','0'),(5019,34,'1802','0'),(5020,34,'1803','0'),(5021,34,'1804','1'),(5022,34,'1805','0'),(5023,34,'1806','0'),(5024,34,'1807','0'),(5025,34,'1808','1'),(5026,34,'1809','0'),(5027,34,'1810','0'),(5028,34,'1811','0'),(5029,34,'1812','1'),(5030,34,'1813','0'),(5031,34,'1814','0'),(5032,34,'1815','0'),(5033,34,'1816','1'),(5034,34,'1817','0'),(5035,34,'1818','0'),(5036,34,'1819','0'),(5037,34,'1820','1'),(5038,34,'1821','0'),(5039,34,'1822','0'),(5040,34,'1823','0'),(5041,34,'1824','1'),(5042,34,'1825','0'),(5043,34,'1826','0'),(5044,34,'1827','0'),(5045,34,'1828','1'),(5046,34,'1829','0'),(5047,34,'1830','0'),(5048,34,'1831','0'),(5049,34,'1832','1'),(5050,34,'1833','0'),(5051,34,'1834','0'),(5052,34,'1835','0'),(5053,34,'1836','1'),(5054,34,'1837','0'),(5055,34,'1838','0'),(5056,34,'1839','0'),(5057,34,'1840','1'),(5058,34,'1841','0'),(5059,34,'1842','0'),(5060,34,'1843','0'),(5061,34,'1844','1'),(5062,34,'1845','0'),(5063,34,'1846','0'),(5064,34,'1847','0'),(5065,34,'1848','1'),(5066,34,'1849','0'),(5067,34,'1850','0'),(5068,34,'1851','0'),(5069,34,'1852','1'),(5070,34,'1853','0'),(5071,34,'1854','0'),(5072,34,'1855','0'),(5073,34,'1856','1'),(5074,34,'1857','0'),(5075,34,'1858','0'),(5076,34,'1859','0'),(5077,34,'1860','1'),(5078,34,'1861','0'),(5079,34,'1862','0'),(5080,34,'1863','0'),(5081,34,'1864','1'),(5082,34,'1865','0'),(5083,34,'1866','0'),(5084,34,'1867','0'),(5085,34,'1868','1'),(5086,34,'1869','0'),(5087,34,'1870','0'),(5088,34,'1871','0'),(5089,34,'1872','1'),(5090,34,'1873','0'),(5091,34,'1874','0'),(5092,34,'1875','0'),(5093,34,'1876','1'),(5094,34,'1877','0'),(5095,34,'1878','0'),(5096,34,'1879','0'),(5097,34,'1880','1'),(5098,34,'1881','0'),(5099,34,'1882','0'),(5100,34,'1883','0'),(5101,34,'1884','1'),(5102,34,'1885','0'),(5103,34,'1886','0'),(5104,34,'1887','0'),(5105,34,'1888','1'),(5106,34,'1889','0'),(5107,34,'1890','0'),(5108,34,'1891','0'),(5109,34,'1892','1'),(5110,34,'1893','0'),(5111,34,'1894','0'),(5112,34,'1895','0'),(5113,34,'1896','1'),(5114,34,'1897','0'),(5115,34,'1898','0'),(5116,34,'1899','0'),(5117,34,'1900','0'),(5118,34,'1901','0'),(5119,34,'1902','0'),(5120,34,'1903','0'),(5121,34,'1904','1'),(5122,34,'1905','0'),(5123,34,'1906','0'),(5124,34,'1907','0'),(5125,34,'1908','1'),(5126,34,'1909','0'),(5127,34,'1910','0'),(5128,34,'1911','0'),(5129,34,'1912','1'),(5130,34,'1913','0'),(5131,34,'1914','0'),(5132,34,'1915','0'),(5133,34,'1916','1'),(5134,34,'1917','0'),(5135,34,'1918','0'),(5136,34,'1919','0'),(5137,34,'1920','1'),(5138,34,'1921','0'),(5139,34,'1922','0'),(5140,34,'1923','0'),(5141,34,'1924','1'),(5142,34,'1925','0'),(5143,34,'1926','0'),(5144,34,'1927','0'),(5145,34,'1928','1'),(5146,34,'1929','0'),(5147,34,'1930','0'),(5148,34,'1931','0'),(5149,34,'1932','1'),(5150,34,'1933','0'),(5151,34,'1934','0'),(5152,34,'1935','0'),(5153,34,'1936','1'),(5154,34,'1937','0'),(5155,34,'1938','0'),(5156,34,'1939','0'),(5157,34,'1940','1'),(5158,34,'1941','0'),(5159,34,'1942','0'),(5160,34,'1943','0'),(5161,34,'1944','1'),(5162,34,'1945','0'),(5163,34,'1946','0'),(5164,34,'1947','0'),(5165,34,'1948','1'),(5166,34,'1949','0'),(5167,34,'1950','0'),(5168,34,'1951','0'),(5169,34,'1952','1'),(5170,34,'1953','0'),(5171,34,'1954','0'),(5172,34,'1955','0'),(5173,34,'1956','1'),(5174,34,'1957','0'),(5175,34,'1958','0'),(5176,34,'1959','0'),(5177,34,'1960','1'),(5178,34,'1961','0'),(5179,34,'1962','0'),(5180,34,'1963','0'),(5181,34,'1964','1'),(5182,34,'1965','0'),(5183,34,'1966','0'),(5184,34,'1967','0'),(5185,34,'1968','1'),(5186,34,'1969','0'),(5187,34,'1970','0'),(5188,34,'1971','0'),(5189,34,'1972','1'),(5190,34,'1973','0'),(5191,34,'1974','0'),(5192,34,'1975','0'),(5193,34,'1976','1'),(5194,34,'1977','0'),(5195,34,'1978','0'),(5196,34,'1979','0'),(5197,34,'1980','1'),(5198,34,'1981','0'),(5199,34,'1982','0'),(5200,34,'1983','0'),(5201,34,'1984','1'),(5202,34,'1985','0'),(5203,34,'1986','0'),(5204,34,'1987','0'),(5205,34,'1988','1'),(5206,34,'1989','0'),(5207,34,'1990','0'),(5208,34,'1991','0'),(5209,34,'1992','1'),(5210,34,'1993','0'),(5211,34,'1994','0'),(5212,34,'1995','0'),(5213,34,'1996','1'),(5214,34,'1997','0'),(5215,34,'1998','0'),(5216,34,'1999','0'),(5217,34,'2000','1'),(5218,34,'2001','0'),(5219,34,'2002','0'),(5220,34,'2003','0'),(5221,34,'2004','1'),(5222,34,'2005','0'),(5223,34,'2006','0'),(5224,34,'2007','0'),(5225,34,'2008','1'),(5226,34,'2009','0'),(5227,34,'2010','0'),(5228,34,'2011','0'),(5229,34,'2012','1'),(5230,34,'2013','0'),(5231,35,'10001','1'),(5232,35,'10041','0'),(5233,35,'10082','0'),(5234,35,'10101','1'),(5235,35,'10124','0'),(5236,35,'10165','0'),(5237,35,'10201','1'),(5238,35,'10207','0'),(5239,35,'10248','0'),(5240,35,'10289','0'),(5241,35,'10301','1'),(5242,35,'10331','0'),(5243,35,'10372','0'),(5244,35,'10401','1'),(5245,35,'10414','0'),(5246,35,'10455','0'),(5247,35,'10496','0'),(5248,35,'10501','1'),(5249,35,'10538','0'),(5250,35,'10579','0'),(5251,35,'10601','1'),(5252,35,'10621','0'),(5253,35,'10662','0'),(5254,35,'10701','1'),(5255,35,'10704','0'),(5256,35,'10745','0'),(5257,35,'10786','0'),(5258,35,'10801','1'),(5259,35,'10828','0'),(5260,35,'10869','0'),(5261,35,'10901','1'),(5262,35,'10911','0'),(5263,35,'10952','0'),(5264,35,'10993','0'),(5265,35,'11011','1'),(5266,35,'11035','0'),(5267,35,'11076','0'),(5268,35,'11111','1'),(5269,35,'11118','0'),(5270,35,'11159','0'),(5271,35,'11200','0'),(5272,35,'11211','1'),(5273,35,'11242','0'),(5274,35,'11283','0'),(5275,35,'11311','1'),(5276,35,'11325','0'),(5277,35,'11366','0'),(5278,35,'11407','0'),(5279,35,'11411','1'),(5280,35,'11449','0'),(5281,35,'11490','0'),(5282,35,'11511','1'),(5283,35,'11532','0'),(5284,35,'11573','0'),(5285,35,'11611','1'),(5286,35,'11615','0'),(5287,35,'11656','0'),(5288,35,'11697','0'),(5289,35,'11711','1'),(5290,35,'11739','0'),(5291,35,'11780','0'),(5292,35,'11811','1'),(5293,35,'11822','0'),(5294,35,'11863','0'),(5295,35,'11904','0'),(5296,35,'11911','1'),(5297,35,'11946','0'),(5298,35,'11987','0'),(5299,35,'12021','1'),(5300,35,'12029','0'),(5301,35,'12070','0'),(5302,35,'12111','0'),(5303,35,'12121','1'),(5304,35,'12153','0'),(5305,35,'12194','0'),(5306,35,'12221','1'),(5307,35,'12236','0'),(5308,35,'12277','0'),(5309,35,'12318','0'),(5310,35,'12321','1'),(5311,35,'12360','0'),(5312,35,'12401','0'),(5313,35,'12421','1'),(5314,35,'12443','0'),(5315,35,'12484','0'),(5316,35,'12521','1'),(5317,35,'12526','0'),(5318,35,'12567','0'),(5319,35,'12608','0'),(5320,35,'12621','1'),(5321,35,'12650','0'),(5322,35,'12691','0'),(5323,35,'12721','1'),(5324,35,'12733','0'),(5325,35,'12774','0'),(5326,35,'12815','0'),(5327,35,'12821','1'),(5328,35,'12857','0'),(5329,35,'12898','0'),(5330,35,'12921','1'),(5331,35,'12940','0'),(5332,35,'12981','0'),(5333,35,'13022','0'),(5334,35,'13031','1'),(5335,35,'13064','0'),(5336,35,'13105','0'),(5337,35,'13131','1'),(5338,35,'13147','0'),(5339,35,'13188','0'),(5340,35,'13229','0'),(5341,35,'13231','1'),(5342,35,'13271','0'),(5343,35,'13312','0'),(5344,35,'13331','1'),(5345,35,'13354','0'),(5346,35,'13395','0'),(5347,35,'13431','1'),(5348,35,'13437','0'),(5349,35,'13478','0'),(5350,35,'13519','0'),(5351,35,'13531','1'),(5352,35,'13561','0'),(5353,35,'13602','0'),(5354,35,'13631','1'),(5355,35,'13644','0'),(5356,35,'13685','0'),(5357,35,'13726','0'),(5358,35,'13731','1'),(5359,35,'13768','0'),(5360,35,'13809','0'),(5361,35,'13831','1'),(5362,35,'13851','0'),(5363,35,'13892','0'),(5364,35,'13931','1'),(5365,35,'13934','0'),(5366,35,'13975','0'),(5367,35,'14016','0'),(5368,35,'14041','1'),(5369,35,'14058','0'),(5370,35,'14099','0'),(5371,35,'14140','0'),(5372,35,'14141','1'),(5373,35,'14182','0'),(5374,35,'14223','0'),(5375,35,'14241','1'),(5376,35,'14265','0'),(5377,35,'14306','0'),(5378,35,'14341','1'),(5379,35,'14348','0'),(5380,35,'14389','0'),(5381,35,'14430','0'),(5382,35,'14441','1'),(5383,35,'14472','0'),(5384,35,'14513','0'),(5385,35,'14541','1'),(5386,35,'14555','0'),(5387,35,'14596','0'),(5388,35,'14637','0'),(5389,35,'14641','1'),(5390,35,'14679','0'),(5391,35,'14720','0'),(5392,35,'14741','1'),(5393,35,'14762','0'),(5394,35,'14803','0'),(5395,35,'14841','1'),(5396,35,'14845','0'),(5397,35,'14886','0'),(5398,35,'14927','0'),(5399,35,'14941','1'),(5400,35,'14969','0'),(5401,35,'15010','0'),(5402,35,'15051','1'),(5403,35,'15052','0'),(5404,35,'15093','0'),(5405,35,'15134','0'),(5406,35,'15151','1'),(5407,35,'15176','0'),(5408,35,'15217','0'),(5409,35,'15251','1'),(5410,35,'15259','0'),(5411,35,'15300','0'),(5412,35,'15341','0'),(5413,35,'15351','1'),(5414,35,'15383','0'),(5415,35,'15424','0'),(5416,35,'15451','1'),(5417,35,'15466','0'),(5418,35,'15507','0'),(5419,35,'15548','0'),(5420,35,'15551','1'),(5421,35,'15590','0'),(5422,35,'15631','0'),(5423,35,'15651','1'),(5424,35,'15673','0'),(5425,35,'15714','0'),(5426,35,'15751','1'),(5427,35,'15756','0'),(5428,35,'15797','0'),(5429,35,'15838','0'),(5430,35,'15851','1'),(5431,35,'15880','0'),(5432,35,'15921','0'),(5433,35,'15951','1'),(5434,35,'15963','0'),(5435,35,'16004','0'),(5436,35,'16045','0'),(5437,35,'16061','1'),(5438,35,'16087','0'),(5439,35,'16128','0'),(5440,35,'16161','1'),(5441,35,'16170','0'),(5442,35,'16211','0'),(5443,35,'16252','0'),(5444,35,'16261','1'),(5445,35,'16294','0'),(5446,35,'16335','0'),(5447,35,'16361','1'),(5448,35,'16377','0'),(5449,35,'16418','0'),(5450,35,'16459','0'),(5451,35,'16461','1'),(5452,35,'16501','0'),(5453,35,'16542','0'),(5454,35,'16561','1'),(5455,35,'16584','0'),(5456,35,'16625','0'),(5457,35,'16661','1'),(5458,35,'16667','0'),(5459,35,'16708','0'),(5460,35,'16749','0'),(5461,35,'16761','1'),(5462,35,'16791','0'),(5463,35,'16832','0'),(5464,35,'16861','1'),(5465,35,'16874','0'),(5466,35,'16915','0'),(5467,35,'16956','0'),(5468,35,'16961','1'),(5469,35,'16998','0'),(5470,35,'17039','0'),(5471,35,'17071','1'),(5472,35,'17081','0'),(5473,35,'17122','0'),(5474,35,'17163','0'),(5475,35,'17171','1'),(5476,35,'17205','0'),(5477,35,'17246','0'),(5478,35,'17271','1'),(5479,35,'17288','0'),(5480,35,'17329','0'),(5481,35,'17370','0'),(5482,35,'17371','1'),(5483,35,'17412','0'),(5484,35,'17453','0'),(5485,35,'17471','1'),(5486,35,'17495','0'),(5487,35,'17536','0'),(5488,35,'17571','1'),(5489,35,'17578','0'),(5490,35,'17619','0'),(5491,35,'17660','0'),(5492,35,'17671','1'),(5493,35,'17702','0'),(5494,35,'17743','0'),(5495,35,'17771','1'),(5496,35,'17785','0'),(5497,35,'17826','0'),(5498,35,'17867','0'),(5499,35,'17871','1'),(5500,35,'17909','0'),(5501,35,'17950','0'),(5502,35,'17971','1'),(5503,35,'17992','0'),(5504,35,'18033','0'),(5505,35,'18074','0'),(5506,35,'18081','1'),(5507,35,'18116','0'),(5508,35,'18157','0'),(5509,35,'18181','1'),(5510,35,'18199','0'),(5511,35,'18240','0'),(5512,35,'18281','1'),(5513,35,'18282','0'),(5514,35,'18323','0'),(5515,35,'18364','0'),(5516,35,'18381','1'),(5517,35,'18406','0'),(5518,35,'18447','0'),(5519,35,'18481','1'),(5520,35,'18489','0'),(5521,35,'18530','0'),(5522,35,'18571','0'),(5523,35,'18581','1'),(5524,35,'18613','0'),(5525,35,'18654','0'),(5526,35,'18681','1'),(5527,35,'18696','0'),(5528,35,'18737','0'),(5529,35,'18778','0'),(5530,35,'18781','1'),(5531,35,'18820','0'),(5532,35,'18861','0'),(5533,35,'18881','1'),(5534,35,'18903','0'),(5535,35,'18944','0'),(5536,35,'18981','1'),(5537,35,'18986','0'),(5538,35,'19027','0'),(5539,35,'19068','0'),(5540,35,'19091','1'),(5541,35,'19110','0'),(5542,35,'19151','0'),(5543,35,'19191','1'),(5544,35,'19193','0'),(5545,35,'19234','0'),(5546,35,'19275','0'),(5547,35,'19291','1'),(5548,35,'19317','0'),(5549,35,'19358','0'),(5550,35,'19391','1'),(5551,35,'19400','0'),(5552,35,'19441','0'),(5553,35,'19482','0'),(5554,35,'19491','1'),(5555,35,'19524','0'),(5556,35,'19565','0'),(5557,35,'19591','1'),(5558,35,'19607','0'),(5559,35,'19648','0'),(5560,35,'19689','0'),(5561,35,'19691','1'),(5562,35,'19731','0'),(5563,35,'19772','0'),(5564,35,'19791','1'),(5565,35,'19814','0'),(5566,35,'19855','0'),(5567,35,'19891','1'),(5568,35,'19897','0'),(5569,35,'19938','0'),(5570,35,'19979','0'),(5571,35,'19991','1'),(5572,35,'10001','1'),(5573,35,'10041','0'),(5574,35,'10082','0'),(5575,35,'10101','1'),(5576,35,'10124','0'),(5577,35,'10165','0'),(5578,35,'10201','1'),(5579,35,'10207','0'),(5580,35,'10248','0'),(5581,35,'10289','0'),(5582,35,'10301','1'),(5583,35,'10331','0'),(5584,35,'10372','0'),(5585,35,'10401','1'),(5586,35,'10414','0'),(5587,35,'10455','0'),(5588,35,'10496','0'),(5589,35,'10501','1'),(5590,35,'10538','0'),(5591,35,'10579','0'),(5592,35,'10601','1'),(5593,35,'10621','0'),(5594,35,'10662','0'),(5595,35,'10701','1'),(5596,35,'10704','0'),(5597,35,'10745','0'),(5598,35,'10786','0'),(5599,35,'10801','1'),(5600,35,'10828','0'),(5601,35,'10869','0'),(5602,35,'10901','1'),(5603,35,'10911','0'),(5604,35,'10952','0'),(5605,35,'10993','0'),(5606,35,'11011','1'),(5607,35,'11035','0'),(5608,35,'11076','0'),(5609,35,'11111','1'),(5610,35,'11118','0'),(5611,35,'11159','0'),(5612,35,'11200','0'),(5613,35,'11211','1'),(5614,35,'11242','0'),(5615,35,'11283','0'),(5616,35,'11311','1'),(5617,35,'11325','0'),(5618,35,'11366','0'),(5619,35,'11407','0'),(5620,35,'11411','1'),(5621,35,'11449','0'),(5622,35,'11490','0'),(5623,35,'11511','1'),(5624,35,'11532','0'),(5625,35,'11573','0'),(5626,35,'11611','1'),(5627,35,'11615','0'),(5628,35,'11656','0'),(5629,35,'11697','0'),(5630,35,'11711','1'),(5631,35,'11739','0'),(5632,35,'11780','0'),(5633,35,'11811','1'),(5634,35,'11822','0'),(5635,35,'11863','0'),(5636,35,'11904','0'),(5637,35,'11911','1'),(5638,35,'11946','0'),(5639,35,'11987','0'),(5640,35,'12021','1'),(5641,35,'12029','0'),(5642,35,'12070','0'),(5643,35,'12111','0'),(5644,35,'12121','1'),(5645,35,'12153','0'),(5646,35,'12194','0'),(5647,35,'12221','1'),(5648,35,'12236','0'),(5649,35,'12277','0'),(5650,35,'12318','0'),(5651,35,'12321','1'),(5652,35,'12360','0'),(5653,35,'12401','0'),(5654,35,'12421','1'),(5655,35,'12443','0'),(5656,35,'12484','0'),(5657,35,'12521','1'),(5658,35,'12526','0'),(5659,35,'12567','0'),(5660,35,'12608','0'),(5661,35,'12621','1'),(5662,35,'12650','0'),(5663,35,'12691','0'),(5664,35,'12721','1'),(5665,35,'12733','0'),(5666,35,'12774','0'),(5667,35,'12815','0'),(5668,35,'12821','1'),(5669,35,'12857','0'),(5670,35,'12898','0'),(5671,35,'12921','1'),(5672,35,'12940','0'),(5673,35,'12981','0'),(5674,35,'13022','0'),(5675,35,'13031','1'),(5676,35,'13064','0'),(5677,35,'13105','0'),(5678,35,'13131','1'),(5679,35,'13147','0'),(5680,35,'13188','0'),(5681,35,'13229','0'),(5682,35,'13231','1'),(5683,35,'13271','0'),(5684,35,'13312','0'),(5685,35,'13331','1'),(5686,35,'13354','0'),(5687,35,'13395','0'),(5688,35,'13431','1'),(5689,35,'13437','0'),(5690,35,'13478','0'),(5691,35,'13519','0'),(5692,35,'13531','1'),(5693,35,'13561','0'),(5694,35,'13602','0'),(5695,35,'13631','1'),(5696,35,'13644','0'),(5697,35,'13685','0'),(5698,35,'13726','0'),(5699,35,'13731','1'),(5700,35,'13768','0'),(5701,35,'13809','0'),(5702,35,'13831','1'),(5703,35,'13851','0'),(5704,35,'13892','0'),(5705,35,'13931','1'),(5706,35,'13934','0'),(5707,35,'13975','0'),(5708,35,'14016','0'),(5709,35,'14041','1'),(5710,35,'14058','0'),(5711,35,'14099','0'),(5712,35,'14140','0'),(5713,35,'14141','1'),(5714,35,'14182','0'),(5715,35,'14223','0'),(5716,35,'14241','1'),(5717,35,'14265','0'),(5718,35,'14306','0'),(5719,35,'14341','1'),(5720,35,'14348','0'),(5721,35,'14389','0'),(5722,35,'14430','0'),(5723,35,'14441','1'),(5724,35,'14472','0'),(5725,35,'14513','0'),(5726,35,'14541','1'),(5727,35,'14555','0'),(5728,35,'14596','0'),(5729,35,'14637','0'),(5730,35,'14641','1'),(5731,35,'14679','0'),(5732,35,'14720','0'),(5733,35,'14741','1'),(5734,35,'14762','0'),(5735,35,'14803','0'),(5736,35,'14841','1'),(5737,35,'14845','0'),(5738,35,'14886','0'),(5739,35,'14927','0'),(5740,35,'14941','1'),(5741,35,'14969','0'),(5742,35,'15010','0'),(5743,35,'15051','1'),(5744,35,'15052','0'),(5745,35,'15093','0'),(5746,35,'15134','0'),(5747,35,'15151','1'),(5748,35,'15176','0'),(5749,35,'15217','0'),(5750,35,'15251','1'),(5751,35,'15259','0'),(5752,35,'15300','0'),(5753,35,'15341','0'),(5754,35,'15351','1'),(5755,35,'15383','0'),(5756,35,'15424','0'),(5757,35,'15451','1'),(5758,35,'15466','0'),(5759,35,'15507','0'),(5760,35,'15548','0'),(5761,35,'15551','1'),(5762,35,'15590','0'),(5763,35,'15631','0'),(5764,35,'15651','1'),(5765,35,'15673','0'),(5766,35,'15714','0'),(5767,35,'15751','1'),(5768,35,'15756','0'),(5769,35,'15797','0'),(5770,35,'15838','0'),(5771,35,'15851','1'),(5772,35,'15880','0'),(5773,35,'15921','0'),(5774,35,'15951','1'),(5775,35,'15963','0'),(5776,35,'16004','0'),(5777,35,'16045','0'),(5778,35,'16061','1'),(5779,35,'16087','0'),(5780,35,'16128','0'),(5781,35,'16161','1'),(5782,35,'16170','0'),(5783,35,'16211','0'),(5784,35,'16252','0'),(5785,35,'16261','1'),(5786,35,'16294','0'),(5787,35,'16335','0'),(5788,35,'16361','1'),(5789,35,'16377','0'),(5790,35,'16418','0'),(5791,35,'16459','0'),(5792,35,'16461','1'),(5793,35,'16501','0'),(5794,35,'16542','0'),(5795,35,'16561','1'),(5796,35,'16584','0'),(5797,35,'16625','0'),(5798,35,'16661','1'),(5799,35,'16667','0'),(5800,35,'16708','0'),(5801,35,'16749','0'),(5802,35,'16761','1'),(5803,35,'16791','0'),(5804,35,'16832','0'),(5805,35,'16861','1'),(5806,35,'16874','0'),(5807,35,'16915','0'),(5808,35,'16956','0'),(5809,35,'16961','1'),(5810,35,'16998','0'),(5811,35,'17039','0'),(5812,35,'17071','1'),(5813,35,'17081','0'),(5814,35,'17122','0'),(5815,35,'17163','0'),(5816,35,'17171','1'),(5817,35,'17205','0'),(5818,35,'17246','0'),(5819,35,'17271','1'),(5820,35,'17288','0'),(5821,35,'17329','0'),(5822,35,'17370','0'),(5823,35,'17371','1'),(5824,35,'17412','0'),(5825,35,'17453','0'),(5826,35,'17471','1'),(5827,35,'17495','0'),(5828,35,'17536','0'),(5829,35,'17571','1'),(5830,35,'17578','0'),(5831,35,'17619','0'),(5832,35,'17660','0'),(5833,35,'17671','1'),(5834,35,'17702','0'),(5835,35,'17743','0'),(5836,35,'17771','1'),(5837,35,'17785','0'),(5838,35,'17826','0'),(5839,35,'17867','0'),(5840,35,'17871','1'),(5841,35,'17909','0'),(5842,35,'17950','0'),(5843,35,'17971','1'),(5844,35,'17992','0'),(5845,35,'18033','0'),(5846,35,'18074','0'),(5847,35,'18081','1'),(5848,35,'18116','0'),(5849,35,'18157','0'),(5850,35,'18181','1'),(5851,35,'18199','0'),(5852,35,'18240','0'),(5853,35,'18281','1'),(5854,35,'18282','0'),(5855,35,'18323','0'),(5856,35,'18364','0'),(5857,35,'18381','1'),(5858,35,'18406','0'),(5859,35,'18447','0'),(5860,35,'18481','1'),(5861,35,'18489','0'),(5862,35,'18530','0'),(5863,35,'18571','0'),(5864,35,'18581','1'),(5865,35,'18613','0'),(5866,35,'18654','0'),(5867,35,'18681','1'),(5868,35,'18696','0'),(5869,35,'18737','0'),(5870,35,'18778','0'),(5871,35,'18781','1'),(5872,35,'18820','0'),(5873,35,'18861','0'),(5874,35,'18881','1'),(5875,35,'18903','0'),(5876,35,'18944','0'),(5877,35,'18981','1'),(5878,35,'18986','0'),(5879,35,'19027','0'),(5880,35,'19068','0'),(5881,35,'19091','1'),(5882,35,'19110','0'),(5883,35,'19151','0'),(5884,35,'19191','1'),(5885,35,'19193','0'),(5886,35,'19234','0'),(5887,35,'19275','0'),(5888,35,'19291','1'),(5889,35,'19317','0'),(5890,35,'19358','0'),(5891,35,'19391','1'),(5892,35,'19400','0'),(5893,35,'19441','0'),(5894,35,'19482','0'),(5895,35,'19491','1'),(5896,35,'19524','0'),(5897,35,'19565','0'),(5898,35,'19591','1'),(5899,35,'19607','0'),(5900,35,'19648','0'),(5901,35,'19689','0'),(5902,35,'19691','1'),(5903,35,'19731','0'),(5904,35,'19772','0'),(5905,35,'19791','1'),(5906,35,'19814','0'),(5907,35,'19855','0'),(5908,35,'19891','1'),(5909,35,'19897','0'),(5910,35,'19938','0'),(5911,35,'19979','0'),(5912,35,'19991','1'),(5913,36,'1,22','22'),(5914,36,'2,2','4'),(5915,36,'3,23','69'),(5916,36,'4,21','84'),(5917,36,'5,14','70'),(5918,36,'6,10','60'),(5919,36,'7,12','84'),(5920,36,'8,17','136'),(5921,36,'9,2','18'),(5922,36,'10,24','240'),(5923,36,'11,12','132'),(5924,36,'12,7','84'),(5925,36,'13,16','208'),(5926,36,'14,14','196'),(5927,36,'15,24','360'),(5928,36,'16,16','256'),(5929,36,'17,9','153'),(5930,36,'18,4','72'),(5931,36,'19,22','418'),(5932,36,'20,11','220'),(5933,36,'21,19','399'),(5934,36,'22,13','286'),(5935,36,'23,4','92'),(5936,36,'24,14','336'),(5937,36,'25,24','600'),(5938,36,'26,20','520'),(5939,36,'27,7','189'),(5940,36,'28,11','308'),(5941,36,'29,2','58'),(5942,36,'30,17','510'),(5943,36,'31,22','682'),(5944,36,'32,23','736'),(5945,36,'33,18','594'),(5946,36,'34,20','680'),(5947,36,'35,20','700'),(5948,36,'36,8','288'),(5949,36,'37,6','222'),(5950,36,'38,7','266'),(5951,36,'39,1','39'),(5952,36,'40,7','280'),(5953,36,'41,6','246'),(5954,36,'42,12','504'),(5955,36,'43,14','602'),(5956,36,'44,22','968'),(5957,36,'45,2','90'),(5958,36,'46,13','598'),(5959,36,'47,13','611'),(5960,36,'48,10','480'),(5961,36,'49,16','784'),(5962,36,'50,10','500'),(5963,36,'51,21','1071'),(5964,36,'52,10','520'),(5965,36,'53,23','1219'),(5966,36,'54,24','1296'),(5967,36,'55,24','1320'),(5968,36,'56,22','1232'),(5969,36,'57,19','1083'),(5970,36,'58,6','348'),(5971,36,'59,9','531'),(5972,36,'60,21','1260'),(5973,36,'61,22','1342'),(5974,36,'62,7','434'),(5975,36,'63,19','1197'),(5976,36,'64,16','1024'),(5977,36,'65,2','130'),(5978,36,'66,14','924'),(5979,36,'67,24','1608'),(5980,36,'68,7','476'),(5981,36,'69,21','1449'),(5982,36,'70,24','1680'),(5983,36,'71,14','994'),(5984,36,'72,2','144'),(5985,36,'73,11','803'),(5986,36,'74,3','222'),(5987,36,'75,24','1800'),(5988,36,'76,13','988'),(5989,36,'77,15','1155'),(5990,36,'78,13','1014'),(5991,36,'79,22','1738'),(5992,36,'80,7','560'),(5993,36,'81,22','1782'),(5994,36,'82,18','1476'),(5995,36,'83,16','1328'),(5996,36,'84,21','1764'),(5997,36,'85,17','1445'),(5998,36,'86,15','1290'),(5999,36,'87,19','1653'),(6000,36,'88,12','1056'),(6001,36,'89,21','1869'),(6002,36,'90,3','270'),(6003,36,'91,8','728'),(6004,36,'92,19','1748'),(6005,36,'93,9','837'),(6006,36,'94,3','282'),(6007,36,'95,11','1045'),(6008,36,'96,11','1056'),(6009,36,'97,17','1649'),(6010,36,'98,10','980'),(6011,36,'99,18','1782'),(6012,36,'100,13','1300'),(6013,36,'101,9','909'),(6014,36,'102,7','714'),(6015,36,'103,15','1545'),(6016,36,'104,20','2080'),(6017,36,'105,10','1050'),(6018,36,'106,14','1484'),(6019,36,'107,8','856'),(6020,36,'108,1','108'),(6021,36,'109,2','218'),(6022,36,'110,6','660'),(6023,36,'111,7','777'),(6024,36,'112,24','2688'),(6025,36,'113,23','2599'),(6026,36,'114,23','2622'),(6027,36,'115,20','2300'),(6028,36,'116,16','1856'),(6029,36,'117,14','1638'),(6030,36,'118,15','1770'),(6031,36,'119,4','476'),(6032,36,'120,11','1320'),(6033,36,'121,17','2057'),(6034,36,'122,12','1464'),(6035,36,'123,6','738'),(6036,36,'124,2','248'),(6037,37,'949','949'),(6038,37,'574','475'),(6039,37,'548','845'),(6040,37,'999','999'),(6041,37,'164','461'),(6042,37,'109','901'),(6043,37,'907','709'),(6044,37,'132','231'),(6045,37,'855','558'),(6046,37,'251','152'),(6047,37,'508','805'),(6048,37,'197','791'),(6049,37,'486','684'),(6050,37,'885','588'),(6051,37,'969','969'),(6052,37,'811','118'),(6053,37,'397','793'),(6054,37,'562','265'),(6055,37,'634','436'),(6056,37,'399','993'),(6057,37,'608','806'),(6058,37,'863','368'),(6059,37,'543','345'),(6060,37,'188','881'),(6061,37,'342','243'),(6062,37,'671','176'),(6063,37,'303','303'),(6064,37,'869','968'),(6065,37,'914','419'),(6066,37,'253','352'),(6067,37,'443','344'),(6068,37,'462','264'),(6069,37,'252','252'),(6070,37,'508','805'),(6071,37,'471','174'),(6072,37,'541','145'),(6073,37,'326','623'),(6074,37,'311','113'),(6075,37,'949','949'),(6076,37,'424','424'),(6077,37,'697','796'),(6078,37,'835','538'),(6079,37,'394','493'),(6080,37,'509','905'),(6081,37,'233','332'),(6082,37,'954','459'),(6083,37,'695','596'),(6084,37,'589','985'),(6085,37,'304','403'),(6086,37,'452','254'),(6087,37,'103','301'),(6088,37,'392','293'),(6089,37,'694','496'),(6090,37,'675','576'),(6091,37,'595','595'),(6092,37,'564','465'),(6093,37,'589','985'),(6094,37,'749','947'),(6095,37,'907','709'),(6096,37,'951','159'),(6097,37,'901','109'),(6098,37,'416','614'),(6099,37,'422','224'),(6100,37,'961','169'),(6101,37,'857','758'),(6102,37,'649','946'),(6103,37,'273','372'),(6104,37,'807','708'),(6105,37,'974','479'),(6106,37,'871','178'),(6107,37,'643','346'),(6108,37,'368','863'),(6109,37,'776','677'),(6110,37,'323','323'),(6111,37,'541','145'),(6112,37,'471','174'),(6113,37,'812','218'),(6114,37,'101','101'),(6115,37,'676','676'),(6116,37,'265','562'),(6117,37,'105','501'),(6118,37,'968','869'),(6119,37,'564','465'),(6120,37,'424','424'),(6121,37,'313','313'),(6122,37,'332','233'),(6123,37,'221','122'),(6124,37,'215','512'),(6125,37,'648','846'),(6126,37,'544','445'),(6127,37,'177','771'),(6128,37,'506','605'),(6129,37,'194','491'),(6130,37,'313','313'),(6131,37,'168','861'),(6132,37,'222','222'),(6133,37,'856','658'),(6134,37,'437','734'),(6135,37,'503','305'),(6136,37,'632','236'),(6137,37,'661','166'),(6138,37,'944','449'),(6139,37,'104','401'),(6140,37,'474','474'),(6141,37,'946','649'),(6142,37,'639','936'),(6143,37,'951','159'),(6144,37,'649','946'),(6145,37,'632','236'),(6146,37,'213','312'),(6147,37,'824','428'),(6148,37,'802','208'),(6149,38,'2718','3'),(6150,38,'7673','5'),(6151,38,'3777','4'),(6152,38,'8537','3'),(6153,38,'7989','3'),(6154,38,'6224','2'),(6155,38,'9816','1'),(6156,38,'8382','2'),(6157,38,'2831','6'),(6158,38,'7844','7'),(6159,38,'3222','1'),(6160,38,'2159','2'),(6161,38,'2063','7'),(6162,38,'4703','8'),(6163,38,'1631','3'),(6164,38,'5391','1'),(6165,38,'2266','8'),(6166,38,'4057','8'),(6167,38,'5917','1'),(6168,38,'1724','8'),(6169,38,'3589','0'),(6170,38,'8075','1'),(6171,38,'2809','6'),(6172,38,'1453','3'),(6173,38,'7616','6'),(6174,38,'2826','1'),(6175,38,'8164','0'),(6176,38,'9335','4'),(6177,38,'2394','8'),(6178,38,'3112','1'),(6179,38,'8037','4'),(6180,38,'9383','2'),(6181,38,'8336','2'),(6182,38,'7853','7'),(6183,38,'7766','2'),(6184,38,'8907','1'),(6185,38,'9685','6'),(6186,38,'8388','5'),(6187,38,'2908','6'),(6188,38,'9452','8'),(6189,38,'6612','0'),(6190,38,'7401','1'),(6191,38,'4843','5'),(6192,38,'7878','2'),(6193,38,'1459','0'),(6194,38,'9761','0'),(6195,38,'8603','2'),(6196,38,'4049','0'),(6197,38,'7836','6'),(6198,38,'9254','8'),(6199,38,'5858','6'),(6200,38,'7684','5'),(6201,38,'6454','3'),(6202,38,'6206','2'),(6203,38,'7185','0'),(6204,38,'7849','6'),(6205,38,'8318','2'),(6206,38,'5222','3'),(6207,38,'7232','6'),(6208,38,'6655','2'),(6209,38,'3076','1'),(6210,38,'4999','5'),(6211,38,'5563','3'),(6212,38,'2762','1'),(6213,38,'3951','6'),(6214,38,'3403','4'),(6215,38,'1282','7'),(6216,38,'3781','3'),(6217,38,'7247','2'),(6218,38,'8161','3'),(6219,38,'4241','5'),(6220,38,'7008','1'),(6221,38,'6765','2'),(6222,38,'4845','5'),(6223,38,'6019','4'),(6224,38,'3148','8'),(6225,38,'3136','5'),(6226,38,'9833','2'),(6227,38,'8096','2'),(6228,38,'7018','2'),(6229,38,'6439','4'),(6230,38,'6414','5'),(6231,38,'3672','2'),(6232,38,'4317','5'),(6233,38,'7672','6'),(6234,38,'7633','7'),(6235,38,'6079','1'),(6236,38,'7282','2'),(6237,38,'1585','7'),(6238,38,'9749','3'),(6239,38,'3662','1'),(6240,38,'3989','7'),(6241,38,'1032','4'),(6242,38,'6444','2'),(6243,38,'1236','6'),(6244,38,'8193','4'),(6245,38,'9685','6'),(6246,38,'7245','4'),(6247,38,'4959','0'),(6248,38,'6975','3'),(6249,38,'2091','1'),(6250,38,'9978','3'),(6251,38,'9123','7'),(6252,38,'4227','3'),(6253,38,'2868','8'),(6254,38,'8957','5'),(6255,39,'50,3','132600'),(6256,39,'51,2','2652'),(6257,39,'52,4','8185320'),(6258,39,'53,1','53'),(6259,39,'54,1','54'),(6260,39,'55,4','10182480'),(6261,39,'56,1','56'),(6262,39,'57,4','11703240'),(6263,39,'58,1','58'),(6264,39,'59,2','3540'),(6265,39,'60,2','3660'),(6266,39,'61,4','15249024'),(6267,39,'62,2','3906'),(6268,39,'63,1','63'),(6269,39,'64,1','64'),(6270,39,'65,1','65'),(6271,39,'66,1','66'),(6272,39,'67,3','314364'),(6273,39,'68,4','23319240'),(6274,39,'69,2','4830'),(6275,39,'70,3','357840'),(6276,39,'71,2','5112'),(6277,39,'72,2','5256'),(6278,39,'73,4','30791400'),(6279,39,'74,2','5550'),(6280,39,'75,3','438900'),(6281,39,'76,2','5852'),(6282,39,'77,3','474474'),(6283,39,'78,1','78'),(6284,39,'79,1','79'),(6285,39,'80,4','44102880'),(6286,39,'81,3','551286'),(6287,39,'82,2','6806'),(6288,39,'83,4','50965320'),(6289,39,'84,4','53421480'),(6290,39,'85,2','7310'),(6291,39,'86,3','658416'),(6292,39,'87,4','61324560'),(6293,39,'88,1','88'),(6294,39,'89,3','728910'),(6295,39,'90,1','90'),(6296,39,'91,3','778596'),(6297,39,'92,3','804264'),(6298,39,'93,3','830490'),(6299,39,'94,4','83156160'),(6300,39,'95,3','884640'),(6301,39,'96,3','912576'),(6302,39,'97,4','94109400'),(6303,39,'98,2','9702'),(6304,39,'99,3','999900'),(6305,39,'100,2','10100'),(6306,39,'101,1','101'),(6307,39,'102,4','114725520'),(6308,39,'103,4','119224560'),(6309,39,'104,1','104'),(6310,39,'105,1','105'),(6311,39,'106,3','1224936'),(6312,39,'107,2','11556'),(6313,39,'108,3','1294920'),(6314,39,'109,3','1330890'),(6315,39,'110,2','12210'),(6316,39,'111,3','1404816'),(6317,39,'112,1','112'),(6318,39,'113,3','1481430'),(6319,39,'114,2','13110'),(6320,39,'115,1','115'),(6321,39,'116,1','116'),(6322,39,'117,4','197149680'),(6323,39,'118,4','203889840'),(6324,39,'119,1','119'),(6325,39,'120,3','1771440'),(6326,39,'121,1','121'),(6327,39,'122,4','232593000'),(6328,39,'123,1','123'),(6329,39,'124,3','1953000'),(6330,40,'2,135','16'),(6331,40,'3,90','12'),(6332,40,'2,150','24'),(6333,40,'5,162','100'),(6334,40,'1,168','30'),(6335,40,'2,170','72'),(6336,41,'6,10,5','72'),(6337,41,'12,10,10','168'),(6338,41,'18,10,15','288'),(6339,41,'24,10,20','432'),(6340,41,'30,10,25','600'),(6341,41,'36,10,30','792'),(6342,43,'2','70'),(6343,43,'3','105'),(6344,43,'4','140'),(6345,43,'10','350'),(6346,43,'9','315'),(6347,43,'7','245'),(6348,44,'100','127'),(6349,44,'350','444'),(6350,44,'420','533'),(6351,44,'890','1129'),(6352,44,'1000','1268'),(6353,44,'1500','1902'),(6354,44,'2100','2663'),(6355,46,'5,10','5'),(6356,46,'6,15','3'),(6357,46,'7,3','1'),(6358,46,'8,6','2'),(6359,46,'8,12','4'),(6360,47,'otorrinolaringologo','9'),(6361,45,'5,5,5','15_equilatero'),(6362,45,'3,4,3','10_isosceles'),(6363,45,'3,4,5','12_escaleno'),(6364,48,'1936,20,24,24,22','68'),(6365,48,'1963,27,20,21,31','5'),(6366,48,'1950,21,23,25,30','31'),(6517,47,'agammaglobulinemia','9'),(6518,47,'primaria','4'),(6519,47,'anticonstitucional','8'),(6520,47,'antitauromaquia','9'),(6521,47,'arteriosclerosis','7'),(6522,47,'bioelectromagnetismo','9'),(6523,47,'bioluminiscencia','8'),(6524,47,'broncoconstriccion','6'),(6525,47,'carbonificacion','7'),(6526,47,'chalchiuhtlicue','6'),(6527,47,'ciclopentanoperhidrofenantreno','12'),(6528,47,'citotrofoblasto','6'),(6529,47,'contraindicacion','7'),(6530,47,'desfeminizacion','7'),(6531,47,'desmovilizacion','7'),(6532,47,'acido','3'),(6533,47,'desoxirribonucleico','9'),(6534,47,'dietilestilbestrol','7'),(6535,47,'electrocardiograma','8'),(6536,47,'electrocardiografo','8'),(6537,47,'electrodomestico','7'),(6538,47,'electroencefalografia','10'),(6539,47,'electromedicina','7'),(6540,47,'electrooculograma','8'),(6541,47,'electrorrecepcion','7'),(6542,47,'equisatisfactibilidad','10'),(6543,47,'esfigmomanometro','7'),(6544,47,'extraterritorialidad','9'),(6545,47,'flexitarianismo','7'),(6546,47,'hexakosioihexekontahexafobia','15'),(6547,47,'hipercolesterolemia','9'),(6548,47,'hipogammaglobulinemia','10'),(6549,47,'huitzilopochtli','6'),(6550,47,'industrializacion','8'),(6551,47,'invisibilizacion','8'),(6552,47,'lactovegetarianismo','9'),(6553,47,'lago chaubunagungamaug','10'),(6554,47,'liquido cefalorraquideo','12'),(6555,47,'magnetoencefalografia','10'),(6556,47,'mamihlapinatapai','8'),(6557,47,'saeid mohammadpourkarkaragh','11'),(6558,47,'mucopolisacaridosis','9'),(6559,47,'musculo','3'),(6560,47,'esternocleidomastoideo','11'),(6561,47,'nasofaringolaringofibroscopia','13'),(6562,47,'neoumbilicoplastia','9'),(6563,47,'neurorretroalimentacion','11'),(6564,47,'oligohidramnios','7'),(6565,47,'otorrinolaringologo','9'),(6566,47,'ovolactovegetarianismo','11'),(6567,47,'ovovegetarianismo','9'),(6568,47,'pneumonoultramicroscopicsilicovolcanoconiosis','20'),(6569,47,'radiocomunicacion','9'),(6570,47,'radioinmunoanalisis','10'),(6571,47,'semivegetarianismo','9'),(6572,47,'sincitiotrofoblasto','8'),(6573,47,'sobresaturacion','7'),(6574,47,'socialdemocracia','8'),(6575,47,'supercalifragilisticoexpialidoso','15'),(6576,47,'superparamagnetismo','8'),(6577,47,'titina','3'),(6578,47,'transpeptidasa','5'),(6579,47,'triscaidecafobia','8'),(6580,47,'triyodotironina','7'),(6581,47,'agammaglobulinemia','9'),(6582,47,'primaria','4'),(6583,47,'anticonstitucional','8'),(6584,47,'antitauromaquia','9'),(6585,47,'arteriosclerosis','7'),(6586,47,'bioelectromagnetismo','9'),(6587,47,'bioluminiscencia','8'),(6588,47,'broncoconstriccion','6'),(6589,47,'carbonificacion','7'),(6590,47,'chalchiuhtlicue','6'),(6591,47,'ciclopentanoperhidrofenantreno','12'),(6592,47,'citotrofoblasto','6'),(6593,47,'contraindicacion','7'),(6594,47,'desfeminizacion','7'),(6595,47,'desmovilizacion','7'),(6596,47,'acido','3'),(6597,47,'desoxirribonucleico','9'),(6598,47,'dietilestilbestrol','7'),(6599,47,'electrocardiograma','8'),(6600,47,'electrocardiografo','8'),(6601,47,'electrodomestico','7'),(6602,47,'electroencefalografia','10'),(6603,47,'electromedicina','7'),(6604,47,'electrooculograma','8'),(6605,47,'electrorrecepcion','7'),(6606,47,'equisatisfactibilidad','10'),(6607,47,'esfigmomanometro','7'),(6608,47,'extraterritorialidad','9'),(6609,47,'flexitarianismo','7'),(6610,47,'hexakosioihexekontahexafobia','15'),(6611,47,'hipercolesterolemia','9'),(6612,47,'hipogammaglobulinemia','10'),(6613,47,'huitzilopochtli','6'),(6614,47,'industrializacion','8'),(6615,47,'invisibilizacion','8'),(6616,47,'lactovegetarianismo','9'),(6617,47,'lago chaubunagungamaug','10'),(6618,47,'liquido cefalorraquideo','12'),(6619,47,'magnetoencefalografia','10'),(6620,47,'mamihlapinatapai','8'),(6621,47,'saeid mohammadpourkarkaragh','11'),(6622,47,'mucopolisacaridosis','9'),(6623,47,'musculo','3'),(6624,47,'esternocleidomastoideo','11'),(6625,47,'nasofaringolaringofibroscopia','13'),(6626,47,'neoumbilicoplastia','9'),(6627,47,'neurorretroalimentacion','11'),(6628,47,'oligohidramnios','7'),(6629,47,'otorrinolaringologo','9'),(6630,47,'ovolactovegetarianismo','11'),(6631,47,'ovovegetarianismo','9'),(6632,47,'pneumonoultramicroscopicsilicovolcanoconiosis','20'),(6633,47,'radiocomunicacion','9'),(6634,47,'radioinmunoanalisis','10'),(6635,47,'semivegetarianismo','9'),(6636,47,'sincitiotrofoblasto','8'),(6637,47,'sobresaturacion','7'),(6638,47,'socialdemocracia','8'),(6639,47,'supercalifragilisticoexpialidoso','15'),(6640,47,'superparamagnetismo','8'),(6641,47,'titina','3'),(6642,47,'transpeptidasa','5'),(6643,47,'triscaidecafobia','8'),(6644,47,'triyodotironina','7'),(6645,48,'1945,19,25,19,25','52'),(6646,49,'10,5','150'),(6647,49,'11,5','150'),(6648,49,'12,5','180'),(6649,49,'13,5','180'),(6650,50,'11','1'),(6651,50,'55','5'),(6652,50,'27','7'),(6653,50,'10','0'),(6655,50,'12','2'),(6658,60,'15','18'),(6659,60,'13','18'),(6660,60,'12','6'),(6661,60,'2','0'),(6662,60,'17','18'),(6663,60,'19','36'),(6664,60,'20','36'),(6665,60,'10','6'),(6666,60,'1','0'),(6667,60,'9','6'),(6668,59,'ana_ama_comer_anana','3'),(6669,59,'el_oso_y_su_cria_nadan_solos','4'),(6670,59,'alla_esta_el_oro_de_neuquen','3'),(6671,59,'en_las_sedes_las_salas_son_blancas','2'),(6672,59,'somos_los_que_sometemos_a_sus_seres','5'),(6673,59,'el_dia_esta_hermoso','0'),(6674,52,'1,0,-3,-8','2*X-2'),(6675,52,'1,4,5,16','3*X+1'),(6676,57,'anitalavalatina','anitalavalatina'),(6677,52,'0,-3,3,0','1*X-3'),(6678,61,'20','4 5'),(6679,52,'1,2,4,2','0*X+2'),(6680,57,'caramelo','olemarac'),(6681,53,'12345','15'),(6682,53,'54321','15'),(6683,53,'11111','5'),(6684,57,'solucion_del_problema','amelborp_led_noiculos'),(6685,53,'43434','18'),(6686,53,'56789','35'),(6687,53,'98765','35'),(6688,53,'10305','9'),(6689,57,'hornero','orenroh'),(6690,57,'juegos_olimpicos','socipmilo_sogeuj'),(6691,54,'2,50','650'),(6692,58,'111','CXI'),(6693,54,'24,15','0'),(6694,58,'14','XIV'),(6695,58,'19','XIX'),(6696,58,'17','XVII'),(6697,58,'188','CLXXXVIII'),(6698,58,'499','CDXCIX'),(6699,54,'11,13','12'),(6700,58,'141','CXLI'),(6701,58,'224','CCXXIV'),(6702,54,'10,25','136'),(6703,54,'33,44','234'),(6704,58,'339','CCCXXXIX'),(6705,54,'121,127','372'),(6706,55,'97531,2','90531'),(6707,61,'12','3 4'),(6708,55,'77777,3','77077'),(6711,61,'30','5 6'),(6712,61,'56','7 8'),(6713,61,'72','8 9'),(6714,61,'110','10 11'),(6715,55,'13579,5','13570'),(6716,55,'23675,4','23605'),(6717,55,'56784,2','50784'),(6718,55,'28282,2','20282'),(6719,61,'2','1 2'),(6720,61,'6','2 3'),(6721,61,'12','3 4'),(6722,61,'20','4 5'),(6723,61,'30','5 6'),(6724,61,'42','6 7'),(6725,61,'56','7 8'),(6726,61,'72','8 9'),(6727,61,'90','9 10'),(6728,61,'110','10 11'),(6729,61,'132','11 12'),(6730,61,'156','12 13'),(6731,61,'182','13 14'),(6732,61,'210','14 15'),(6733,61,'240','15 16'),(6734,61,'272','16 17'),(6735,61,'306','17 18'),(6736,61,'342','18 19'),(6737,61,'380','19 20'),(6738,61,'420','20 21'),(6739,61,'462','21 22'),(6740,61,'506','22 23'),(6741,61,'552','23 24'),(6742,61,'600','24 25'),(6743,61,'650','25 26'),(6744,61,'702','26 27'),(6745,61,'756','27 28'),(6746,61,'812','28 29'),(6747,61,'870','29 30'),(6748,61,'930','30 31'),(6749,61,'992','31 32'),(6750,61,'1056','32 33'),(6751,61,'1122','33 34'),(6752,61,'1190','34 35'),(6753,61,'1260','35 36'),(6754,61,'1332','36 37'),(6755,61,'1406','37 38'),(6756,61,'1482','38 39'),(6757,61,'1560','39 40'),(6758,61,'1640','40 41'),(6759,61,'1722','41 42'),(6760,61,'1806','42 43'),(6761,61,'1892','43 44'),(6762,61,'1980','44 45'),(6763,61,'2070','45 46'),(6764,61,'2162','46 47'),(6765,61,'2256','47 48'),(6766,61,'2352','48 49'),(6767,61,'2450','49 50'),(6768,61,'2550','50 51'),(6769,61,'2652','51 52'),(6770,61,'2756','52 53'),(6771,61,'2862','53 54'),(6772,61,'2970','54 55'),(6773,61,'3080','55 56'),(6774,61,'3192','56 57'),(6775,61,'3306','57 58'),(6776,61,'3422','58 59'),(6777,61,'3540','59 60'),(6778,61,'3660','60 61'),(6779,61,'3782','61 62'),(6780,61,'3906','62 63'),(6781,61,'4032','63 64'),(6782,61,'4160','64 65'),(6783,61,'4290','65 66'),(6784,61,'4422','66 67'),(6785,61,'4556','67 68'),(6786,61,'4692','68 69'),(6787,61,'4830','69 70'),(6788,61,'4970','70 71'),(6789,61,'5112','71 72'),(6790,61,'5256','72 73'),(6791,61,'5402','73 74'),(6792,61,'5550','74 75'),(6793,61,'5700','75 76'),(6794,61,'5852','76 77'),(6795,61,'6006','77 78'),(6796,61,'6162','78 79'),(6797,61,'6320','79 80'),(6798,61,'6480','80 81'),(6799,61,'6642','81 82'),(6800,61,'6806','82 83'),(6801,61,'6972','83 84'),(6802,61,'7140','84 85'),(6803,61,'7310','85 86'),(6804,61,'7482','86 87'),(6805,61,'7656','87 88'),(6806,61,'7832','88 89'),(6807,61,'8010','89 90'),(6808,61,'8190','90 91'),(6809,61,'8372','91 92'),(6810,61,'8556','92 93'),(6811,61,'8742','93 94'),(6812,61,'8930','94 95'),(6813,61,'9120','95 96'),(6814,61,'9312','96 97'),(6815,61,'9506','97 98'),(6816,61,'9702','98 99'),(6817,61,'9900','99 100'),(6818,61,'2','1 2'),(6819,61,'6','2 3'),(6820,61,'12','3 4'),(6821,61,'20','4 5'),(6822,61,'30','5 6'),(6823,61,'42','6 7'),(6824,61,'56','7 8'),(6825,61,'72','8 9'),(6826,61,'90','9 10'),(6827,61,'110','10 11'),(6828,61,'132','11 12'),(6829,61,'156','12 13'),(6830,61,'182','13 14'),(6831,61,'210','14 15'),(6832,61,'240','15 16'),(6833,61,'272','16 17'),(6834,61,'306','17 18'),(6835,61,'342','18 19'),(6836,61,'380','19 20'),(6837,61,'420','20 21'),(6838,61,'462','21 22'),(6839,61,'506','22 23'),(6840,61,'552','23 24'),(6841,61,'600','24 25'),(6842,61,'650','25 26'),(6843,61,'702','26 27'),(6844,61,'756','27 28'),(6845,61,'812','28 29'),(6846,61,'870','29 30'),(6847,61,'930','30 31'),(6848,61,'992','31 32'),(6849,61,'1056','32 33'),(6850,61,'1122','33 34'),(6851,61,'1190','34 35'),(6852,61,'1260','35 36'),(6853,61,'1332','36 37'),(6854,61,'1406','37 38'),(6855,61,'1482','38 39'),(6856,61,'1560','39 40'),(6857,61,'1640','40 41'),(6858,61,'1722','41 42'),(6859,61,'1806','42 43'),(6860,61,'1892','43 44'),(6861,61,'1980','44 45'),(6862,61,'2070','45 46'),(6863,61,'2162','46 47'),(6864,61,'2256','47 48'),(6865,61,'2352','48 49'),(6866,61,'2450','49 50'),(6867,61,'2550','50 51'),(6868,61,'2652','51 52'),(6869,61,'2756','52 53'),(6870,61,'2862','53 54'),(6871,61,'2970','54 55'),(6872,61,'3080','55 56'),(6873,61,'3192','56 57'),(6874,61,'3306','57 58'),(6875,61,'3422','58 59'),(6876,61,'3540','59 60'),(6877,61,'3660','60 61'),(6878,61,'3782','61 62'),(6879,61,'3906','62 63'),(6880,61,'4032','63 64'),(6881,61,'4160','64 65'),(6882,61,'4290','65 66'),(6883,61,'4422','66 67'),(6884,61,'4556','67 68'),(6885,61,'4692','68 69'),(6886,61,'4830','69 70'),(6887,61,'4970','70 71'),(6888,61,'5112','71 72'),(6889,61,'5256','72 73'),(6890,61,'5402','73 74'),(6891,61,'5550','74 75'),(6892,61,'5700','75 76'),(6893,61,'5852','76 77'),(6894,61,'6006','77 78'),(6895,61,'6162','78 79'),(6896,61,'6320','79 80'),(6897,61,'6480','80 81'),(6898,61,'6642','81 82'),(6899,61,'6806','82 83'),(6900,61,'6972','83 84'),(6901,61,'7140','84 85'),(6902,61,'7310','85 86'),(6903,61,'7482','86 87'),(6904,61,'7656','87 88'),(6905,61,'7832','88 89'),(6906,61,'8010','89 90'),(6907,61,'8190','90 91'),(6908,61,'8372','91 92'),(6909,61,'8556','92 93'),(6910,61,'8742','93 94'),(6911,61,'8930','94 95'),(6912,61,'9120','95 96'),(6913,61,'9312','96 97'),(6914,61,'9506','97 98'),(6915,61,'9702','98 99'),(6916,61,'9900','99 100'),(6917,56,'5,*','*****'),(6918,56,'7,h','hhhhhhh'),(6919,56,'-3,A','s/cadena'),(6920,56,'1,$','$'),(6921,56,'21,#','#####################'),(6922,56,'17,g','ggggggggggggggggg'),(6923,51,'226','4'),(6924,51,'82','4'),(6926,51,'158','3'),(6927,51,'412','6'),(6928,51,'22','5'),(6929,51,'151','5'),(6930,45,'1,1,1','3_equilatero'),(6931,45,'1,2,5','0_no'),(6932,63,'X','10'),(6933,59,'ana_revisa_sus_cosas','2'),(6934,59,'menem_no_nacio_en_neuquen','2'),(6935,59,'su_ojo_derecho_esta_cerrado','1'),(6936,52,'1,3,2,4','1*X+2'),(6937,52,'0,1,1,3','2*X+1'),(6938,52,'0,-2,2,2','2*X-2'),(6939,52,'1,-2,2,-1','1*X-3'),(6940,52,'-1,2,2,2','0*X+2'),(6941,62,'-40,-71','SO'),(6942,58,'259','CCLIX'),(6943,58,'2','II'),(6944,58,'3','III'),(6945,58,'4','IV'),(6946,58,'5','V'),(6947,58,'6','VI'),(6948,58,'7','VII'),(6949,58,'8','VIII'),(6950,58,'9','IX'),(6951,58,'10','X'),(6952,58,'11','XI'),(6953,58,'12','XII'),(6954,58,'13','XIII'),(6955,58,'14','XIV'),(6956,58,'15','XV'),(6957,58,'16','XVI'),(6958,58,'17','XVII'),(6959,58,'18','XVIII'),(6960,58,'19','XIX'),(6961,58,'20','XX'),(6962,58,'21','XXI'),(6963,58,'22','XXII'),(6964,58,'23','XXIII'),(6965,58,'24','XXIV'),(6966,58,'25','XXV'),(6967,58,'26','XXVI'),(6968,58,'27','XXVII'),(6969,58,'28','XXVIII'),(6970,58,'29','XXIX'),(6971,58,'30','XXX'),(6972,58,'31','XXXI'),(6973,58,'32','XXXII'),(6974,58,'33','XXXIII'),(6975,58,'34','XXXIV'),(6976,58,'35','XXXV'),(6977,58,'36','XXXVI'),(6978,58,'37','XXXVII'),(6979,58,'38','XXXVIII'),(6980,58,'39','XXXIX'),(6981,58,'40','XL'),(6982,58,'41','XLI'),(6983,58,'42','XLII'),(6984,58,'43','XLIII'),(6985,58,'44','XLIV'),(6986,58,'45','XLV'),(6987,58,'46','XLVI'),(6988,58,'47','XLVII'),(6989,58,'48','XLVIII'),(6990,58,'49','XLIX'),(6991,58,'50','L'),(6992,58,'51','LI'),(6993,58,'52','LII'),(6994,58,'53','LIII'),(6995,58,'54','LIV'),(6996,58,'55','LV'),(6997,58,'56','LVI'),(6998,58,'57','LVII'),(6999,58,'58','LVIII'),(7000,58,'59','LIX'),(7001,58,'60','LX'),(7002,58,'61','LXI'),(7003,58,'62','LXII'),(7004,58,'63','LXIII'),(7005,58,'64','LXIV'),(7006,58,'65','LXV'),(7007,58,'66','LXVI'),(7008,58,'67','LXVII'),(7009,58,'68','LXVIII'),(7010,58,'69','LXIX'),(7011,58,'70','LXX'),(7012,58,'71','LXXI'),(7013,58,'72','LXXII'),(7014,58,'73','LXXIII'),(7015,58,'74','LXXIV'),(7016,58,'75','LXXV'),(7017,58,'76','LXXVI'),(7018,58,'77','LXXVII'),(7019,58,'78','LXXVIII'),(7020,58,'79','LXXIX'),(7021,58,'80','LXXX'),(7022,58,'81','LXXXI'),(7023,58,'82','LXXXII'),(7024,58,'83','LXXXIII'),(7025,58,'84','LXXXIV'),(7026,58,'85','LXXXV'),(7027,58,'86','LXXXVI'),(7028,58,'87','LXXXVII'),(7029,58,'88','LXXXVIII'),(7030,58,'89','LXXXIX'),(7031,58,'90','XC'),(7032,58,'91','XCI'),(7033,58,'92','XCII'),(7034,58,'93','XCIII'),(7035,58,'94','XCIV'),(7036,58,'95','XCV'),(7037,58,'96','XCVI'),(7038,58,'97','XCVII'),(7039,58,'98','XCVIII'),(7040,58,'99','XCIX'),(7041,58,'100','C'),(7042,58,'101','CI'),(7043,58,'102','CII'),(7044,58,'103','CIII'),(7045,58,'104','CIV'),(7046,58,'105','CV'),(7047,58,'106','CVI'),(7048,58,'107','CVII'),(7049,58,'108','CVIII'),(7050,58,'109','CIX'),(7051,58,'110','CX'),(7052,58,'111','CXI'),(7053,58,'112','CXII'),(7054,58,'113','CXIII'),(7055,58,'114','CXIV'),(7056,58,'115','CXV'),(7057,58,'116','CXVI'),(7058,58,'117','CXVII'),(7059,58,'118','CXVIII'),(7060,58,'119','CXIX'),(7061,58,'120','CXX'),(7062,58,'121','CXXI'),(7063,58,'122','CXXII'),(7064,58,'123','CXXIII'),(7065,58,'124','CXXIV'),(7066,58,'125','CXXV'),(7067,58,'126','CXXVI'),(7068,58,'127','CXXVII'),(7069,58,'128','CXXVIII'),(7070,58,'129','CXXIX'),(7071,58,'130','CXXX'),(7072,58,'131','CXXXI'),(7073,58,'132','CXXXII'),(7074,58,'133','CXXXIII'),(7075,58,'134','CXXXIV'),(7076,58,'135','CXXXV'),(7077,58,'136','CXXXVI'),(7078,58,'137','CXXXVII'),(7079,58,'138','CXXXVIII'),(7080,58,'139','CXXXIX'),(7081,58,'140','CXL'),(7082,58,'141','CXLI'),(7083,58,'142','CXLII'),(7084,58,'143','CXLIII'),(7085,58,'144','CXLIV'),(7086,58,'145','CXLV'),(7087,58,'146','CXLVI'),(7088,58,'147','CXLVII'),(7089,58,'148','CXLVIII'),(7090,58,'149','CXLIX'),(7091,58,'150','CL'),(7092,58,'151','CLI'),(7093,58,'152','CLII'),(7094,58,'153','CLIII'),(7095,58,'154','CLIV'),(7096,58,'155','CLV'),(7097,58,'156','CLVI'),(7098,58,'157','CLVII'),(7099,58,'158','CLVIII'),(7100,58,'159','CLIX'),(7101,58,'160','CLX'),(7102,58,'161','CLXI'),(7103,58,'162','CLXII'),(7104,58,'163','CLXIII'),(7105,58,'164','CLXIV'),(7106,58,'165','CLXV'),(7107,58,'166','CLXVI'),(7108,58,'167','CLXVII'),(7109,58,'168','CLXVIII'),(7110,58,'169','CLXIX'),(7111,58,'170','CLXX'),(7112,58,'171','CLXXI'),(7113,58,'172','CLXXII'),(7114,58,'173','CLXXIII'),(7115,58,'174','CLXXIV'),(7116,58,'175','CLXXV'),(7117,58,'176','CLXXVI'),(7118,58,'177','CLXXVII'),(7119,58,'178','CLXXVIII'),(7120,58,'179','CLXXIX'),(7121,58,'180','CLXXX'),(7122,58,'181','CLXXXI'),(7123,58,'182','CLXXXII'),(7124,58,'183','CLXXXIII'),(7125,58,'184','CLXXXIV'),(7126,58,'185','CLXXXV'),(7127,58,'186','CLXXXVI'),(7128,58,'187','CLXXXVII'),(7129,58,'188','CLXXXVIII'),(7130,58,'189','CLXXXIX'),(7131,58,'190','CXC'),(7132,58,'191','CXCI'),(7133,58,'192','CXCII'),(7134,58,'193','CXCIII'),(7135,58,'194','CXCIV'),(7136,58,'195','CXCV'),(7137,58,'196','CXCVI'),(7138,58,'197','CXCVII'),(7139,58,'198','CXCVIII'),(7140,58,'199','CXCIX'),(7141,58,'200','CC'),(7142,58,'201','CCI'),(7143,58,'202','CCII'),(7144,58,'203','CCIII'),(7145,58,'204','CCIV'),(7146,58,'205','CCV'),(7147,58,'206','CCVI'),(7148,58,'207','CCVII'),(7149,58,'208','CCVIII'),(7150,58,'209','CCIX'),(7151,58,'210','CCX'),(7152,58,'211','CCXI'),(7153,58,'212','CCXII'),(7154,58,'213','CCXIII'),(7155,58,'214','CCXIV'),(7156,58,'215','CCXV'),(7157,58,'216','CCXVI'),(7158,58,'217','CCXVII'),(7159,58,'218','CCXVIII'),(7160,58,'219','CCXIX'),(7161,58,'220','CCXX'),(7162,58,'221','CCXXI'),(7163,58,'222','CCXXII'),(7164,58,'223','CCXXIII'),(7165,58,'224','CCXXIV'),(7166,58,'225','CCXXV'),(7167,58,'226','CCXXVI'),(7168,58,'227','CCXXVII'),(7169,58,'228','CCXXVIII'),(7170,58,'229','CCXXIX'),(7171,58,'230','CCXXX'),(7172,58,'231','CCXXXI'),(7173,58,'232','CCXXXII'),(7174,58,'233','CCXXXIII'),(7175,58,'234','CCXXXIV'),(7176,58,'235','CCXXXV'),(7177,58,'236','CCXXXVI'),(7178,58,'237','CCXXXVII'),(7179,58,'238','CCXXXVIII'),(7180,58,'239','CCXXXIX'),(7181,58,'240','CCXL'),(7182,58,'241','CCXLI'),(7183,58,'242','CCXLII'),(7184,58,'243','CCXLIII'),(7185,58,'244','CCXLIV'),(7186,58,'245','CCXLV'),(7187,58,'246','CCXLVI'),(7188,58,'247','CCXLVII'),(7189,58,'248','CCXLVIII'),(7190,58,'249','CCXLIX'),(7191,58,'250','CCL'),(7192,58,'251','CCLI'),(7193,58,'252','CCLII'),(7194,58,'253','CCLIII'),(7195,58,'254','CCLIV'),(7196,58,'255','CCLV'),(7197,58,'256','CCLVI'),(7198,58,'257','CCLVII'),(7199,58,'258','CCLVIII'),(7200,58,'259','CCLIX'),(7201,58,'260','CCLX'),(7202,58,'261','CCLXI'),(7203,58,'262','CCLXII'),(7204,58,'263','CCLXIII'),(7205,58,'264','CCLXIV'),(7206,58,'265','CCLXV'),(7207,58,'266','CCLXVI'),(7208,58,'267','CCLXVII'),(7209,58,'268','CCLXVIII'),(7210,58,'269','CCLXIX'),(7211,58,'270','CCLXX'),(7212,58,'271','CCLXXI'),(7213,58,'272','CCLXXII'),(7214,58,'273','CCLXXIII'),(7215,58,'274','CCLXXIV'),(7216,58,'275','CCLXXV'),(7217,58,'276','CCLXXVI'),(7218,58,'277','CCLXXVII'),(7219,58,'278','CCLXXVIII'),(7220,58,'279','CCLXXIX'),(7221,58,'280','CCLXXX'),(7222,58,'281','CCLXXXI'),(7223,58,'282','CCLXXXII'),(7224,58,'283','CCLXXXIII'),(7225,58,'284','CCLXXXIV'),(7226,58,'285','CCLXXXV'),(7227,58,'286','CCLXXXVI'),(7228,58,'287','CCLXXXVII'),(7229,58,'288','CCLXXXVIII'),(7230,58,'289','CCLXXXIX'),(7231,58,'290','CCXC'),(7232,58,'291','CCXCI'),(7233,58,'292','CCXCII'),(7234,58,'293','CCXCIII'),(7235,58,'294','CCXCIV'),(7236,58,'295','CCXCV'),(7237,58,'296','CCXCVI'),(7238,58,'297','CCXCVII'),(7239,58,'298','CCXCVIII'),(7240,58,'299','CCXCIX'),(7241,58,'300','CCC'),(7242,58,'301','CCCI'),(7243,58,'302','CCCII'),(7244,58,'303','CCCIII'),(7245,58,'304','CCCIV'),(7246,58,'305','CCCV'),(7247,58,'306','CCCVI'),(7248,58,'307','CCCVII'),(7249,58,'308','CCCVIII'),(7250,58,'309','CCCIX'),(7251,58,'310','CCCX'),(7252,58,'311','CCCXI'),(7253,58,'312','CCCXII'),(7254,58,'313','CCCXIII'),(7255,58,'314','CCCXIV'),(7256,58,'315','CCCXV'),(7257,58,'316','CCCXVI'),(7258,58,'317','CCCXVII'),(7259,58,'318','CCCXVIII'),(7260,58,'319','CCCXIX'),(7261,58,'320','CCCXX'),(7262,58,'321','CCCXXI'),(7263,58,'322','CCCXXII'),(7264,58,'323','CCCXXIII'),(7265,58,'324','CCCXXIV'),(7266,58,'325','CCCXXV'),(7267,58,'326','CCCXXVI'),(7268,58,'327','CCCXXVII'),(7269,58,'328','CCCXXVIII'),(7270,58,'329','CCCXXIX'),(7271,58,'330','CCCXXX'),(7272,58,'331','CCCXXXI'),(7273,58,'332','CCCXXXII'),(7274,58,'333','CCCXXXIII'),(7275,58,'334','CCCXXXIV'),(7276,58,'335','CCCXXXV'),(7277,58,'336','CCCXXXVI'),(7278,58,'337','CCCXXXVII'),(7279,58,'338','CCCXXXVIII'),(7280,58,'339','CCCXXXIX'),(7281,58,'340','CCCXL'),(7282,58,'341','CCCXLI'),(7283,58,'342','CCCXLII'),(7284,58,'343','CCCXLIII'),(7285,58,'344','CCCXLIV'),(7286,58,'345','CCCXLV'),(7287,58,'346','CCCXLVI'),(7288,58,'347','CCCXLVII'),(7289,58,'348','CCCXLVIII'),(7290,58,'349','CCCXLIX'),(7291,58,'350','CCCL'),(7292,58,'351','CCCLI'),(7293,58,'352','CCCLII'),(7294,58,'353','CCCLIII'),(7295,58,'354','CCCLIV'),(7296,58,'355','CCCLV'),(7297,58,'356','CCCLVI'),(7298,58,'357','CCCLVII'),(7299,58,'358','CCCLVIII'),(7300,58,'359','CCCLIX'),(7301,58,'360','CCCLX'),(7302,58,'361','CCCLXI'),(7303,58,'362','CCCLXII'),(7304,58,'363','CCCLXIII'),(7305,58,'364','CCCLXIV'),(7306,58,'365','CCCLXV'),(7307,58,'366','CCCLXVI'),(7308,58,'367','CCCLXVII'),(7309,58,'368','CCCLXVIII'),(7310,58,'369','CCCLXIX'),(7311,58,'370','CCCLXX'),(7312,58,'371','CCCLXXI'),(7313,58,'372','CCCLXXII'),(7314,58,'373','CCCLXXIII'),(7315,58,'374','CCCLXXIV'),(7316,58,'375','CCCLXXV'),(7317,58,'376','CCCLXXVI'),(7318,58,'377','CCCLXXVII'),(7319,58,'378','CCCLXXVIII'),(7320,58,'379','CCCLXXIX'),(7321,58,'380','CCCLXXX'),(7322,58,'381','CCCLXXXI'),(7323,58,'382','CCCLXXXII'),(7324,58,'383','CCCLXXXIII'),(7325,58,'384','CCCLXXXIV'),(7326,58,'385','CCCLXXXV'),(7327,58,'386','CCCLXXXVI'),(7328,58,'387','CCCLXXXVII'),(7329,58,'388','CCCLXXXVIII'),(7330,58,'389','CCCLXXXIX'),(7331,58,'390','CCCXC'),(7332,58,'391','CCCXCI'),(7333,58,'392','CCCXCII'),(7334,58,'393','CCCXCIII'),(7335,58,'394','CCCXCIV'),(7336,58,'395','CCCXCV'),(7337,58,'396','CCCXCVI'),(7338,58,'397','CCCXCVII'),(7339,58,'398','CCCXCVIII'),(7340,58,'399','CCCXCIX'),(7341,58,'400','CD'),(7342,58,'401','CDI'),(7343,58,'402','CDII'),(7344,58,'403','CDIII'),(7345,58,'404','CDIV'),(7346,58,'405','CDV'),(7347,58,'406','CDVI'),(7348,58,'407','CDVII'),(7349,58,'408','CDVIII'),(7350,58,'409','CDIX'),(7351,58,'410','CDX'),(7352,58,'411','CDXI'),(7353,58,'412','CDXII'),(7354,58,'413','CDXIII'),(7355,58,'414','CDXIV'),(7356,58,'415','CDXV'),(7357,58,'416','CDXVI'),(7358,58,'417','CDXVII'),(7359,58,'418','CDXVIII'),(7360,58,'419','CDXIX'),(7361,58,'420','CDXX'),(7362,58,'421','CDXXI'),(7363,58,'422','CDXXII'),(7364,58,'423','CDXXIII'),(7365,58,'424','CDXXIV'),(7366,58,'425','CDXXV'),(7367,58,'426','CDXXVI'),(7368,58,'427','CDXXVII'),(7369,58,'428','CDXXVIII'),(7370,58,'429','CDXXIX'),(7371,58,'430','CDXXX'),(7372,58,'431','CDXXXI'),(7373,58,'432','CDXXXII'),(7374,58,'433','CDXXXIII'),(7375,58,'434','CDXXXIV'),(7376,58,'435','CDXXXV'),(7377,58,'436','CDXXXVI'),(7378,58,'437','CDXXXVII'),(7379,58,'438','CDXXXVIII'),(7380,58,'439','CDXXXIX'),(7381,58,'440','CDXL'),(7382,58,'441','CDXLI'),(7383,58,'442','CDXLII'),(7384,58,'443','CDXLIII'),(7385,58,'444','CDXLIV'),(7386,58,'445','CDXLV'),(7387,58,'446','CDXLVI'),(7388,58,'447','CDXLVII'),(7389,58,'448','CDXLVIII'),(7390,58,'449','CDXLIX'),(7391,58,'450','CDL'),(7392,58,'451','CDLI'),(7393,58,'452','CDLII'),(7394,58,'453','CDLIII'),(7395,58,'454','CDLIV'),(7396,58,'455','CDLV'),(7397,58,'456','CDLVI'),(7398,58,'457','CDLVII'),(7399,58,'458','CDLVIII'),(7400,58,'459','CDLIX'),(7401,58,'460','CDLX'),(7402,58,'461','CDLXI'),(7403,58,'462','CDLXII'),(7404,58,'463','CDLXIII'),(7405,58,'464','CDLXIV'),(7406,58,'465','CDLXV'),(7407,58,'466','CDLXVI'),(7408,58,'467','CDLXVII'),(7409,58,'468','CDLXVIII'),(7410,58,'469','CDLXIX'),(7411,58,'470','CDLXX'),(7412,58,'471','CDLXXI'),(7413,58,'472','CDLXXII'),(7414,58,'473','CDLXXIII'),(7415,58,'474','CDLXXIV'),(7416,58,'475','CDLXXV'),(7417,58,'476','CDLXXVI'),(7418,58,'477','CDLXXVII'),(7419,58,'478','CDLXXVIII'),(7420,58,'479','CDLXXIX'),(7421,58,'480','CDLXXX'),(7422,58,'481','CDLXXXI'),(7423,58,'482','CDLXXXII'),(7424,58,'483','CDLXXXIII'),(7425,58,'484','CDLXXXIV'),(7426,58,'485','CDLXXXV'),(7427,58,'486','CDLXXXVI'),(7428,58,'487','CDLXXXVII'),(7429,58,'488','CDLXXXVIII'),(7430,58,'489','CDLXXXIX'),(7431,58,'490','CDXC'),(7432,58,'491','CDXCI'),(7433,58,'492','CDXCII'),(7434,58,'493','CDXCIII'),(7435,58,'494','CDXCIV'),(7436,58,'495','CDXCV'),(7437,58,'496','CDXCVI'),(7438,58,'497','CDXCVII'),(7439,58,'498','CDXCVIII'),(7440,58,'1','I'),(7441,58,'2','II'),(7442,58,'3','III'),(7443,58,'4','IV'),(7444,58,'5','V'),(7445,58,'6','VI'),(7446,58,'7','VII'),(7447,58,'8','VIII'),(7448,58,'9','IX'),(7449,58,'10','X'),(7450,58,'11','XI'),(7451,58,'12','XII'),(7452,58,'13','XIII'),(7453,58,'14','XIV'),(7454,58,'15','XV'),(7455,58,'16','XVI'),(7456,58,'17','XVII'),(7457,58,'18','XVIII'),(7458,58,'19','XIX'),(7459,58,'20','XX'),(7460,58,'21','XXI'),(7461,58,'22','XXII'),(7462,58,'23','XXIII'),(7463,58,'24','XXIV'),(7464,58,'25','XXV'),(7465,58,'26','XXVI'),(7466,58,'27','XXVII'),(7467,58,'28','XXVIII'),(7468,58,'29','XXIX'),(7469,58,'30','XXX'),(7470,58,'31','XXXI'),(7471,58,'32','XXXII'),(7472,58,'33','XXXIII'),(7473,58,'34','XXXIV'),(7474,58,'35','XXXV'),(7475,58,'36','XXXVI'),(7476,58,'37','XXXVII'),(7477,58,'38','XXXVIII'),(7478,58,'39','XXXIX'),(7479,58,'40','XL'),(7480,58,'41','XLI'),(7481,58,'42','XLII'),(7482,58,'43','XLIII'),(7483,58,'44','XLIV'),(7484,58,'45','XLV'),(7485,58,'46','XLVI'),(7486,58,'47','XLVII'),(7487,58,'48','XLVIII'),(7488,58,'49','XLIX'),(7489,58,'50','L'),(7490,58,'51','LI'),(7491,58,'52','LII'),(7492,58,'53','LIII'),(7493,58,'54','LIV'),(7494,58,'55','LV'),(7495,58,'56','LVI'),(7496,58,'57','LVII'),(7497,58,'58','LVIII'),(7498,58,'59','LIX'),(7499,58,'60','LX'),(7500,58,'61','LXI'),(7501,58,'62','LXII'),(7502,58,'63','LXIII'),(7503,58,'64','LXIV'),(7504,58,'65','LXV'),(7505,58,'66','LXVI'),(7506,58,'67','LXVII'),(7507,58,'68','LXVIII'),(7508,58,'69','LXIX'),(7509,58,'70','LXX'),(7510,58,'71','LXXI'),(7511,58,'72','LXXII'),(7512,58,'73','LXXIII'),(7513,58,'74','LXXIV'),(7514,58,'75','LXXV'),(7515,58,'76','LXXVI'),(7516,58,'77','LXXVII'),(7517,58,'78','LXXVIII'),(7518,58,'79','LXXIX'),(7519,58,'80','LXXX'),(7520,58,'81','LXXXI'),(7521,58,'82','LXXXII'),(7522,58,'83','LXXXIII'),(7523,58,'84','LXXXIV'),(7524,58,'85','LXXXV'),(7525,58,'86','LXXXVI'),(7526,58,'87','LXXXVII'),(7527,58,'88','LXXXVIII'),(7528,58,'89','LXXXIX'),(7529,58,'90','XC'),(7530,58,'91','XCI'),(7531,58,'92','XCII'),(7532,58,'93','XCIII'),(7533,58,'94','XCIV'),(7534,58,'95','XCV'),(7535,58,'96','XCVI'),(7536,58,'97','XCVII'),(7537,58,'98','XCVIII'),(7538,58,'99','XCIX'),(7539,58,'100','C'),(7540,58,'101','CI'),(7541,58,'102','CII'),(7542,58,'103','CIII'),(7543,58,'104','CIV'),(7544,58,'105','CV'),(7545,58,'106','CVI'),(7546,58,'107','CVII'),(7547,58,'108','CVIII'),(7548,58,'109','CIX'),(7549,58,'110','CX'),(7550,58,'111','CXI'),(7551,58,'112','CXII'),(7552,58,'113','CXIII'),(7553,58,'114','CXIV'),(7554,58,'115','CXV'),(7555,58,'116','CXVI'),(7556,58,'117','CXVII'),(7557,58,'118','CXVIII'),(7558,58,'119','CXIX'),(7559,58,'120','CXX'),(7560,58,'121','CXXI'),(7561,58,'122','CXXII'),(7562,58,'123','CXXIII'),(7563,58,'124','CXXIV'),(7564,58,'125','CXXV'),(7565,58,'126','CXXVI'),(7566,58,'127','CXXVII'),(7567,58,'128','CXXVIII'),(7568,58,'129','CXXIX'),(7569,58,'130','CXXX'),(7570,58,'131','CXXXI'),(7571,58,'132','CXXXII'),(7572,58,'133','CXXXIII'),(7573,58,'134','CXXXIV'),(7574,58,'135','CXXXV'),(7575,58,'136','CXXXVI'),(7576,58,'137','CXXXVII'),(7577,58,'138','CXXXVIII'),(7578,58,'139','CXXXIX'),(7579,58,'140','CXL'),(7580,58,'141','CXLI'),(7581,58,'142','CXLII'),(7582,58,'143','CXLIII'),(7583,58,'144','CXLIV'),(7584,58,'145','CXLV'),(7585,58,'146','CXLVI'),(7586,58,'147','CXLVII'),(7587,58,'148','CXLVIII'),(7588,58,'149','CXLIX'),(7589,58,'150','CL'),(7590,58,'151','CLI'),(7591,58,'152','CLII'),(7592,58,'153','CLIII'),(7593,58,'154','CLIV'),(7594,58,'155','CLV'),(7595,58,'156','CLVI'),(7596,58,'157','CLVII'),(7597,58,'158','CLVIII'),(7598,58,'159','CLIX'),(7599,58,'160','CLX'),(7600,58,'161','CLXI'),(7601,58,'162','CLXII'),(7602,58,'163','CLXIII'),(7603,58,'164','CLXIV'),(7604,58,'165','CLXV'),(7605,58,'166','CLXVI'),(7606,58,'167','CLXVII'),(7607,58,'168','CLXVIII'),(7608,58,'169','CLXIX'),(7609,58,'170','CLXX'),(7610,58,'171','CLXXI'),(7611,58,'172','CLXXII'),(7612,58,'173','CLXXIII'),(7613,58,'174','CLXXIV'),(7614,58,'175','CLXXV'),(7615,58,'176','CLXXVI'),(7616,58,'177','CLXXVII'),(7617,58,'178','CLXXVIII'),(7618,58,'179','CLXXIX'),(7619,58,'180','CLXXX'),(7620,58,'181','CLXXXI'),(7621,58,'182','CLXXXII'),(7622,58,'183','CLXXXIII'),(7623,58,'184','CLXXXIV'),(7624,58,'185','CLXXXV'),(7625,58,'186','CLXXXVI'),(7626,58,'187','CLXXXVII'),(7627,58,'188','CLXXXVIII'),(7628,58,'189','CLXXXIX'),(7629,58,'190','CXC'),(7630,58,'191','CXCI'),(7631,58,'192','CXCII'),(7632,58,'193','CXCIII'),(7633,58,'194','CXCIV'),(7634,58,'195','CXCV'),(7635,58,'196','CXCVI'),(7636,58,'197','CXCVII'),(7637,58,'198','CXCVIII'),(7638,58,'199','CXCIX'),(7639,58,'200','CC'),(7640,58,'201','CCI'),(7641,58,'202','CCII'),(7642,58,'203','CCIII'),(7643,58,'204','CCIV'),(7644,58,'205','CCV'),(7645,58,'206','CCVI'),(7646,58,'207','CCVII'),(7647,58,'208','CCVIII'),(7648,58,'209','CCIX'),(7649,58,'210','CCX'),(7650,58,'211','CCXI'),(7651,58,'212','CCXII'),(7652,58,'213','CCXIII'),(7653,58,'214','CCXIV'),(7654,58,'215','CCXV'),(7655,58,'216','CCXVI'),(7656,58,'217','CCXVII'),(7657,58,'218','CCXVIII'),(7658,58,'219','CCXIX'),(7659,58,'220','CCXX'),(7660,58,'221','CCXXI'),(7661,58,'222','CCXXII'),(7662,58,'223','CCXXIII'),(7663,58,'224','CCXXIV'),(7664,58,'225','CCXXV'),(7665,58,'226','CCXXVI'),(7666,58,'227','CCXXVII'),(7667,58,'228','CCXXVIII'),(7668,58,'229','CCXXIX'),(7669,58,'230','CCXXX'),(7670,58,'231','CCXXXI'),(7671,58,'232','CCXXXII'),(7672,58,'233','CCXXXIII'),(7673,58,'234','CCXXXIV'),(7674,58,'235','CCXXXV'),(7675,58,'236','CCXXXVI'),(7676,58,'237','CCXXXVII'),(7677,58,'238','CCXXXVIII'),(7678,58,'239','CCXXXIX'),(7679,58,'240','CCXL'),(7680,58,'241','CCXLI'),(7681,58,'242','CCXLII'),(7682,58,'243','CCXLIII'),(7683,58,'244','CCXLIV'),(7684,58,'245','CCXLV'),(7685,58,'246','CCXLVI'),(7686,58,'247','CCXLVII'),(7687,58,'248','CCXLVIII'),(7688,58,'249','CCXLIX'),(7689,58,'250','CCL'),(7690,58,'251','CCLI'),(7691,58,'252','CCLII'),(7692,58,'253','CCLIII'),(7693,58,'254','CCLIV'),(7694,58,'255','CCLV'),(7695,58,'256','CCLVI'),(7696,58,'257','CCLVII'),(7697,58,'258','CCLVIII'),(7698,58,'259','CCLIX'),(7699,58,'260','CCLX'),(7700,58,'261','CCLXI'),(7701,58,'262','CCLXII'),(7702,58,'263','CCLXIII'),(7703,58,'264','CCLXIV'),(7704,58,'265','CCLXV'),(7705,58,'266','CCLXVI'),(7706,58,'267','CCLXVII'),(7707,58,'268','CCLXVIII'),(7708,58,'269','CCLXIX'),(7709,58,'270','CCLXX'),(7710,58,'271','CCLXXI'),(7711,58,'272','CCLXXII'),(7712,58,'273','CCLXXIII'),(7713,58,'274','CCLXXIV'),(7714,58,'275','CCLXXV'),(7715,58,'276','CCLXXVI'),(7716,58,'277','CCLXXVII'),(7717,58,'278','CCLXXVIII'),(7718,58,'279','CCLXXIX'),(7719,58,'280','CCLXXX'),(7720,58,'281','CCLXXXI'),(7721,58,'282','CCLXXXII'),(7722,58,'283','CCLXXXIII'),(7723,58,'284','CCLXXXIV'),(7724,58,'285','CCLXXXV'),(7725,58,'286','CCLXXXVI'),(7726,58,'287','CCLXXXVII'),(7727,58,'288','CCLXXXVIII'),(7728,58,'289','CCLXXXIX'),(7729,58,'290','CCXC'),(7730,58,'291','CCXCI'),(7731,58,'292','CCXCII'),(7732,58,'293','CCXCIII'),(7733,58,'294','CCXCIV'),(7734,58,'295','CCXCV'),(7735,58,'296','CCXCVI'),(7736,58,'297','CCXCVII'),(7737,58,'298','CCXCVIII'),(7738,58,'299','CCXCIX'),(7739,58,'300','CCC'),(7740,58,'301','CCCI'),(7741,58,'302','CCCII'),(7742,58,'303','CCCIII'),(7743,58,'304','CCCIV'),(7744,58,'305','CCCV'),(7745,58,'306','CCCVI'),(7746,58,'307','CCCVII'),(7747,58,'308','CCCVIII'),(7748,58,'309','CCCIX'),(7749,58,'310','CCCX'),(7750,58,'311','CCCXI'),(7751,58,'312','CCCXII'),(7752,58,'313','CCCXIII'),(7753,58,'314','CCCXIV'),(7754,58,'315','CCCXV'),(7755,58,'316','CCCXVI'),(7756,58,'317','CCCXVII'),(7757,58,'318','CCCXVIII'),(7758,58,'319','CCCXIX'),(7759,58,'320','CCCXX'),(7760,58,'321','CCCXXI'),(7761,58,'322','CCCXXII'),(7762,58,'323','CCCXXIII'),(7763,58,'324','CCCXXIV'),(7764,58,'325','CCCXXV'),(7765,58,'326','CCCXXVI'),(7766,58,'327','CCCXXVII'),(7767,58,'328','CCCXXVIII'),(7768,58,'329','CCCXXIX'),(7769,58,'330','CCCXXX'),(7770,58,'331','CCCXXXI'),(7771,58,'332','CCCXXXII'),(7772,58,'333','CCCXXXIII'),(7773,58,'334','CCCXXXIV'),(7774,58,'335','CCCXXXV'),(7775,58,'336','CCCXXXVI'),(7776,58,'337','CCCXXXVII'),(7777,58,'338','CCCXXXVIII'),(7778,58,'339','CCCXXXIX'),(7779,58,'340','CCCXL'),(7780,58,'341','CCCXLI'),(7781,58,'342','CCCXLII'),(7782,58,'343','CCCXLIII'),(7783,58,'344','CCCXLIV'),(7784,58,'345','CCCXLV'),(7785,58,'346','CCCXLVI'),(7786,58,'347','CCCXLVII'),(7787,58,'348','CCCXLVIII'),(7788,58,'349','CCCXLIX'),(7789,58,'350','CCCL'),(7790,58,'351','CCCLI'),(7791,58,'352','CCCLII'),(7792,58,'353','CCCLIII'),(7793,58,'354','CCCLIV'),(7794,58,'355','CCCLV'),(7795,58,'356','CCCLVI'),(7796,58,'357','CCCLVII'),(7797,58,'358','CCCLVIII'),(7798,58,'359','CCCLIX'),(7799,58,'360','CCCLX'),(7800,58,'361','CCCLXI'),(7801,58,'362','CCCLXII'),(7802,58,'363','CCCLXIII'),(7803,58,'364','CCCLXIV'),(7804,58,'365','CCCLXV'),(7805,58,'366','CCCLXVI'),(7806,58,'367','CCCLXVII'),(7807,58,'368','CCCLXVIII'),(7808,58,'369','CCCLXIX'),(7809,58,'370','CCCLXX'),(7810,58,'371','CCCLXXI'),(7811,58,'372','CCCLXXII'),(7812,58,'373','CCCLXXIII'),(7813,58,'374','CCCLXXIV'),(7814,58,'375','CCCLXXV'),(7815,58,'376','CCCLXXVI'),(7816,58,'377','CCCLXXVII'),(7817,58,'378','CCCLXXVIII'),(7818,58,'379','CCCLXXIX'),(7819,58,'380','CCCLXXX'),(7820,58,'381','CCCLXXXI'),(7821,58,'382','CCCLXXXII'),(7822,58,'383','CCCLXXXIII'),(7823,58,'384','CCCLXXXIV'),(7824,58,'385','CCCLXXXV'),(7825,58,'386','CCCLXXXVI'),(7826,58,'387','CCCLXXXVII'),(7827,58,'388','CCCLXXXVIII'),(7828,58,'389','CCCLXXXIX'),(7829,58,'390','CCCXC'),(7830,58,'391','CCCXCI'),(7831,58,'392','CCCXCII'),(7832,58,'393','CCCXCIII'),(7833,58,'394','CCCXCIV'),(7834,58,'395','CCCXCV'),(7835,58,'396','CCCXCVI'),(7836,58,'397','CCCXCVII'),(7837,58,'398','CCCXCVIII'),(7838,58,'399','CCCXCIX'),(7839,58,'400','CD'),(7840,58,'401','CDI'),(7841,58,'402','CDII'),(7842,58,'403','CDIII'),(7843,58,'404','CDIV'),(7844,58,'405','CDV'),(7845,58,'406','CDVI'),(7846,58,'407','CDVII'),(7847,58,'408','CDVIII'),(7848,58,'409','CDIX'),(7849,58,'410','CDX'),(7850,58,'411','CDXI'),(7851,58,'412','CDXII'),(7852,58,'413','CDXIII'),(7853,58,'414','CDXIV'),(7854,58,'415','CDXV'),(7855,58,'416','CDXVI'),(7856,58,'417','CDXVII'),(7857,58,'418','CDXVIII'),(7858,58,'419','CDXIX'),(7859,58,'420','CDXX'),(7860,58,'421','CDXXI'),(7861,58,'422','CDXXII'),(7862,58,'423','CDXXIII'),(7863,58,'424','CDXXIV'),(7864,58,'425','CDXXV'),(7865,58,'426','CDXXVI'),(7866,58,'427','CDXXVII'),(7867,58,'428','CDXXVIII'),(7868,58,'429','CDXXIX'),(7869,58,'430','CDXXX'),(7870,58,'431','CDXXXI'),(7871,58,'432','CDXXXII'),(7872,58,'433','CDXXXIII'),(7873,58,'434','CDXXXIV'),(7874,58,'435','CDXXXV'),(7875,58,'436','CDXXXVI'),(7876,58,'437','CDXXXVII'),(7877,58,'438','CDXXXVIII'),(7878,58,'439','CDXXXIX'),(7879,58,'440','CDXL'),(7880,58,'441','CDXLI'),(7881,58,'442','CDXLII'),(7882,58,'443','CDXLIII'),(7883,58,'444','CDXLIV'),(7884,58,'445','CDXLV'),(7885,58,'446','CDXLVI'),(7886,58,'447','CDXLVII'),(7887,58,'448','CDXLVIII'),(7888,58,'449','CDXLIX'),(7889,58,'450','CDL'),(7890,58,'451','CDLI'),(7891,58,'452','CDLII'),(7892,58,'453','CDLIII'),(7893,58,'454','CDLIV'),(7894,58,'455','CDLV'),(7895,58,'456','CDLVI'),(7896,58,'457','CDLVII'),(7897,58,'458','CDLVIII'),(7898,58,'459','CDLIX'),(7899,58,'460','CDLX'),(7900,58,'461','CDLXI'),(7901,58,'462','CDLXII'),(7902,58,'463','CDLXIII'),(7903,58,'464','CDLXIV'),(7904,58,'465','CDLXV'),(7905,58,'466','CDLXVI'),(7906,58,'467','CDLXVII'),(7907,58,'468','CDLXVIII'),(7908,58,'469','CDLXIX'),(7909,58,'470','CDLXX'),(7910,58,'471','CDLXXI'),(7911,58,'472','CDLXXII'),(7912,58,'473','CDLXXIII'),(7913,58,'474','CDLXXIV'),(7914,58,'475','CDLXXV'),(7915,58,'476','CDLXXVI'),(7916,58,'477','CDLXXVII'),(7917,58,'478','CDLXXVIII'),(7918,58,'479','CDLXXIX'),(7919,58,'480','CDLXXX'),(7920,58,'481','CDLXXXI'),(7921,58,'482','CDLXXXII'),(7922,58,'483','CDLXXXIII'),(7923,58,'484','CDLXXXIV'),(7924,58,'485','CDLXXXV'),(7925,58,'486','CDLXXXVI'),(7926,58,'487','CDLXXXVII'),(7927,58,'488','CDLXXXVIII'),(7928,58,'489','CDLXXXIX'),(7929,58,'490','CDXC'),(7930,58,'491','CDXCI'),(7931,58,'492','CDXCII'),(7932,58,'493','CDXCIII'),(7933,58,'494','CDXCIV'),(7934,58,'495','CDXCV'),(7935,58,'496','CDXCVI'),(7936,58,'497','CDXCVII'),(7937,58,'498','CDXCVIII'),(7938,62,'-45,-40','SE'),(7939,62,'3,-70','NO'),(7940,62,'-3,-69','N'),(7941,62,'-40,-69','S'),(7942,62,'-33,5','E'),(7943,62,'-33,-76','O'),(7944,62,'3,10','NE'),(7945,62,'-33,-69','MC'),(7946,64,'2,53','3'),(7947,64,'5,30','4'),(7948,64,'2,10','1'),(7949,64,'11,30','7'),(7950,64,'3,17','2'),(7951,64,'5,18','3'),(7952,64,'1,16','0'),(7953,64,'2,100','5'),(7954,64,'7,42','6'),(7955,70,'0','0'),(7956,70,'1','0'),(7957,70,'2','1'),(7958,70,'3','1'),(7959,70,'7','2'),(7960,70,'15','3'),(7961,70,'17','3'),(7962,70,'26','4'),(7963,70,'32','4'),(7964,70,'40','5'),(7965,70,'50','5'),(7966,71,'4','26'),(7967,71,'1','2'),(7968,71,'3','15'),(7969,71,'2','7'),(7970,71,'5','40'),(7975,66,'1','10'),(7976,66,'2','210'),(7977,66,'3','3210'),(7978,66,'4','43210'),(7979,66,'5','543210'),(7980,66,'6','6543210'),(7981,66,'7','76543210'),(7982,67,'1','1'),(7983,67,'2','12'),(7984,67,'3','123'),(7985,67,'4','1234'),(7986,67,'5','12345'),(7987,67,'6','123456'),(7988,67,'7','1234567'),(7989,67,'8','12345678'),(7990,68,'12,3,5','1685'),(7991,68,'10,1,15 ','231'),(7992,69,'5,30,1,20','450'),(7993,72,'1','2'),(7994,72,'4','50'),(7995,72,'3','24'),(7996,69,'5,20,1,20','400'),(7997,69,'5,30,2,20','650'),(7998,69,'2,10,4,15','500'),(7999,69,'5,30,-1,6','162'),(8000,65,'32415,3','41532'),(8001,69,'3,12,3,8','156'),(8002,65,'32415,5','32415'),(8003,69,'10,5,4,14','582'),(8004,69,'18,50,6,10','1380'),(8005,69,'20,100,6,50','10500'),(8006,69,'20,100,-2,5','2075'),(8007,68,'10,10,10','6778'),(8008,68,'15,2,7','1087'),(8009,68,'1,1,1','1'),(8010,68,'20,4,3','2619'),(8011,68,'1,5,23','2903'),(8012,68,'5,1,10','106'),(8013,68,'10,5,5','3101'),(8014,68,'29,12,22','8710'),(8015,73,'50','4'),(8016,73,'53','4'),(8017,72,'2','9'),(8018,72,'5','90'),(8019,73,'9','2'),(8020,73,'10','2'),(8021,71,'6','57'),(8022,71,'7','77'),(8023,71,'8','100'),(8024,71,'9','126'),(8025,71,'10','155'),(8026,71,'11','187'),(8027,71,'12','222'),(8028,72,'6','147'),(8029,72,'7','224'),(8030,72,'8','324'),(8031,72,'9','450'),(8032,72,'10','605'),(8033,72,'11','792'),(8034,72,'12','1014'),(8035,74,'90,-3','1350'),(8036,65,'34572,2','72345'),(8037,65,'12345,2','45123'),(8038,65,'12345,3','34512'),(8039,65,'12345,4','23451'),(8040,65,'56723,3','72356'),(8041,65,'14793,4','47931'),(8042,65,'98765,5','98765'),(8043,65,'98765,4','87659'),(8044,65,'45678,2','78456'),(8045,75,'4,5,6','34'),(8046,74,'100,-5','1000'),(8047,74,'120,-5','1440'),(8048,74,'110,-5','1210'),(8049,74,'110,-2','3025'),(8050,74,'80,-4','800'),(8051,74,'80,-2','1600'),(8052,74,'80,-5','640'),(8053,74,'120,-4','1800'),(8054,74,'120,-6','1200'),(8055,74,'120,-2','3600'),(8056,74,'120,-3','2400'),(8057,75,'5,5,5','30'),(8058,75,'10,2,10','30'),(8059,75,'5,2,7','19'),(8060,75,'4,1,3','7'),(8061,75,'6,2,10','26'),(8062,75,'10,3,25','85'),(8063,75,'10,4,20','90'),(8064,75,'14,2,18','50'),(8065,75,'10,3,16','58'),(8066,73,'2','1'),(8067,73,'3','1'),(8068,73,'7','1'),(8069,73,'15','2'),(8070,73,'25','3'),(8071,73,'147','6'),(8072,73,'93','5'),(8073,73,'90','5'),(8074,77,'10','6'),(8075,77,'25','23'),(8076,77,'7','16'),(8077,77,'11','14'),(8078,77,'14','17'),(8079,77,'17','12'),(8080,77,'12','9'),(8081,77,'9','19'),(8082,77,'19','20'),(8083,77,'20','7'),(8084,77,'13','9'),(8085,77,'28','18'),(8086,76,'8,20,30,3,-2','29'),(8087,76,'8,20,25,3,-2','28'),(8088,76,'8,20,25,4,-2','28'),(8089,76,'8,22,25,4,-2','33'),(8090,76,'7,22,30,3,-2','36'),(8091,76,'7,22,30,4,-3','36'),(8092,76,'7,22,35,5,-3','37'),(8093,76,'7,22,35,3,-2','37'),(8094,76,'6,22,25,4,-1','37'),(8095,10,'2,2,2','2'),(8096,10,'10,1,9','7'),(8097,78,'10,4','6'),(8098,79,'2,2','4'),(8099,79,'10,5','50'),(8100,80,'5,5,9,10,22,1','16'),(8101,80,'8,-2,0,3,11,5,25,100,52','106'),(8102,81,' 3,n,m,b','0'),(8103,81,'4,a,n,m,l ','1'),(8104,81,'5,n,m,b,r,a','1'),(8105,82,'4,casa,arbol,manzana,de ','camd'),(8106,82,'1,martes','m'),(8107,83,'3,8,1,6,3,5,7,4,9,2','1'),(8108,83,'3,1,2,3,4,5,6,7,8,9','0'),(8109,84,'3,1,2,3 ','1'),(8110,84,'5,1,2,3,5,4','0'),(8111,84,'6,2,6,100,250,1000,10000','1'),(8112,85,'3,4,1,2,3,4,1,2,3,4,1,2,3,4','123444321123'),(8113,86,'64','124'),(8114,86,'256','496'),(8115,86,'80','155'),(8116,86,'128','248'),(8117,86,'32','62'),(8118,86,'144','279'),(8119,86,'512','992'),(8120,86,'48','93'),(8121,87,'96','32'),(8122,87,'108','36'),(8123,87,'48','16'),(8124,87,'90','30'),(8125,87,'63','21'),(8126,87,'54','18'),(8127,87,'45','15'),(8128,87,'123','41'),(8129,88,'42','420'),(8130,88,'58','580'),(8131,88,'71','710'),(8132,88,'25','250'),(8133,88,'83','830'),(8134,88,'36','360'),(8135,88,'67','670'),(8136,88,'101','1010'),(8137,89,'104','507'),(8138,89,'64','192'),(8139,89,'80','300'),(8140,89,'96','432'),(8141,89,'32','48'),(8142,89,'120','675'),(8143,89,'48','108'),(8144,89,'88','363'),(8145,90,'1360','68'),(8146,90,'1500','75'),(8147,90,'1860','93'),(8148,90,'2500','125'),(8149,90,'2040','102'),(8150,90,'1740','87'),(8151,90,'1980','99'),(8152,90,'1620','81'),(8153,91,'10900','146'),(8154,91,'11260','158'),(8155,91,'12670','205'),(8156,91,'12460','198'),(8157,91,'11800','176'),(8158,91,'11470','165'),(8159,91,'13750','241'),(8160,91,'10270','125'),(8161,92,'BUENOS AIRES, RIO NEGRO','LA PAMPA'),(8162,92,'CHUBUT, NEUQUEN','RIO NEGRO'),(8163,92,'NEUQUEN, SAN JUAN','MENDOZA'),(8164,92,'JUJUY, TUCUMAN','SALTA'),(8165,92,'RIO NEGRO, SANTA CRUZ','CHUBUT'),(8166,92,'LA RIOJA, TUCUMAN','CATAMARCA'),(8167,92,'SAN JUAN, CATAMARCA','LA RIOJA'),(8168,92,'BUENOS AIRES, CHACHO','SANTA FE'),(8169,12,'1','0'),(8170,12,'2','1'),(8171,12,'3','0'),(8172,12,'4','1'),(8173,12,'5','0'),(8174,12,'6','1'),(8175,12,'7','0'),(8176,12,'8','1'),(8177,12,'9','0'),(8178,12,'10','1'),(8179,12,'11','0'),(8180,12,'12','1'),(8181,12,'13','0'),(8182,12,'14','1'),(8183,12,'15','0'),(8184,12,'16','1'),(8185,12,'17','0'),(8186,12,'18','1'),(8187,12,'19','0'),(8188,12,'20','1'),(8189,12,'21','0'),(8190,12,'22','1'),(8191,12,'23','0'),(8192,12,'24','1'),(8193,12,'25','0'),(8194,12,'26','1'),(8195,12,'27','0'),(8196,12,'28','1'),(8197,12,'29','0'),(8198,12,'30','1'),(8199,12,'31','0'),(8200,12,'32','1'),(8201,12,'33','0'),(8202,12,'34','1'),(8203,12,'35','0'),(8204,12,'36','1'),(8205,12,'37','0'),(8206,12,'38','1'),(8207,12,'39','0'),(8208,12,'40','1'),(8209,12,'41','0'),(8210,12,'42','1'),(8211,12,'43','0'),(8212,12,'44','1'),(8213,12,'45','0'),(8214,12,'46','1'),(8215,12,'47','0'),(8216,12,'48','1'),(8217,12,'49','0'),(8218,12,'50','1'),(8219,12,'51','0'),(8220,12,'52','1'),(8221,12,'53','0'),(8222,12,'54','1'),(8223,12,'55','0'),(8224,12,'56','1'),(8225,12,'57','0'),(8226,12,'58','1'),(8227,12,'59','0'),(8228,12,'60','1'),(8229,12,'61','0'),(8230,12,'62','1'),(8231,12,'63','0'),(8232,12,'64','1'),(8233,12,'65','0'),(8234,12,'66','1'),(8235,12,'67','0'),(8236,12,'68','1'),(8237,12,'69','0'),(8238,12,'70','1'),(8239,12,'71','0'),(8240,12,'72','1'),(8241,12,'73','0'),(8242,12,'74','1'),(8243,12,'75','0'),(8244,12,'76','1'),(8245,12,'77','0'),(8246,12,'78','1'),(8247,12,'79','0'),(8248,12,'80','1'),(8249,12,'81','0'),(8250,12,'82','1'),(8251,12,'83','0'),(8252,12,'84','1'),(8253,12,'85','0'),(8254,12,'86','1'),(8255,12,'87','0'),(8256,12,'88','1'),(8257,12,'89','0'),(8258,12,'90','1'),(8259,12,'91','0'),(8260,12,'92','1'),(8261,12,'93','0'),(8262,12,'94','1'),(8263,12,'95','0'),(8264,12,'96','1'),(8265,12,'97','0'),(8266,12,'98','1'),(8267,12,'99','0'),(8268,12,'100','1'),(8269,12,'101','0'),(8270,12,'102','1'),(8271,12,'103','0'),(8272,12,'104','1'),(8273,12,'105','0'),(8274,12,'106','1'),(8275,12,'107','0'),(8276,12,'108','1'),(8277,12,'109','0'),(8278,12,'110','1'),(8279,12,'111','0'),(8280,12,'112','1'),(8281,12,'113','0'),(8282,12,'114','1'),(8283,12,'115','0'),(8284,12,'116','1'),(8285,12,'117','0'),(8286,12,'118','1'),(8287,12,'119','0'),(8288,12,'120','1'),(8289,12,'121','0'),(8290,12,'122','1'),(8291,12,'123','0'),(8292,12,'124','1'),(8293,12,'125','0'),(8294,12,'126','1'),(8295,12,'127','0'),(8296,12,'128','1'),(8297,12,'129','0'),(8298,12,'130','1'),(8299,12,'131','0'),(8300,12,'132','1'),(8301,12,'133','0'),(8302,12,'134','1'),(8303,12,'135','0'),(8304,12,'136','1'),(8305,12,'137','0'),(8306,12,'138','1'),(8307,12,'139','0'),(8308,12,'140','1'),(8309,12,'141','0'),(8310,12,'142','1'),(8311,12,'143','0'),(8312,12,'144','1'),(8313,12,'145','0'),(8314,12,'146','1'),(8315,12,'147','0'),(8316,12,'148','1'),(8317,12,'149','0'),(8318,12,'150','1'),(8319,12,'151','0'),(8320,12,'152','1'),(8321,12,'153','0'),(8322,12,'154','1'),(8323,12,'155','0'),(8324,12,'156','1'),(8325,12,'157','0'),(8326,12,'158','1'),(8327,12,'159','0'),(8328,12,'160','1'),(8329,12,'161','0'),(8330,12,'162','1'),(8331,12,'163','0'),(8332,12,'164','1'),(8333,12,'165','0'),(8334,12,'166','1'),(8335,12,'167','0'),(8336,12,'168','1'),(8337,12,'169','0'),(8338,12,'170','1'),(8339,12,'171','0'),(8340,12,'172','1'),(8341,12,'173','0'),(8342,12,'174','1'),(8343,12,'175','0'),(8344,12,'176','1'),(8345,12,'177','0'),(8346,12,'178','1'),(8347,12,'179','0'),(8348,12,'180','1'),(8349,12,'181','0'),(8350,12,'182','1'),(8351,12,'183','0'),(8352,12,'184','1'),(8353,12,'185','0'),(8354,12,'186','1'),(8355,12,'187','0'),(8356,12,'188','1'),(8357,12,'189','0'),(8358,12,'190','1'),(8359,12,'191','0'),(8360,12,'192','1'),(8361,12,'193','0'),(8362,12,'194','1'),(8363,12,'195','0'),(8364,12,'196','1'),(8365,12,'197','0'),(8366,12,'198','1'),(8367,12,'199','0'),(8368,12,'200','1'),(8369,12,'201','0'),(8370,12,'202','1'),(8371,12,'203','0'),(8372,12,'204','1'),(8373,12,'205','0'),(8374,12,'206','1'),(8375,12,'207','0'),(8376,12,'208','1'),(8377,12,'209','0'),(8378,12,'210','1'),(8379,12,'211','0'),(8380,12,'212','1'),(8381,12,'213','0'),(8382,12,'214','1'),(8383,12,'215','0'),(8384,12,'216','1'),(8385,12,'217','0'),(8386,12,'218','1'),(8387,12,'219','0'),(8388,12,'220','1'),(8389,12,'221','0'),(8390,12,'222','1'),(8391,12,'223','0'),(8392,12,'224','1'),(8393,12,'225','0'),(8394,12,'226','1'),(8395,12,'227','0'),(8396,12,'228','1'),(8397,12,'229','0'),(8398,12,'230','1'),(8399,12,'231','0'),(8400,12,'232','1'),(8401,93,'-100','100'),(8402,93,'-99','99'),(8403,93,'-98','98'),(8404,93,'-97','97'),(8405,93,'-96','96'),(8406,93,'-95','95'),(8407,93,'-94','94'),(8408,93,'-93','93'),(8409,93,'-92','92'),(8410,93,'-91','91'),(8411,93,'-90','90'),(8412,93,'-89','89'),(8413,93,'-88','88'),(8414,93,'-87','87'),(8415,93,'-86','86'),(8416,93,'-85','85'),(8417,93,'-84','84'),(8418,93,'-83','83'),(8419,93,'-82','82'),(8420,93,'-81','81'),(8421,93,'-80','80'),(8422,93,'-79','79'),(8423,93,'-78','78'),(8424,93,'-77','77'),(8425,93,'-76','76'),(8426,93,'-75','75'),(8427,93,'-74','74'),(8428,93,'-73','73'),(8429,93,'-72','72'),(8430,93,'-71','71'),(8431,93,'-70','70'),(8432,93,'-69','69'),(8433,93,'-68','68'),(8434,93,'-67','67'),(8435,93,'-66','66'),(8436,93,'-65','65'),(8437,93,'-64','64'),(8438,93,'-63','63'),(8439,93,'-62','62'),(8440,93,'-61','61'),(8441,93,'-60','60'),(8442,93,'-59','59'),(8443,93,'-58','58'),(8444,93,'-57','57'),(8445,93,'-56','56'),(8446,93,'-55','55'),(8447,93,'-54','54'),(8448,93,'-53','53'),(8449,93,'-52','52'),(8450,93,'-51','51'),(8451,93,'-50','50'),(8452,93,'-49','49'),(8453,93,'-48','48'),(8454,93,'-47','47'),(8455,93,'-46','46'),(8456,93,'-45','45'),(8457,93,'-44','44'),(8458,93,'-43','43'),(8459,93,'-42','42'),(8460,93,'-41','41'),(8461,93,'-40','40'),(8462,93,'-39','39'),(8463,93,'-38','38'),(8464,93,'-37','37'),(8465,93,'-36','36'),(8466,93,'-35','35'),(8467,93,'-34','34'),(8468,93,'-33','33'),(8469,93,'-32','32'),(8470,93,'-31','31'),(8471,93,'-30','30'),(8472,93,'-29','29'),(8473,93,'-28','28'),(8474,93,'-27','27'),(8475,93,'-26','26'),(8476,93,'-25','25'),(8477,93,'-24','24'),(8478,93,'-23','23'),(8479,93,'-22','22'),(8480,93,'-21','21'),(8481,93,'-20','20'),(8482,93,'-19','19'),(8483,93,'-18','18'),(8484,93,'-17','17'),(8485,93,'-16','16'),(8486,93,'-15','15'),(8487,93,'-14','14'),(8488,93,'-13','13'),(8489,93,'-12','12'),(8490,93,'-11','11'),(8491,93,'-10','10'),(8492,93,'-9','9'),(8493,93,'-8','8'),(8494,93,'-7','7'),(8495,93,'-6','6'),(8496,93,'-5','5'),(8497,93,'-4','4'),(8498,93,'-3','3'),(8499,93,'-2','2'),(8500,93,'-1','1'),(8501,93,'0','0'),(8502,93,'1','1'),(8503,93,'2','2'),(8504,93,'3','3'),(8505,93,'4','4'),(8506,93,'5','5'),(8507,93,'6','6'),(8508,93,'7','7'),(8509,93,'8','8'),(8510,93,'9','9'),(8511,93,'10','10'),(8512,93,'11','11'),(8513,93,'12','12'),(8514,93,'13','13'),(8515,93,'14','14'),(8516,93,'15','15'),(8517,93,'16','16'),(8518,93,'17','17'),(8519,93,'18','18'),(8520,93,'19','19'),(8521,93,'20','20'),(8522,93,'21','21'),(8523,93,'22','22'),(8524,93,'23','23'),(8525,93,'24','24'),(8526,93,'25','25'),(8527,93,'26','26'),(8528,93,'27','27'),(8529,93,'28','28'),(8530,93,'29','29'),(8531,93,'30','30'),(8532,93,'31','31'),(8533,93,'32','32'),(8534,93,'33','33'),(8535,93,'34','34'),(8536,93,'35','35'),(8537,93,'36','36'),(8538,93,'37','37'),(8539,93,'38','38'),(8540,93,'39','39'),(8541,93,'40','40'),(8542,93,'41','41'),(8543,93,'42','42'),(8544,93,'43','43'),(8545,93,'44','44'),(8546,93,'45','45'),(8547,93,'46','46'),(8548,93,'47','47'),(8549,93,'48','48'),(8550,93,'49','49'),(8551,93,'50','50'),(8552,93,'51','51'),(8553,93,'52','52'),(8554,93,'53','53'),(8555,93,'54','54'),(8556,93,'55','55'),(8557,93,'56','56'),(8558,93,'57','57'),(8559,93,'58','58'),(8560,93,'59','59'),(8561,93,'60','60'),(8562,93,'61','61'),(8563,93,'62','62'),(8564,93,'63','63'),(8565,93,'64','64'),(8566,93,'65','65'),(8567,93,'66','66'),(8568,93,'67','67'),(8569,93,'68','68'),(8570,93,'69','69'),(8571,93,'70','70'),(8572,93,'71','71'),(8573,93,'72','72'),(8574,93,'73','73'),(8575,93,'74','74'),(8576,93,'75','75'),(8577,93,'76','76'),(8578,93,'77','77'),(8579,93,'78','78'),(8580,93,'79','79'),(8581,93,'80','80'),(8582,93,'81','81'),(8583,93,'82','82'),(8584,93,'83','83'),(8585,93,'84','84'),(8586,93,'85','85'),(8587,93,'86','86'),(8588,93,'87','87'),(8589,93,'88','88'),(8590,93,'89','89'),(8591,93,'90','90'),(8592,93,'91','91'),(8593,93,'92','92'),(8594,93,'93','93'),(8595,93,'94','94'),(8596,93,'95','95'),(8597,93,'96','96'),(8598,93,'97','97'),(8599,93,'98','98'),(8600,93,'99','99'),(8601,93,'100','100'),(8602,93,'101','101'),(8603,93,'102','102'),(8604,93,'103','103'),(8605,93,'104','104'),(8606,93,'105','105'),(8607,93,'106','106'),(8608,93,'107','107'),(8609,93,'108','108'),(8610,93,'109','109'),(8611,93,'110','110'),(8612,93,'111','111'),(8613,93,'112','112'),(8614,93,'113','113'),(8615,93,'114','114'),(8616,93,'115','115'),(8617,93,'116','116'),(8618,93,'117','117'),(8619,93,'118','118'),(8620,93,'119','119'),(8621,93,'120','120'),(8622,93,'121','121'),(8623,93,'122','122'),(8624,93,'123','123'),(8625,93,'124','124'),(8626,93,'125','125'),(8627,93,'126','126'),(8628,93,'127','127'),(8629,93,'128','128'),(8630,93,'129','129'),(8631,93,'130','130'),(8632,93,'131','131'),(8633,93,'132','132'),(8634,93,'133','133'),(8635,94,'-100','-101'),(8636,94,'-99','-100'),(8637,94,'-98','-99'),(8638,94,'-97','-98'),(8639,94,'-96','-97'),(8640,94,'-95','-96'),(8641,94,'-94','-95'),(8642,94,'-93','-94'),(8643,94,'-92','-93'),(8644,94,'-91','-92'),(8645,94,'-90','-91'),(8646,94,'-89','-90'),(8647,94,'-88','-89'),(8648,94,'-87','-88'),(8649,94,'-86','-87'),(8650,94,'-85','-86'),(8651,94,'-84','-85'),(8652,94,'-83','-84'),(8653,94,'-82','-83'),(8654,94,'-81','-82'),(8655,94,'-80','-81'),(8656,94,'-79','-80'),(8657,94,'-78','-79'),(8658,94,'-77','-78'),(8659,94,'-76','-77'),(8660,94,'-75','-76'),(8661,94,'-74','-75'),(8662,94,'-73','-74'),(8663,94,'-72','-73'),(8664,94,'-71','-72'),(8665,94,'-70','-71'),(8666,94,'-69','-70'),(8667,94,'-68','-69'),(8668,94,'-67','-68'),(8669,94,'-66','-67'),(8670,94,'-65','-66'),(8671,94,'-64','-65'),(8672,94,'-63','-64'),(8673,94,'-62','-63'),(8674,94,'-61','-62'),(8675,94,'-60','-61'),(8676,94,'-59','-60'),(8677,94,'-58','-59'),(8678,94,'-57','-58'),(8679,94,'-56','-57'),(8680,94,'-55','-56'),(8681,94,'-54','-55'),(8682,94,'-53','-54'),(8683,94,'-52','-53'),(8684,94,'-51','-52'),(8685,94,'-50','-51'),(8686,94,'-49','-50'),(8687,94,'-48','-49'),(8688,94,'-47','-48'),(8689,94,'-46','-47'),(8690,94,'-45','-46'),(8691,94,'-44','-45'),(8692,94,'-43','-44'),(8693,94,'-42','-43'),(8694,94,'-41','-42'),(8695,94,'-40','-41'),(8696,94,'-39','-40'),(8697,94,'-38','-39'),(8698,94,'-37','-38'),(8699,94,'-36','-37'),(8700,94,'-35','-36'),(8701,94,'-34','-35'),(8702,94,'-33','-34'),(8703,94,'-32','-33'),(8704,94,'-31','-32'),(8705,94,'-30','-31'),(8706,94,'-29','-30'),(8707,94,'-28','-29'),(8708,94,'-27','-28'),(8709,94,'-26','-27'),(8710,94,'-25','-26'),(8711,94,'-24','-25'),(8712,94,'-23','-24'),(8713,94,'-22','-23'),(8714,94,'-21','-22'),(8715,94,'-20','-21'),(8716,94,'-19','-20'),(8717,94,'-18','-19'),(8718,94,'-17','-18'),(8719,94,'-16','-17'),(8720,94,'-15','-16'),(8721,94,'-14','-15'),(8722,94,'-13','-14'),(8723,94,'-12','-13'),(8724,94,'-11','-12'),(8725,94,'-10','-11'),(8726,94,'-9','-10'),(8727,94,'-8','-9'),(8728,94,'-7','-8'),(8729,94,'-6','-7'),(8730,94,'-5','-6'),(8731,94,'-4','-5'),(8732,94,'-3','-4'),(8733,94,'-2','-3'),(8734,94,'-1','-2'),(8735,94,'0','1'),(8736,94,'1','2'),(8737,94,'2','3'),(8738,94,'3','4'),(8739,94,'4','5'),(8740,94,'5','6'),(8741,94,'6','7'),(8742,94,'7','8'),(8743,94,'8','9'),(8744,94,'9','10'),(8745,94,'10','11'),(8746,94,'11','12'),(8747,94,'12','13'),(8748,94,'13','14'),(8749,94,'14','15'),(8750,94,'15','16'),(8751,94,'16','17'),(8752,94,'17','18'),(8753,94,'18','19'),(8754,94,'19','20'),(8755,94,'20','21'),(8756,94,'21','22'),(8757,94,'22','23'),(8758,94,'23','24'),(8759,94,'24','25'),(8760,94,'25','26'),(8761,94,'26','27'),(8762,94,'27','28'),(8763,94,'28','29'),(8764,94,'29','30'),(8765,94,'30','31'),(8766,94,'31','32'),(8767,94,'32','33'),(8768,94,'33','34'),(8769,94,'34','35'),(8770,94,'35','36'),(8771,94,'36','37'),(8772,94,'37','38'),(8773,94,'38','39'),(8774,94,'39','40'),(8775,94,'40','41'),(8776,94,'41','42'),(8777,94,'42','43'),(8778,94,'43','44'),(8779,94,'44','45'),(8780,94,'45','46'),(8781,94,'46','47'),(8782,94,'47','48'),(8783,94,'48','49'),(8784,94,'49','50'),(8785,94,'50','51'),(8786,94,'51','52'),(8787,94,'52','53'),(8788,94,'53','54'),(8789,94,'54','55'),(8790,94,'55','56'),(8791,94,'56','57'),(8792,94,'57','58'),(8793,94,'58','59'),(8794,94,'59','60'),(8795,94,'60','61'),(8796,94,'61','62'),(8797,94,'62','63'),(8798,94,'63','64'),(8799,94,'64','65'),(8800,94,'65','66'),(8801,94,'66','67'),(8802,94,'67','68'),(8803,94,'68','69'),(8804,94,'69','70'),(8805,94,'70','71'),(8806,94,'71','72'),(8807,94,'72','73'),(8808,94,'73','74'),(8809,94,'74','75'),(8810,94,'75','76'),(8811,94,'76','77'),(8812,94,'77','78'),(8813,94,'78','79'),(8814,94,'79','80'),(8815,94,'80','81'),(8816,94,'81','82'),(8817,94,'82','83'),(8818,94,'83','84'),(8819,94,'84','85'),(8820,94,'85','86'),(8821,94,'86','87'),(8822,94,'87','88'),(8823,94,'88','89'),(8824,94,'89','90'),(8825,94,'90','91'),(8826,94,'91','92'),(8827,94,'92','93'),(8828,94,'93','94'),(8829,94,'94','95'),(8830,94,'95','96'),(8831,94,'96','97'),(8832,94,'97','98'),(8833,94,'98','99'),(8834,94,'99','100'),(8835,94,'100','101'),(8836,94,'101','102'),(8837,94,'102','103'),(8838,94,'103','104'),(8839,94,'104','105'),(8840,94,'105','106'),(8841,94,'106','107'),(8842,94,'107','108'),(8843,94,'108','109'),(8844,94,'109','110'),(8845,94,'110','111'),(8846,94,'111','112'),(8847,94,'112','113'),(8848,94,'113','114'),(8849,94,'114','115'),(8850,94,'115','116'),(8851,94,'116','117'),(8852,94,'117','118'),(8853,94,'118','119'),(8854,94,'119','120'),(8855,94,'120','121'),(8856,94,'121','122'),(8857,94,'122','123'),(8858,94,'123','124'),(8859,94,'124','125'),(8860,94,'125','126'),(8861,94,'126','127'),(8862,94,'127','128'),(8863,94,'128','129'),(8864,94,'129','130'),(8865,94,'130','131'),(8866,94,'131','132'),(8867,94,'132','133'),(8868,94,'133','134'),(8869,95,'41,34','7'),(8870,95,'81,81','0'),(8871,95,'18,76','58'),(8872,95,'73,41','32'),(8873,95,'49,67','18'),(8874,95,'46,71','25'),(8875,95,'12,50','38'),(8876,95,'6,29','23'),(8877,95,'93,55','38'),(8878,95,'87,46','41'),(8879,95,'29,19','10'),(8880,95,'60,42','18'),(8881,95,'44,5','39'),(8882,95,'94,69','25'),(8883,95,'86,25','61'),(8884,95,'12,65','53'),(8885,95,'66,85','19'),(8886,95,'41,37','4'),(8887,95,'81,93','12'),(8888,95,'69,65','4'),(8889,95,'90,78','12'),(8890,95,'38,71','33'),(8891,95,'26,100','74'),(8892,95,'86,49','37'),(8893,95,'78,79','1'),(8894,95,'17,38','21'),(8895,95,'53,52','1'),(8896,95,'3,81','78'),(8897,95,'50,66','16'),(8898,95,'15,66','51'),(8899,95,'21,12','9'),(8900,95,'94,64','30'),(8901,95,'95,47','48'),(8902,95,'37,87','50'),(8903,95,'66,5','61'),(8904,95,'44,13','31'),(8905,95,'82,58','24'),(8906,95,'77,53','24'),(8907,95,'48,41','7'),(8908,95,'74,12','62'),(8909,95,'64,97','33'),(8910,95,'76,58','18'),(8911,95,'34,52','18'),(8912,95,'7,2','5'),(8913,95,'70,26','44'),(8914,95,'20,75','55'),(8915,95,'18,66','48'),(8916,95,'35,11','24'),(8917,95,'59,12','47'),(8918,95,'97,59','38'),(8919,95,'4,74','70'),(8920,95,'48,89','41'),(8921,95,'35,29','6'),(8922,95,'28,74','46'),(8923,95,'33,37','4'),(8924,95,'12,8','4'),(8925,95,'44,11','33'),(8926,95,'84,88','4'),(8927,95,'13,88','75'),(8928,95,'93,76','17'),(8929,95,'98,54','44'),(8930,95,'33,98','65'),(8931,95,'87,40','47'),(8932,95,'93,99','6'),(8933,95,'69,85','16'),(8934,95,'53,43','10'),(8935,95,'36,12','24'),(8936,95,'51,42','9'),(8937,95,'30,94','64'),(8938,95,'83,51','32'),(8939,95,'25,52','27'),(8940,95,'92,91','1'),(8941,95,'58,9','49'),(8942,95,'57,3','54'),(8943,95,'98,92','6'),(8944,95,'27,33','6'),(8945,95,'75,77','2'),(8946,95,'16,58','42'),(8947,95,'60,42','18'),(8948,95,'33,88','55'),(8949,95,'13,16','3'),(8950,95,'63,16','47'),(8951,95,'80,76','4'),(8952,95,'46,44','2'),(8953,95,'90,89','1'),(8954,95,'13,12','1'),(8955,95,'57,50','7'),(8956,95,'33,98','65'),(8957,95,'96,99','3'),(8958,95,'69,37','32'),(8959,95,'26,74','48'),(8960,95,'94,52','42'),(8961,95,'2,35','33'),(8962,95,'12,13','1'),(8963,95,'87,51','36'),(8964,95,'69,19','50'),(8965,95,'63,55','8'),(8966,95,'22,61','39'),(8967,95,'20,59','39'),(8968,95,'91,48','43'),(8969,95,'5,12','7'),(8970,95,'43,10','33'),(8971,95,'83,39','44'),(8972,95,'61,19','42'),(8973,95,'98,12','86'),(8974,95,'81,31','50'),(8975,95,'87,50','37'),(8976,95,'73,87','14'),(8977,95,'95,87','8'),(8978,95,'47,91','44'),(8979,95,'6,74','68'),(8980,95,'8,2','6'),(8981,95,'9,7','2'),(8982,95,'85,49','36'),(8983,95,'52,44','8'),(8984,95,'97,94','3'),(8985,95,'96,60','36'),(8986,95,'9,93','84'),(8987,95,'30,92','62'),(8988,95,'92,58','34'),(8989,95,'76,30','46'),(8990,95,'54,65','11'),(8991,95,'85,10','75'),(8992,95,'76,63','13'),(8993,95,'65,77','12'),(8994,95,'72,60','12'),(8995,95,'45,81','36'),(8996,95,'28,31','3'),(8997,95,'92,20','72'),(8998,95,'63,39','24'),(8999,95,'18,78','60'),(9000,95,'95,30','65'),(9001,95,'5,48','43'),(9002,95,'100,17','83'),(9003,95,'56,48','8'),(9004,95,'3,58','55'),(9005,95,'80,46','34'),(9006,95,'43,96','53'),(9007,95,'75,44','31'),(9008,95,'75,33','42'),(9009,95,'89,87','2'),(9010,95,'79,17','62'),(9011,95,'81,33','48'),(9012,95,'97,92','5'),(9013,95,'64,65','1'),(9014,95,'33,76','43'),(9015,95,'93,86','7'),(9016,95,'59,25','34'),(9017,95,'41,69','28'),(9018,95,'23,77','54'),(9019,95,'51,81','30'),(9020,95,'17,97','80'),(9021,95,'76,42','34'),(9022,95,'36,90','54'),(9023,95,'92,60','32'),(9024,95,'40,19','21'),(9025,95,'7,49','42'),(9026,95,'36,41','5'),(9027,95,'66,48','18'),(9028,95,'97,68','29'),(9029,95,'98,78','20'),(9030,95,'83,26','57'),(9031,95,'92,97','5'),(9032,95,'3,25','22'),(9033,95,'82,41','41'),(9034,95,'48,44','4'),(9035,95,'5,82','77'),(9036,95,'62,86','24'),(9037,95,'90,40','50'),(9038,95,'78,25','53'),(9039,95,'37,18','19'),(9040,95,'78,26','52'),(9041,95,'57,41','16'),(9042,95,'18,50','32'),(9043,95,'74,18','56'),(9044,95,'20,5','15'),(9045,95,'50,26','24'),(9046,95,'67,3','64'),(9047,95,'78,28','50'),(9048,95,'89,93','4'),(9049,95,'88,79','9'),(9050,95,'28,9','19'),(9051,95,'6,90','84'),(9052,95,'64,21','43'),(9053,95,'62,98','36'),(9054,95,'96,50','46'),(9055,95,'3,38','35'),(9056,95,'67,47','20'),(9057,95,'32,89','57'),(9058,95,'68,84','16'),(9059,95,'64,14','50'),(9060,95,'29,67','38'),(9061,95,'51,10','41'),(9062,95,'56,10','46'),(9063,95,'31,91','60'),(9064,95,'32,49','17'),(9065,95,'4,52','48'),(9066,95,'34,72','38'),(9067,95,'93,35','58'),(9068,95,'92,90','2'),(9069,95,'12,95','83'),(9070,95,'30,51','21'),(9071,95,'70,16','54'),(9072,95,'67,36','31'),(9073,95,'47,99','52'),(9074,95,'43,32','11'),(9075,95,'86,40','46'),(9076,95,'95,24','71'),(9077,95,'10,34','24'),(9078,95,'63,67','4'),(9079,95,'84,17','67'),(9080,95,'97,12','85'),(9081,95,'90,74','16'),(9082,95,'88,6','82'),(9083,95,'60,31','29'),(9084,95,'51,72','21'),(9085,95,'83,55','28'),(9086,95,'62,67','5'),(9087,95,'18,18','0'),(9088,95,'14,43','29'),(9089,95,'29,51','22'),(9090,95,'81,31','50'),(9091,95,'42,9','33'),(9092,95,'78,59','19'),(9093,95,'36,39','3'),(9094,95,'71,99','28'),(9095,95,'10,8','2'),(9096,95,'38,90','52'),(9097,95,'5,70','65'),(9098,95,'3,41','38'),(9099,95,'30,79','49'),(9100,95,'15,65','50'),(9101,95,'31,91','60'),(9102,95,'98,93','5'),(9103,96,'46,34,12','12'),(9104,96,'5,3,2','2'),(9105,96,'10,26,10','10'),(9106,96,'41,5,1','1'),(9107,96,'38,38,0','0'),(9108,96,'13,26,13','13'),(9109,96,'29,47,29','29'),(9110,96,'49,35,14','14'),(9111,96,'37,26,11','11'),(9112,96,'35,5,0','0'),(9113,96,'5,33,5','5'),(9114,96,'17,9,8','8'),(9115,96,'41,48,41','41'),(9116,96,'17,36,17','17'),(9117,96,'26,4,2','2'),(9118,96,'18,18,0','0'),(9119,96,'38,43,38','38'),(9120,96,'24,2,0','0'),(9121,96,'31,39,31','31'),(9122,96,'6,36,6','6'),(9123,96,'4,28,4','4'),(9124,96,'45,23,22','22'),(9125,96,'17,29,17','17'),(9126,96,'3,2,1','1'),(9127,96,'13,50,13','13'),(9128,96,'36,21,15','15'),(9129,96,'21,10,1','1'),(9130,96,'40,3,1','1'),(9131,96,'10,25,10','10'),(9132,96,'27,37,27','27'),(9133,96,'28,45,28','28'),(9134,96,'8,26,8','8'),(9135,96,'10,37,10','10'),(9136,96,'37,21,16','16'),(9137,96,'48,31,17','17'),(9138,96,'48,24,0','0'),(9139,96,'50,46,4','4'),(9140,96,'26,27,26','26'),(9141,96,'47,9,2','2'),(9142,96,'37,22,15','15'),(9143,96,'11,32,11','11'),(9144,96,'1,41,1','1'),(9145,96,'3,30,3','3'),(9146,96,'2,29,2','2'),(9147,96,'18,26,18','18'),(9148,96,'28,34,28','28'),(9149,96,'19,46,19','19'),(9150,96,'5,19,5','5'),(9151,96,'2,36,2','2'),(9152,96,'50,35,15','15'),(9153,96,'11,4,3','3'),(9154,96,'5,13,5','5'),(9155,96,'45,7,3','3'),(9156,96,'28,33,28','28'),(9157,96,'7,15,7','7'),(9158,96,'7,7,0','0'),(9159,96,'13,3,1','1'),(9160,96,'28,24,4','4'),(9161,96,'46,10,6','6'),(9162,96,'22,28,22','22'),(9163,96,'4,11,4','4'),(9164,96,'24,5,4','4'),(9165,96,'30,4,2','2'),(9166,96,'13,47,13','13'),(9167,96,'11,25,11','11'),(9168,96,'28,34,28','28'),(9169,96,'11,21,11','11'),(9170,96,'10,20,10','10'),(9171,96,'4,11,4','4'),(9172,96,'7,29,7','7'),(9173,96,'46,42,4','4'),(9174,96,'14,42,14','14'),(9175,96,'8,19,8','8'),(9176,96,'48,22,4','4'),(9177,96,'16,20,16','16'),(9178,96,'25,45,25','25'),(9179,96,'26,5,1','1'),(9180,96,'34,16,2','2'),(9181,96,'30,13,4','4'),(9182,96,'27,40,27','27'),(9183,96,'34,50,34','34'),(9184,96,'40,17,6','6'),(9185,96,'31,3,1','1'),(9186,96,'28,7,0','0'),(9187,96,'17,49,17','17'),(9188,96,'37,17,3','3'),(9189,96,'34,14,6','6'),(9190,96,'29,2,1','1'),(9191,96,'15,41,15','15'),(9192,96,'30,24,6','6'),(9193,96,'1,29,1','1'),(9194,96,'18,1,0','0'),(9195,96,'3,28,3','3'),(9196,96,'30,33,30','30'),(9197,96,'31,48,31','31'),(9198,96,'13,2,1','1'),(9199,96,'8,16,8','8'),(9200,96,'41,18,5','5'),(9201,96,'22,22,0','0'),(9202,96,'11,26,11','11'),(9203,96,'47,47,0','0'),(9204,96,'17,13,4','4'),(9205,96,'25,18,7','7'),(9206,96,'5,16,5','5'),(9207,96,'14,35,14','14'),(9208,96,'40,37,3','3'),(9209,96,'29,10,9','9'),(9210,96,'39,39,0','0'),(9211,96,'24,3,0','0'),(9212,96,'9,23,9','9'),(9213,96,'16,29,16','16'),(9214,96,'7,2,1','1'),(9215,96,'48,39,9','9'),(9216,96,'46,31,15','15'),(9217,96,'34,9,10','0'),(9218,96,'15,38,24','0'),(9219,96,'33,48,40','0'),(9220,96,'18,22,27','0'),(9221,96,'43,39,9','0'),(9222,96,'47,38,10','0'),(9223,96,'47,46,4','0'),(9224,96,'43,18,14','0'),(9225,96,'14,38,19','0'),(9226,96,'49,23,13','0'),(9227,96,'23,1,10','0'),(9228,96,'44,36,13','0'),(9229,96,'11,24,15','0'),(9230,96,'31,16,16','0'),(9231,96,'35,3,7','0'),(9232,96,'33,45,38','0'),(9233,96,'41,42,46','0'),(9234,96,'32,50,37','0'),(9235,96,'49,8,10','0'),(9236,96,'16,10,14','0'),(9237,96,'36,15,16','0'),(9238,96,'13,42,20','0'),(9239,96,'5,46,7','0'),(9240,96,'15,25,20','0'),(9241,96,'2,31,4','0'),(9242,96,'29,49,39','0'),(9243,96,'23,47,24','0'),(9244,96,'17,10,13','0'),(9245,96,'35,1,10','0'),(9246,96,'20,35,26','0'),(9247,96,'13,40,22','0'),(9248,96,'19,9,3','0'),(9249,96,'34,23,15','0'),(9250,96,'45,38,12','0'),(9251,96,'36,31,6','0'),(9252,96,'27,12,12','0'),(9253,96,'42,25,23','0'),(9254,96,'32,26,9','0'),(9255,96,'20,30,25','0'),(9256,96,'5,13,6','0'),(9257,96,'31,48,33','0'),(9258,96,'43,30,18','0'),(9259,96,'49,48,7','0'),(9260,96,'42,22,25','0'),(9261,96,'23,45,28','0'),(9262,96,'33,1,10','0'),(9263,96,'24,17,17','0'),(9264,96,'14,37,24','0'),(9265,96,'14,50,19','0'),(9266,96,'22,24,30','0'),(9267,96,'29,46,36','0'),(9268,96,'49,14,11','0'),(9269,96,'35,16,7','0'),(9270,96,'34,42,42','0'),(9271,96,'14,38,23','0'),(9272,96,'37,47,43','0'),(9273,96,'12,40,19','0'),(9274,96,'36,35,10','0'),(9275,96,'3,6,5','0'),(9276,96,'47,41,12','0'),(9277,96,'6,20,11','0'),(9278,96,'16,46,26','0'),(9279,96,'16,49,24','0'),(9280,96,'40,42,48','0'),(9281,96,'10,33,15','0'),(9282,96,'1,30,9','0'),(9283,96,'16,3,8','0'),(9284,96,'1,8,2','0'),(9285,96,'33,6,4','0'),(9286,96,'36,33,5','0'),(9287,96,'6,20,7','0'),(9288,96,'13,4,3','0'),(9289,96,'28,12,10','0'),(9290,96,'4,17,11','0'),(9291,96,'4,25,11','0'),(9292,96,'1,7,2','0'),(9293,96,'37,17,9','0'),(9294,96,'27,42,33','0'),(9295,96,'14,43,24','0'),(9296,96,'50,17,26','0'),(9297,96,'49,15,8','0'),(9298,96,'43,39,11','0'),(9299,96,'49,31,22','0'),(9300,96,'34,31,10','0'),(9301,96,'27,31,31','0'),(9302,96,'13,19,15','0'),(9303,96,'20,27,23','0'),(9304,96,'39,21,28','0'),(9305,96,'48,3,1','0'),(9306,96,'23,33,27','0'),(9307,96,'35,11,8','0'),(9308,96,'3,22,9','0'),(9309,96,'38,28,14','0'),(9310,96,'50,10,4','0'),(9311,96,'43,14,4','0'),(9312,96,'48,11,13','0'),(9313,96,'1,39,3','0'),(9314,96,'8,17,18','0'),(9315,96,'48,18,21','0'),(9316,96,'33,44,35','0'),(9317,96,'43,49,44','0'),(9318,96,'4,37,14','0'),(9319,96,'45,47,48','0'),(9320,96,'21,10,8','0'),(9321,96,'7,4,9','0'),(9322,96,'49,22,15','0'),(9323,96,'21,17,11','0'),(9324,96,'44,21,4','0'),(9325,96,'26,13,6','0'),(9326,96,'35,10,12','0'),(9327,96,'44,37,8','0'),(9328,96,'25,28,34','0'),(9329,96,'28,48,31','0'),(9330,96,'42,17,13','0'),(9331,96,'8,9,14','0'),(9332,96,'4,28,11','0'),(9333,96,'4,36,11','0'),(9334,96,'28,36,36','0'),(9335,96,'42,48,49','0'),(9336,96,'2,38,9','0'),(9337,97,'10,7,3','A'),(9338,97,'10,0,1','A'),(9339,97,'9,5,2','A'),(9340,97,'3,5,0','B'),(9341,97,'4,5,7','C'),(9342,97,'10,4,7','A'),(9343,97,'8,6,9','C'),(9344,97,'9,8,6','A'),(9345,97,'7,2,10','C'),(9346,97,'2,6,5','B'),(9347,97,'1,7,3','B'),(9348,97,'10,7,3','A'),(9349,97,'5,10,7','B'),(9350,97,'6,9,4','B'),(9351,97,'2,9,4','B'),(9352,97,'7,10,6','B'),(9353,97,'7,0,3','A'),(9354,97,'3,0,8','C'),(9355,97,'1,1,10','C'),(9356,97,'8,0,2','A'),(9357,97,'7,5,4','A'),(9358,97,'5,2,8','C'),(9359,97,'5,9,8','B'),(9360,97,'1,1,8','C'),(9361,97,'1,1,5','C'),(9362,97,'0,8,0','B'),(9363,97,'10,5,4','A'),(9364,97,'7,5,4','A'),(9365,97,'0,5,3','B'),(9366,97,'9,6,6','A'),(9367,97,'3,10,4','B'),(9368,97,'5,4,3','A'),(9369,97,'0,5,3','B'),(9370,97,'2,7,3','B'),(9371,97,'3,1,8','C'),(9372,97,'2,6,1','B'),(9373,97,'1,4,7','C'),(9374,97,'3,1,4','C'),(9375,97,'8,6,9','C'),(9376,97,'7,2,0','A'),(9377,97,'5,10,8','B'),(9378,97,'4,1,6','C'),(9379,97,'2,0,1','A'),(9380,97,'4,9,7','B'),(9381,97,'5,2,6','C'),(9382,97,'0,0,3','C'),(9383,97,'6,1,9','C'),(9384,97,'2,8,10','C'),(9385,97,'6,3,0','A'),(9386,97,'0,10,6','B'),(9387,97,'3,9,8','B'),(9388,97,'7,4,5','A'),(9389,97,'1,8,7','B'),(9390,97,'2,4,2','B'),(9391,97,'1,2,0','B'),(9392,97,'1,0,9','C'),(9393,97,'4,1,1','A'),(9394,97,'5,4,10','C'),(9395,97,'5,7,8','C'),(9396,97,'7,0,3','A'),(9397,97,'8,5,0','A'),(9398,97,'8,4,10','C'),(9399,97,'1,0,10','C'),(9400,97,'5,0,9','C'),(9401,97,'4,7,0','B'),(9402,97,'7,10,7','B'),(9403,97,'7,9,8','B'),(9404,97,'9,8,7','A'),(9405,97,'10,0,8','A'),(9406,97,'0,8,4','B'),(9407,97,'3,0,2','A'),(9408,97,'10,0,1','A'),(9409,97,'7,9,3','B'),(9410,97,'6,8,2','B'),(9411,97,'6,4,2','A'),(9412,97,'8,9,10','C'),(9413,97,'9,7,0','A'),(9414,97,'9,6,6','A'),(9415,97,'1,1,3','C'),(9416,97,'7,8,7','B'),(9417,97,'0,8,6','B'),(9418,97,'2,1,1','A'),(9419,97,'6,8,3','B'),(9420,97,'5,10,0','B'),(9421,97,'7,2,2','A'),(9422,97,'0,1,2','C'),(9423,97,'10,6,8','A'),(9424,97,'7,1,5','A'),(9425,97,'9,5,3','A'),(9426,97,'10,7,3','A'),(9427,97,'4,6,5','B'),(9428,97,'0,5,2','B'),(9429,97,'5,8,2','B'),(9430,97,'9,2,5','A'),(9431,97,'7,5,10','C'),(9432,97,'1,7,10','C'),(9433,97,'7,0,1','A'),(9434,97,'7,5,8','C'),(9435,97,'2,5,3','B'),(9436,97,'0,0,3','C'),(9437,97,'7,6,9','C'),(9438,97,'9,3,7','A'),(9439,97,'6,9,6','B'),(9440,97,'2,10,0','B'),(9441,97,'5,5,6','C'),(9442,97,'5,8,9','C'),(9443,97,'5,8,1','B'),(9444,97,'6,7,9','C'),(9445,97,'1,6,5','B'),(9446,97,'6,5,7','C'),(9447,97,'8,3,9','C'),(9448,97,'0,4,7','C'),(9449,97,'6,0,2','A'),(9450,97,'9,4,0','A'),(9451,97,'0,0,5','C'),(9452,97,'8,3,5','A'),(9453,97,'9,5,8','A'),(9454,97,'0,1,0','B'),(9455,97,'9,0,10','C'),(9456,97,'2,8,10','C'),(9457,97,'9,4,6','A'),(9458,97,'6,5,10','C'),(9459,97,'4,5,10','C'),(9460,97,'6,4,7','C'),(9461,97,'2,10,7','B'),(9462,97,'6,10,2','B'),(9463,97,'6,5,0','A'),(9464,97,'10,6,5','A'),(9465,97,'4,3,9','C'),(9466,97,'2,3,6','C'),(9467,97,'7,9,1','B'),(9468,97,'7,3,4','A'),(9469,97,'3,5,0','B'),(9470,97,'9,9,10','C'),(9471,97,'1,8,3','B'),(9472,97,'2,3,0','B'),(9473,97,'6,2,8','C'),(9474,97,'2,2,10','C'),(9475,97,'8,4,3','A'),(9476,97,'4,6,9','C'),(9477,97,'2,2,5','C'),(9478,97,'10,2,4','A'),(9479,97,'1,8,2','B'),(9480,97,'3,8,5','B'),(9481,97,'10,4,5','A'),(9482,97,'10,9,2','A'),(9483,97,'5,6,5','B'),(9484,97,'9,8,0','A'),(9485,97,'6,3,1','A'),(9486,97,'9,0,4','A'),(9487,97,'4,2,7','C'),(9488,97,'9,3,8','A'),(9489,97,'5,10,7','B'),(9490,97,'8,9,3','B'),(9491,97,'9,3,6','A'),(9492,97,'2,0,3','C'),(9493,97,'10,5,9','A'),(9494,97,'10,8,0','A'),(9495,97,'10,9,4','A'),(9496,97,'6,8,3','B'),(9497,97,'6,0,7','C'),(9498,97,'4,7,2','B'),(9499,97,'7,8,10','C'),(9500,97,'5,8,4','B'),(9501,97,'10,9,0','A'),(9502,97,'3,1,7','C'),(9503,97,'4,5,9','C'),(9504,97,'1,3,4','C'),(9505,97,'4,7,3','B'),(9506,97,'2,0,6','C'),(9507,97,'1,7,0','B'),(9508,97,'4,0,8','C'),(9509,97,'7,2,5','A'),(9510,97,'8,2,10','C'),(9511,97,'6,2,10','C'),(9512,97,'8,0,5','A'),(9513,97,'0,2,7','C'),(9514,97,'4,5,0','B'),(9515,97,'10,5,2','A'),(9516,97,'0,8,5','B'),(9517,97,'3,10,9','B'),(9518,97,'9,3,3','A'),(9519,97,'0,7,10','C'),(9520,97,'9,7,2','A'),(9521,97,'4,3,10','C'),(9522,97,'3,0,4','C'),(9523,97,'1,1,9','C'),(9524,97,'3,3,4','C'),(9525,97,'0,1,8','C'),(9526,97,'1,10,6','B'),(9527,97,'2,4,1','B'),(9528,97,'0,9,0','B'),(9529,97,'2,4,6','C'),(9530,97,'4,5,8','C'),(9531,97,'2,5,1','B'),(9532,97,'6,5,3','A'),(9533,97,'9,7,7','A'),(9534,97,'10,3,1','A'),(9535,97,'4,6,5','B'),(9536,97,'4,10,6','B'),(9537,98,'368,80','0'),(9538,98,'8,400','41'),(9539,98,'200,230','48'),(9540,98,'280,420','0'),(9541,98,'384,470','0'),(9542,98,'176,80','30'),(9543,98,'104,400','0'),(9544,98,'192,300','0'),(9545,98,'176,240','46'),(9546,98,'0,100','10'),(9547,98,'256,350','0'),(9548,98,'120,260','41'),(9549,98,'232,200','49'),(9550,98,'0,240','24'),(9551,98,'240,160','46'),(9552,98,'128,60','22'),(9553,98,'264,370','0'),(9554,98,'296,200','0'),(9555,98,'0,30','3'),(9556,98,'224,210','49'),(9557,98,'336,250','0'),(9558,98,'176,380','0'),(9559,98,'368,230','0'),(9560,98,'160,40','24'),(9561,98,'248,110','42'),(9562,98,'248,0','31'),(9563,98,'56,180','25'),(9564,98,'392,110','0'),(9565,98,'104,220','35'),(9566,98,'272,370','0'),(9567,98,'32,430','47'),(9568,98,'64,300','38'),(9569,98,'152,240','43'),(9570,98,'232,160','45'),(9571,98,'352,210','0'),(9572,98,'136,210','38'),(9573,98,'8,240','25'),(9574,98,'56,110','18'),(9575,98,'328,0','41'),(9576,98,'184,480','0'),(9577,98,'56,210','28'),(9578,98,'184,360','0'),(9579,98,'312,240','0'),(9580,98,'296,420','0'),(9581,98,'192,90','33'),(9582,98,'144,400','0'),(9583,98,'16,480','50'),(9584,98,'56,470','0'),(9585,98,'32,100','14'),(9586,98,'16,10','3'),(9587,98,'288,180','0'),(9588,98,'376,360','0'),(9589,98,'200,400','0'),(9590,98,'248,410','0'),(9591,98,'136,410','0'),(9592,98,'40,10','6'),(9593,98,'96,420','0'),(9594,98,'200,80','33'),(9595,98,'24,130','16'),(9596,98,'208,130','39'),(9597,98,'64,460','0'),(9598,98,'56,50','12'),(9599,98,'272,440','0'),(9600,98,'224,200','48'),(9601,98,'296,210','0'),(9602,98,'224,150','43'),(9603,98,'360,410','0'),(9604,98,'304,460','0'),(9605,98,'280,260','0'),(9606,98,'280,420','0'),(9607,98,'88,430','0'),(9608,98,'344,480','0'),(9609,98,'64,270','35'),(9610,98,'400,170','0'),(9611,98,'232,390','0'),(9612,98,'256,370','0'),(9613,98,'144,70','25'),(9614,98,'248,370','0'),(9615,98,'320,340','0'),(9616,98,'184,170','40'),(9617,98,'264,390','0'),(9618,98,'200,10','26'),(9619,98,'152,20','21'),(9620,98,'64,290','37'),(9621,98,'48,430','49'),(9622,98,'296,440','0'),(9623,98,'104,300','43'),(9624,98,'144,340','0'),(9625,98,'88,10','12'),(9626,98,'128,430','0'),(9627,98,'352,470','0'),(9628,98,'160,480','0'),(9629,98,'192,490','0'),(9630,98,'224,400','0'),(9631,98,'384,180','0'),(9632,98,'80,190','29'),(9633,98,'48,40','10'),(9634,98,'336,90','0'),(9635,98,'392,150','0'),(9636,98,'328,310','0'),(9637,98,'216,0','27'),(9638,98,'80,70','17'),(9639,98,'272,290','0'),(9640,98,'280,280','0'),(9641,98,'72,250','34'),(9642,98,'96,170','29'),(9643,98,'136,150','32'),(9644,98,'224,320','0'),(9645,98,'344,40','47'),(9646,98,'48,500','0'),(9647,98,'0,500','50'),(9648,98,'208,440','0'),(9649,98,'256,0','32'),(9650,98,'160,10','21'),(9651,98,'272,220','0'),(9652,98,'304,430','0'),(9653,98,'48,450','0'),(9654,98,'384,20','50'),(9655,98,'48,270','33'),(9656,98,'136,470','0'),(9657,98,'104,460','0'),(9658,98,'0,230','23'),(9659,98,'296,450','0'),(9660,98,'304,440','0'),(9661,98,'224,130','41'),(9662,98,'280,120','47'),(9663,98,'392,130','0'),(9664,98,'280,180','0'),(9665,98,'208,210','47'),(9666,98,'384,280','0'),(9667,98,'200,500','0'),(9668,98,'16,220','24'),(9669,98,'56,360','43'),(9670,98,'72,280','37'),(9671,98,'304,0','38'),(9672,98,'136,110','28'),(9673,98,'168,460','0'),(9674,98,'32,150','19'),(9675,98,'360,430','0'),(9676,98,'112,0','14'),(9677,98,'88,140','25'),(9678,98,'368,420','0'),(9679,98,'320,440','0'),(9680,98,'344,150','0'),(9681,98,'120,440','0'),(9682,98,'192,160','40'),(9683,98,'248,80','39'),(9684,98,'176,390','0'),(9685,98,'168,180','39'),(9686,98,'296,350','0'),(9687,98,'320,360','0'),(9688,98,'280,140','49'),(9689,98,'296,80','45'),(9690,98,'216,310','0'),(9691,98,'184,70','30'),(9692,98,'120,220','37'),(9693,98,'88,430','0'),(9694,98,'168,210','42'),(9695,98,'400,400','0'),(9696,98,'296,140','0'),(9697,98,'144,500','0'),(9698,98,'200,400','0'),(9699,98,'312,370','0'),(9700,98,'208,350','0'),(9701,98,'272,170','0'),(9702,98,'216,370','0'),(9703,98,'344,460','0'),(9704,98,'40,120','17'),(9705,98,'248,20','33'),(9706,98,'304,390','0'),(9707,98,'152,120','31'),(9708,98,'344,170','0'),(9709,98,'264,300','0'),(9710,98,'72,60','15'),(9711,98,'280,330','0'),(9712,98,'392,240','0'),(9713,98,'264,220','0'),(9714,98,'120,410','0'),(9715,98,'160,120','32'),(9716,98,'32,410','45'),(9717,98,'16,250','27'),(9718,98,'80,490','0'),(9719,98,'320,40','44'),(9720,98,'320,340','0'),(9721,98,'296,290','0'),(9722,98,'96,120','24'),(9723,98,'32,50','9'),(9724,98,'384,220','0'),(9725,98,'272,340','0'),(9726,98,'32,460','50'),(9727,98,'272,360','0'),(9728,98,'16,330','35'),(9729,98,'240,350','0'),(9730,98,'184,230','46'),(9731,98,'224,180','46'),(9732,98,'104,10','14'),(9733,98,'400,100','0'),(9734,98,'168,140','35'),(9735,98,'144,140','32'),(9736,98,'248,120','43'),(9737,9,'1,50,734,4,22','811'),(9738,9,'2,49,248,5,21','325'),(9739,9,'3,48,86,9,20','166'),(9740,9,'4,47,32,14,19','116'),(9741,9,'5,46,14,23,18','106'),(9742,9,'6,45,8,37,17','113'),(9743,9,'7,44,6,60,16','133'),(9744,9,'8,43,2,97,15','165'),(9745,9,'9,42,977,157,14','1199'),(9746,9,'10,41,329,254,13','647'),(9747,9,'11,40,113,411,12','587'),(9748,9,'12,39,41,665,11','768'),(9749,9,'13,38,17,2,10','80'),(9750,9,'14,37,9,5,9','74'),(9751,9,'15,36,734,7,8','800'),(9752,9,'16,35,248,12,7','318'),(9753,9,'17,34,86,19,6','162'),(9754,9,'18,33,32,31,5','119'),(9755,9,'19,32,14,50,4','119'),(9756,9,'20,31,8,81,3','143'),(9757,9,'21,30,6,131,2','190'),(9758,9,'22,29,2,212,1','266'),(9759,9,'23,0,99,9,96','227'),(9760,9,'24,68,18,75,83','268'),(9761,9,'25,68,99,98,4','294'),(9762,9,'26,21,11,15,41','114'),(9763,9,'27,10,32,19,5','93'),(9764,9,'28,53,53,86,5','225'),(9765,9,'29,37,68,54,35','223'),(9766,9,'30,59,33,48,51','221'),(9767,9,'31,52,85,81,13','262'),(9768,9,'32,48,37,83,6','206'),(9769,9,'33,53,16,86,73','261'),(9770,9,'34,30,76,69,96','305'),(9771,9,'35,2,6,76,32','151'),(9772,9,'36,47,24,83,9','199'),(9773,9,'37,63,47,32,3','182'),(9774,9,'38,61,7,19,6','131'),(9775,9,'39,11,82,85,54','271'),(9776,9,'40,28,79,4,80','231'),(9777,9,'41,37,65,59,76','278'),(9778,9,'42,84,35,9,64','234'),(9779,9,'43,66,91,73,33','306'),(9780,9,'44,67,78,65,25','279'),(9781,9,'45,72,54,57,71','299'),(9782,9,'46,7,15,9,99','176'),(9783,9,'47,85,31,25,57','245'),(9784,9,'48,73,50,67,40','278'),(9785,9,'49,18,76,93,86','322'),(9786,9,'50,33,7,32,37','159'),(9787,104,'157','78,50'),(9788,104,'314','157'),(9789,104,'628','314'),(9790,104,'1256','628'),(9791,104,'2512','1256'),(9792,104,'942','471'),(9793,104,'1884','942'),(9794,104,'2198','1099'),(9795,104,'471','235,50'),(9796,104,'1570','785'),(9797,100,'14','35'),(9798,100,'8','20'),(9799,100,'12','30'),(9800,100,'6','15'),(9801,100,'10','25'),(9802,100,'16','40'),(9803,100,'4','10'),(9804,100,'18','45'),(9805,100,'20','50'),(9806,100,'2','5'),(9807,99,'2956,3782','413'),(9808,99,'7840,9928','1044'),(9809,99,'5392,6040','324'),(9810,99,'1542,8934','3696'),(9811,99,'3682,4458','388'),(9812,99,'1848,5690','1921'),(9813,99,'8236,9124','444'),(9814,99,'4732,6528','898'),(9815,99,'6186,9340','1577'),(9816,99,'9258,9672','207'),(9817,103,'5500','40'),(9818,103,'835','22'),(9819,103,'8135','43'),(9820,103,'1803','28'),(9821,103,'1583','28'),(9822,103,'5138','37'),(9823,103,'3510','32'),(9824,103,'3800','34'),(9825,103,'518','14'),(9826,103,'8500','46'),(9827,101,'91','39'),(9828,101,'70','30'),(9829,101,'84','36'),(9830,101,'63','27'),(9831,101,'98','42'),(9832,101,'49','21'),(9833,101,'56','24'),(9834,101,'42','18'),(9835,101,'105','45'),(9836,101,'35','15'),(9837,101,'77','33'),(9838,102,'5,2','2520'),(9839,102,'7,4','600'),(9840,102,'5,3','2520'),(9841,102,'6,4','1050'),(9842,102,'8,2','450'),(9843,102,'6,3','2100'),(9844,102,'5,4','1260'),(9845,102,'4,3','2100'),(9846,102,'7,2','1200'),(9847,102,'6,2','2100'),(9848,105,'36','8'),(9849,105,'9','4'),(9850,105,'144','16'),(9851,105,'81','12'),(9852,105,'225','20'),(9853,105,'1089','44'),(9854,105,'576','32'),(9855,105,'324','24'),(9856,105,'441','28'),(9857,105,'729','36'),(9858,46,'4,9','1'),(9859,46,'6,4','2'),(9860,46,'12,15','3'),(9861,46,'4,5','1'),(9862,46,'10,4','2'),(9863,106,'12345','12345'),(9864,106,'21436','0'),(9865,106,'345','345'),(9866,106,'24689','24689'),(9867,106,'94614','0'),(9868,106,'2948','0'),(9869,106,'178','178'),(9870,106,'5689','5689'),(9871,106,'4168','0'),(9872,106,'12567','12567'),(9873,107,'21436','21436'),(9874,107,'94614','0'),(9875,107,'2247','0'),(9876,107,'9371','9371'),(9877,107,'61281','0'),(9878,107,'3106','3106'),(9879,107,'11932','0'),(9880,107,'73521','73521'),(9881,107,'10534','10534'),(9882,107,'345','345'),(9883,108,'357,816,492','15'),(9884,108,'816,357,492','15'),(9885,108,'111,222,333','0'),(9886,108,'123,321,222','6'),(9887,108,'186,537,942','15'),(9888,108,'321,222,123','6'),(9889,108,'294,618,753','15'),(9890,108,'159,753,456','0'),(9891,108,'862,147,395','0'),(9892,108,'492,357,816','15'),(9893,109,'5/3','25/15'),(9894,109,'3/5','6/10'),(9895,109,'2/7','6/21'),(9896,110,'1,10','0'),(9898,110,'1000,10','3'),(9899,110,'10000,10','4'),(9902,110,'64,2','6'),(9903,110,'256,2','8'),(9904,110,'25,5','2'),(9905,110,'16,16','1'),(9906,110,'243,3','5'),(9907,110,'128,2','7'),(9908,110,'512,2','9'),(9909,111,'100,2','10'),(9910,111,'81,4','3'),(9911,111,'81,2','9'),(9912,111,'125,3','5'),(9913,111,'343,3','7'),(9914,111,'256,2','16'),(9915,111,'144,2','12'),(9916,111,'64,3','4'),(9917,111,'64,6','2'),(9918,111,'64,2','8'),(9919,112,'17/15,7/10,4/5','37/30'),(9920,112,'17/10,8/5,4/15','11/30'),(9921,112,'9/10,1/5,13/15','47/30'),(9922,112,'11/10,7/15,4/5','43/30'),(9923,112,'5/2,5/4,3/2','11/4'),(9924,112,'15/4,5/2,1/2','7/4'),(9925,112,'13/2,3/4,1/2','25/4'),(9926,112,'3/4,1/4,13/4','15/4'),(9927,112,'9/4,5/3,3/2','25/12'),(9928,112,'5/2,5/3,1/4','13/12'),(9929,112,'11/3,7/4,7/6','37/12'),(9930,112,'11/6,3/4,17/6','47/12'),(9931,113,'1/5,13/5,1/5','18/25'),(9932,113,'5/3,3/5,11/25','36/25'),(9933,113,'3/5,2/5,4/5','26/25'),(9934,113,'1/5,3/5,1/5','8/25'),(9935,113,'5/4,5/2,1/2','29/8'),(9936,113,'5/2,5/4,3/2','37/8'),(9937,113,'3/4,3/2,3/2','21/8'),(9938,113,'13/2,3/4,1/2','43/8'),(9939,113,'3/4,5/6,1/12','17/24'),(9940,113,'5/6,5/4,3/4','43/24'),(9941,113,'1/3,7/8,7/6','35/24'),(9942,113,'1/6,3/4,1/6','7/24'),(9944,109,'3/4','12/16'),(9945,109,'5/8','10/16'),(9946,109,'5/6','15/18'),(9947,109,'7/3','14/6'),(9948,109,'9/4','27/12'),(9949,109,'5/4','15/12'),(9950,109,'4/5','20/25'),(9951,115,'2000','2420'),(9952,115,'800','968'),(9953,115,'1000','1210'),(9954,115,'1500','1815'),(9955,115,'3600','4356'),(9956,115,'2100','2541'),(9957,115,'3900','4719'),(9958,115,'1900','2299'),(9959,115,'2300','2783'),(9960,115,'2500','3025'),(9961,116,'920','800'),(9962,116,'943','820'),(9963,116,'414','360'),(9964,116,'552','480'),(9965,116,'782','680'),(9966,116,'529','460'),(9967,116,'1610','1400'),(9968,116,'1127','980'),(9969,116,'851','740'),(9970,116,'644','560'),(9971,117,'1000,1100','10'),(9972,117,'820,943','15'),(9973,117,'360,432','20'),(9974,117,'400,456','14'),(9975,117,'350,392','12'),(9976,117,'500,555','11'),(9977,117,'200,218','9'),(9978,117,'300,324','8'),(9979,117,'600,678','13'),(9980,117,'1200,1392','16'),(9981,80,'7,-1,-5,-6,0,10,5,4','7'),(9982,80,'9,-1,-5,1,6,0,-1,4,1000,500','504'),(9983,80,'5,2,12,22,32,-24','0'),(9984,81,'6,d,e,e,p,o,t','1'),(9985,81,'3,u,u,u','1'),(9986,81,'3,r,g,h','0'),(9987,81,'5,n,m,i,o,g','1'),(9988,82,'3,Arbol,Juan,Pedro','AJP'),(9989,82,'1,rey','r'),(9990,82,'5,no,me,voy,de,aca','nmvda'),(9991,82,'2,tal,v','tv'),(9992,83,'3,8,3,4,1,5,9,6,7,2','1'),(9993,83,'4,16,3,2,13,5,19,11,8,9,6,7,12,4,15,14,2','0'),(9994,83,'4,16,3,2,13,5,19,11,8,9,6,7,12,4,15,14,1','1'),(9995,83,'2,1,1,2,2,3,3,4,4','0'),(9996,84,'9,1,2,3,4,5,6,7,8,9','1'),(9997,84,'9,9,8,7,6,5,4,3,2,1','0'),(9998,84,'1','1'),(9999,84,'5,-1,-2,-3,-4,-5','0'),(10000,84,'0','1'),(10001,84,'3,-1,0,1','1'),(10002,84,'8,1,2,3,4,8,5,6,7','0'),(10003,85,'5,4,1,2,3,4,5,6,7,8,9,10,11,12,13,14,15,16,17,18,19,20','1234510152019181716116789141312'),(10004,85,'3,4,1,2,3,4,5,6,7,8,9,10,11,12','123691211107458'),(10005,85,'1,1,1','1'),(10006,85,'1,2,1,2','12'),(10007,85,'2,1,1,2','12'),(10008,118,'6,3,5','2'),(10009,118,'12,6,10','4'),(10010,118,'18,9,15','6'),(10011,118,'30,15,25','10'),(10012,118,'24,12,20','8'),(10013,118,'36,18,30','12'),(10014,118,'42,21,35','14'),(10015,118,'48,24,40','16'),(10016,118,'54,27,45','18'),(10017,118,'60,30,50','20'),(10018,118,'66,33,55','22'),(10019,119,'8','2'),(10020,119,'12','3'),(10021,119,'4','1'),(10022,119,'16','4'),(10023,119,'20','5'),(10024,119,'84','21'),(10025,119,'64','16'),(10026,119,'36','9'),(10027,119,'24','6'),(10028,119,'48','12'),(10029,120,'38690','53000'),(10030,120,'39274','53800'),(10031,120,'38325','52500'),(10032,120,'38982','53400'),(10033,120,'38033','52100'),(10034,120,'38252','52400'),(10035,120,'38471','52700'),(10036,120,'39128','53600'),(10037,120,'38909','53300'),(10038,120,'38617','52900'),(10039,121,'31','8'),(10040,121,'62','16'),(10041,121,'93','24'),(10042,121,'124','32'),(10043,121,'155','40'),(10044,121,'186','48'),(10045,121,'217','56'),(10046,121,'248','64'),(10047,121,'279','72'),(10048,121,'341','88'),(10049,121,'372','96'),(10050,122,'104','80'),(10051,122,'117','90'),(10052,122,'78','60'),(10053,122,'65','50'),(10054,122,'143','110'),(10055,122,'52','40'),(10056,122,'156','120'),(10057,122,'169','130'),(10058,122,'195','150'),(10059,122,'221','170'),(10060,123,'15,13,43','15'),(10061,123,'16,12,42','14'),(10062,123,'17,11,44','16'),(10063,123,'14,16,43','13'),(10064,123,'12,13,42','17'),(10065,123,'13,17,42','12'),(10066,123,'12,15,45','18'),(10067,123,'11,17,47','19'),(10068,123,'14,15,50','21'),(10069,123,'12,16,51','23'),(10070,124,'64','128'),(10071,124,'68','136'),(10072,124,'62','124'),(10073,124,'63','126'),(10074,124,'67','134'),(10075,124,'69','138'),(10076,124,'61','122'),(10077,124,'66','132'),(10078,124,'71','142'),(10079,124,'72','144'),(10080,125,'39','72'),(10081,125,'37','68'),(10082,125,'35','64'),(10083,125,'44','82'),(10084,125,'42','78'),(10085,125,'45','84'),(10086,125,'38','70'),(10087,125,'36','66'),(10088,125,'41','76'),(10089,125,'40','74'),(10090,125,'43','80'),(10091,126,'2','3'),(10092,126,'5','5'),(10093,126,'11','9'),(10094,126,'14','11'),(10095,126,'17','13'),(10096,126,'20','15'),(10097,126,'8','7'),(10098,126,'23','17'),(10099,126,'26','19'),(10100,126,'29','21'),(10101,57,'aprobarnuevassoluciones','senoiculossaveunraborpa'),(10102,57,'estamosreunidos','sodinuersomatse'),(10103,128,'90,50,50','47100'),(10104,128,'90,80,40','63700'),(10105,128,'90,90,30','67500'),(10106,128,'90,120,60','103500'),(10107,128,'100,50,50','52500'),(10108,128,'100,80,40','70000'),(10109,128,'100,90,30','73900'),(10110,128,'100,120,60','112000'),(10111,128,'110,50,50','58100'),(10112,128,'110,80,40','76500'),(10113,129,'1,1,2000','2'),(10114,129,'10,2,2002','14'),(10115,129,'28,4,2010','6'),(10116,129,'30,1,1996','9'),(10117,129,'4,2,2019','7'),(10118,129,'2,9,2004','15'),(10119,129,'25,5,2009','12'),(10120,129,'30,11,2013','9'),(10121,129,'1,6,2004','11'),(10122,129,'12,1,2005','18'),(10123,127,'8,18,20','8'),(10124,127,'6,20,15','0'),(10125,127,'9,26,10','0'),(10126,127,'9,20,5','9'),(10127,127,'9,22,35','9'),(10128,127,'8,23,3','8'),(10129,127,'6,18,12','0'),(10130,127,'8,27,32','8'),(10131,127,'10,26,5','0'),(10132,127,'10,21,40','10'),(10133,11,'20,30,50','50'),(10134,11,'90,30,10','90'),(10135,11,'55,32,87','87'),(10136,11,'64,99,12','99'),(10137,11,'51,37,79','79'),(10138,11,'80,43,68','80'),(10139,11,'31,65,22','65'),(10140,11,'-24,70,-90','70'),(10141,11,'62,-62,0','62'),(10142,135,'1','3'),(10143,135,'3','4'),(10144,135,'4','5'),(10145,136,'1','3'),(10146,136,'3','4'),(10147,136,'4','5'),(10148,139,'32','32'),(10149,139,'032','32'),(10150,142,'32','32'),(10151,142,'032','32'),(10152,143,'32','32'),(10153,143,'032','32'),(10154,144,'32','32'),(10155,144,'032','32'),(10156,145,'1,2','2'),(10157,145,'3,3','2'),(10158,145,'1','2'),(10159,145,'1','2'),(10160,146,'1,2','2'),(10161,146,'3,3','2'),(10162,146,'1','2'),(10163,146,'1','2'),(10164,147,'1,2','2'),(10165,147,'3,3','2'),(10166,147,'1','2'),(10167,147,'1','2'),(10168,148,'1,2','2'),(10169,148,'3,3','2'),(10170,148,'1','2'),(10171,148,'1','2'),(10172,149,'1,2','2'),(10173,149,'3,3','2'),(10174,149,'1','2'),(10175,149,'1','2'),(10176,150,'1,2','2'),(10177,150,'3,3','2'),(10178,150,'1','2'),(10179,150,'1','2');
/*!40000 ALTER TABLE `solucion` ENABLE KEYS */;
UNLOCK TABLES;

--
-- Table structure for table `stub`
--

DROP TABLE IF EXISTS `stub`;
/*!40101 SET @saved_cs_client     = @@character_set_client */;
/*!40101 SET character_set_client = utf8 */;
CREATE TABLE `stub` (
  `idStubs` int(11) NOT NULL AUTO_INCREMENT,
  `idLenguaje` int(11) NOT NULL,
  `Descripcion` text NOT NULL,
  `Archivo` varchar(255) NOT NULL,
  PRIMARY KEY (`idStubs`),
  KEY `idLenguaje` (`idLenguaje`),
  CONSTRAINT `FK_26a9216998e677a5daf423ecdda` FOREIGN KEY (`idLenguaje`) REFERENCES `lenguaje` (`idLenguaje`)
) ENGINE=InnoDB AUTO_INCREMENT=17 DEFAULT CHARSET=latin1;
/*!40101 SET character_set_client = @saved_cs_client */;

--
-- Dumping data for table `stub`
--

LOCK TABLES `stub` WRITE;
/*!40000 ALTER TABLE `stub` DISABLE KEYS */;
INSERT INTO `stub` VALUES (2,14,'Stub para Pseudocódigo generado desde PSeInt (pseint.sourceforge.net).\r\nTesteado en Windows XP/7 y Ubuntu 12.4.\r\nPara ejecutar seguir instrucciones en comentarios de ej1.psc.','stubpseint.zip'),(3,7,'Stub en bash testeado en ubutu 12.4 utilizando wrapper en c.\r\n','stubbash.zip'),(4,5,'Proyecto con una aplicación web realizada en visual studio 2008 para c# .net. ','puntonet.zip'),(5,12,'Stub en C para ejecutar desde consola. Testeado desde Ubuntu 12.4 compilador gcc ','stub.c.zip'),(6,9,'Stub en Ciao Prolog utilizando wrapper en c. testeado en Ubuntu 12.4.','stubciao.zip'),(7,4,'Stub en java. Modificar clase Main. ','stubjava.zip'),(8,8,'Stub en Lisp para ejecutar desde Emacs.  Testeado en Ubuntu 12.4.','stub.el.zip'),(9,13,'Stub en pascal utilizando wrapper compilado para windowsx86, testeado en Windows-XP y Windows-7. ','stub.php.zip'),(10,10,'Stub en un solo archivo testeado en Ubuntu 12.4. Necesita librería REST::Client. Se instala con >sudo cpan REST::Client. ','stub.pl.zip'),(11,1,'Descargar es Stub en php con libreria. Testeado en Ubuntu 12.4.\r\nO utilizar el wrapper desarrollado por fermino, disponible en github en https://github.com/fermino/Hornero-PHP/tree/master. ','stub.php.zip'),(12,2,'Stub de python en un solo archivo para ejecutar desde consola. En algunos casos pude hacer falta instalar desde consola la libreria httplib2.\r\n> sudo apt-get install python-httplib2','stub.py.zip'),(13,11,'Stub de ruby en un solo archivo para ejecutar desde consola.  Testeado en Ubuntu 12.4.','stub.rb.zip'),(14,3,'Stub para ejecutar desde consola de navegador.  Testeado en Firefox 28 - Ubuntu 12.4.','stub.js.zip'),(15,3,'nodejs para ejecutar de consola con node v10.15.3\r\nhttps://gitlab.com/walace47/stub-hornero-nodejs','node.js.zip'),(16,16,'https://bitbucket.org/cnngimenez/hornero-stub-ada/src/default/','cnngimenez-hornero-stub-ada-2d8c6a771ed7.zip');
/*!40000 ALTER TABLE `stub` ENABLE KEYS */;
UNLOCK TABLES;

--
-- Table structure for table `tipotorneo`
--

DROP TABLE IF EXISTS `tipotorneo`;
/*!40101 SET @saved_cs_client     = @@character_set_client */;
/*!40101 SET character_set_client = utf8 */;
CREATE TABLE `tipotorneo` (
  `idTipo` int(11) NOT NULL AUTO_INCREMENT,
  `Tipo` varchar(255) NOT NULL,
  PRIMARY KEY (`idTipo`)
) ENGINE=InnoDB AUTO_INCREMENT=5 DEFAULT CHARSET=latin1;
/*!40101 SET character_set_client = @saved_cs_client */;

--
-- Dumping data for table `tipotorneo`
--

LOCK TABLES `tipotorneo` WRITE;
/*!40000 ALTER TABLE `tipotorneo` DISABLE KEYS */;
INSERT INTO `tipotorneo` VALUES (1,'Abierto'),(2,'Cerrado'),(3,'Abierto sin límite de tiempo'),(4,'Hornereando');
/*!40000 ALTER TABLE `tipotorneo` ENABLE KEYS */;
UNLOCK TABLES;

--
-- Table structure for table `torneo`
--

DROP TABLE IF EXISTS `torneo`;
/*!40101 SET @saved_cs_client     = @@character_set_client */;
/*!40101 SET character_set_client = utf8 */;
CREATE TABLE `torneo` (
  `idTorneo` int(11) NOT NULL AUTO_INCREMENT,
  `Nombre` varchar(255) NOT NULL,
  `Descripcion` text NOT NULL,
  `FechaInicio` datetime NOT NULL,
  `FechaFin` datetime NOT NULL,
  `idEstado` int(11) NOT NULL,
  `idTipo` int(11) NOT NULL,
  `creador` int(11) DEFAULT NULL,
  PRIMARY KEY (`idTorneo`),
  KEY `idEstado` (`idEstado`),
  KEY `idTipo` (`idTipo`),
  KEY `FK_fa575e883f350dd14e59034f42b` (`creador`),
  CONSTRAINT `FK_47ada8dd5f4f8184174b1e13d1e` FOREIGN KEY (`idTipo`) REFERENCES `tipotorneo` (`idTipo`),
  CONSTRAINT `FK_7740e2ca970902a1464a10d568f` FOREIGN KEY (`idEstado`) REFERENCES `estadotorneo` (`idEstado`),
  CONSTRAINT `FK_fa575e883f350dd14e59034f42b` FOREIGN KEY (`creador`) REFERENCES `usuario` (`idUsuario`)
) ENGINE=InnoDB AUTO_INCREMENT=130 DEFAULT CHARSET=latin1 COMMENT='Torneo';
/*!40101 SET character_set_client = @saved_cs_client */;

--
-- Dumping data for table `torneo`
--

LOCK TABLES `torneo` WRITE;
/*!40000 ALTER TABLE `torneo` DISABLE KEYS */;
INSERT INTO `torneo` VALUES (4,'Beta \"La guerra de los Lenguajes\"','Torneo de Prueba para testear los stubs de cada lenguaje. Los participantes serán los desarrolladores de cada stub.','2014-06-25 09:45:00','2014-06-26 23:00:00',3,1,NULL),(5,'Abierto','Torneo de Entrenamiento','2014-07-03 00:00:00','2017-09-08 09:00:00',3,1,NULL),(6,'Entrenamiento TAP - ACM','Torneo de entrenamiento para la 4º edición del Torneo Argentino de Programación (TAP 2014), se llevará a cabo durante el mes de octubre.\r\nEjercicios de Alta Complejidad.\r\n','2014-07-25 09:00:00','2014-10-05 01:00:00',3,1,NULL),(7,'Test EPCAC','Torneo cerrado de test para el EPCAC 2014','2014-08-20 09:00:00','2014-08-27 12:50:00',3,2,NULL),(9,'I15d 2014','Torneo para dentro de la materia Framework e Interoperabilidad de la Tecnicatura Universitaria en Desarrollo Web','2014-08-21 16:40:00','2014-08-21 18:00:00',3,1,NULL),(10,'EPCAP - primera parte - copa Alan Turing','Torneo del proyecto de Extensión: Entrenamiento en la programación de la computadora a partir de una aplicación para competencias.\r\nPrimer Torneo.','2014-08-27 14:00:00','2014-08-27 16:00:00',3,1,NULL),(11,'BETA Segunda parte','Torneo del proyecto de Extensión: Entrenamiento en la programación de la computadora a partir de una aplicación para competencias. Segundo Torneo.','2014-10-14 14:45:00','2014-10-14 21:00:00',3,2,NULL),(12,'Torneo EPCAP - segunda parte - Copa Final','Torneo del proyecto de Extensión: Entrenamiento en la programación de la computadora a partir de una aplicación para competencias. Copa Final.','2014-10-15 09:00:00','2014-10-15 12:00:00',3,1,NULL),(13,'Programación Web Dinámica 2014','Torneo Interno de la materia Programación Web Dinámica de la Tecnicatura Universitaria en Desarrollo Web','2014-10-31 16:00:00','2014-10-31 19:00:00',3,1,NULL),(14,'Introducción a la Programación 2do cuatrimestre 2014','Torneo Interno de la materia Introducción a la Programación 2do cuatrimestre 2014','2014-11-03 16:00:00','2014-11-03 20:00:00',3,2,NULL),(15,'Desarrollo de Algorítmos 2014 - Recursividad','Torneo interno de la cátedra de Desarrollo de Algoritmos, para evaluar Recursividad ','2014-11-20 08:00:00','2014-11-21 10:00:00',3,2,NULL),(16,'Hornero Abierto - copa de Entrenamiento','torneo Hornero de entrenamiento Abierto.  Abierta la invitación a cualquiera que sepa programar y quiera jugar, estudiante, docente, licenciado, analista, doctor o programador.  \r\n','2015-08-17 21:00:00','2017-08-30 10:30:00',3,1,NULL),(17,'Torneo OPPEM Primera Parte copa \"Euclides\" test','Test','2015-09-02 00:00:00','2015-09-07 00:00:00',3,2,NULL),(18,'OPPEM Primera Parte copa \"Euclides\"','Torneo en linea, en el marco del Proyecto de Extensión Olimpiadas de Programación para la Escuela Media.','2015-09-07 14:00:00','2015-09-07 16:00:00',3,1,NULL),(19,'Copa Sadosky ','Torneo para el evento charla en Sadosky.','2015-09-26 09:15:00','2015-09-26 11:15:00',3,1,NULL),(20,'IX Juegos Olímpicos del Comahue - Primera Parte','Torneo de Entrenamiento, para entrar en calor, definir categorías, dinámica y conectividad.','2015-10-06 17:00:00','2015-10-07 12:00:00',3,1,NULL),(21,'IX Juegos Olímpicos del Comahue - Categoria 1: secuencia y estructuras alternativas','Categoria 1: secuencia y estructuras alternativas','2015-10-07 12:00:00','2015-10-07 13:30:00',3,1,NULL),(22,'IX Juegos Olímpicos del Comahue - Categoría 2: estructuras repetitivas','Categoría 2:\r\nestructuras repetitivas','2015-10-07 12:00:00','2015-10-07 13:30:00',3,1,NULL),(23,'IX Juegos Olímpicos del Comahue - Categoria 3: arreglos y cadenas','Categoria 3: arreglos y cadenas','2015-10-07 12:00:00','2015-10-07 13:30:00',3,1,NULL),(24,'Test Juegos Tres Categorias','Nececitamos\r\nCat 1. Suma + 9 ejercicios secuencia y estructuras alternativas\r\nCat 2. Suma + 4 ejercicios Cat 1. + 5 Ejercicios Nuevos.\r\nCat 3. Suma + 3 Ejercicios Cat 1. + 3 Ejercicios Cat 2 + 3 Ejercicios Nuevos.','2015-10-05 00:00:00','2015-10-07 12:00:00',3,2,NULL),(25,'Test Torneo Ultimo Encuentro Proyecto 2015','....','2015-10-07 12:00:00','2015-10-28 10:30:00',3,2,NULL),(26,'OPPEM Segunda Parte: Copa Richard Stallman PRIMER NIVEL','Segundo Torneo  en el marco del Proyecto de Extensión Olimpiadas de Programación para la Escuela Media.','2015-10-28 10:30:00','2015-10-28 12:00:00',3,1,NULL),(27,'OPPEM Segunda Parte: Copa Richard Stallman SEGUNDO NIVEL','Segundo Torneo en el marco del Proyecto de Extensión Olimpiadas de Programación para la Escuela Media.','2015-10-28 10:30:00','2015-10-28 12:00:00',3,1,NULL),(28,'Hornero Recursivo 2016','Torneo de Recursividad para alumnos cursando Estructuras de Datos','2016-03-11 09:15:00','2016-03-11 12:00:00',3,1,NULL),(29,'Torneo CEMaP: COPA DONALD  KNUTH ','Primer torneo proyecto de extensión \"La Competencia como Eje Motiviador para acercarnos a la Programación\", 2016','2016-08-22 09:00:00','2016-08-22 11:00:00',3,1,NULL),(30,'Torneo CEMaP: COPA DONALD  KNUTH - El Bolsón','1er torneo en el contexto del proyecto de extensión con la participación de estudiantes del CEM 30 - El Bolsón - Rio Negro','2016-08-30 10:45:00','2016-08-30 12:45:00',3,1,NULL),(31,'pepito','dgasdlfjasdklñfj','2016-09-15 12:00:00','2016-09-15 13:00:00',3,2,NULL),(32,'Copa Sadosky 2016','Copa Sadosky 2016 - Edición 2016','2016-09-17 11:40:00','2016-09-17 12:40:00',3,1,NULL),(33,'Copa Sadosky II','Copa Sadosky II','2016-09-17 11:50:00','2016-09-17 12:50:00',3,1,NULL),(34,'CEMaP: Copa DONALD KNUTH - PARTE II','torneo en el marco del proyecto de extensión \"La competencia como eje motivador para acercarnos a la programación\"','2016-09-30 09:30:00','2016-09-30 11:00:00',3,1,NULL),(35,'PrograMate 2016 Entrenamiento','Cierre de los proyectos de Extensión de la FAIF de la Universidad Nacional del Comahue ','2016-10-26 15:00:00','2016-10-27 09:00:00',3,1,NULL),(36,'PrograMate 2016 Final','Evento Cierre de proyectos de Extensión de la Facultad de Informática de la Universidad Nacional del Comahue','2016-10-27 09:00:00','2016-10-27 11:00:00',3,1,NULL),(37,'Programate 2016 Recalculando','Fecha reprogramada','2016-11-17 14:00:00','2016-11-30 10:30:00',3,1,NULL),(38,'Desarrollo de Algoritmos 2017: Arreglos','Desarrollo de Algoritmos 2017: Arreglos','2017-04-17 00:00:00','2017-04-21 00:00:00',3,1,NULL),(39,'Hornereando el Preguntados del Hornero','Para responder en papel','2017-05-04 08:00:00','2017-05-04 11:30:00',3,4,NULL),(40,'Seguro','Jornadas de Seguridad','2017-04-17 00:00:00','2017-05-13 13:50:00',3,4,NULL),(41,'Zapala','Región centro','2017-05-13 00:00:00','2017-05-23 00:00:00',3,4,NULL),(42,'Recursivo 2017','Recursividad','2017-05-19 00:00:00','2017-05-25 00:00:00',3,1,NULL),(43,'Jornadas FAI 2017','Resolución de problemas simples','2017-08-31 09:00:00','2017-09-07 21:00:00',3,4,NULL),(44,'Copa Konrad Zuse','Torneo en el marco del proyecto de extensión que vincula la FAI con la Escuela Media','2017-09-08 09:10:00','2017-09-08 11:00:00',3,1,NULL),(45,'Entrenamiento Programate 2017','Torneo de Entrenamiento para Programate 2017.','2017-10-05 00:00:00','2017-10-17 17:00:00',3,1,NULL),(46,'Programate 2017 Día Uno','Torneo Abierto a cualquier estudiante de escuelas secundarias.  El torneo se va a jugar en la modalidad presencial el 17 y 18 de Octubre de 2017 en la Universidad Nacional del Comahue sede Neuquén. Para cualquiera de las categorías es requisito inscribirse en el presente torneo.Los equipos pueden estar conformados por cuatro integrantes como máximo y una máquina.','2017-10-17 17:00:00','2017-10-18 08:30:00',3,1,NULL),(48,'Programate 2017 Día Dos (Nivel 1 Preguntados)','Programate Nivel para resolver con Papel, celular, tablet o navegador.','2017-10-18 08:30:00','2017-10-18 10:30:00',3,4,NULL),(49,'Programate 2017 Día Dos (Nivel 2)','Problemas de Secuencia y Condicional.','2017-10-18 08:30:00','2017-10-18 10:30:00',3,1,NULL),(50,'Programate 2017 Día Dos (Nivel 3)','Secuencial, Condicional, Repetitivas.','2017-10-18 08:30:00','2017-10-18 10:30:00',3,1,NULL),(51,'Abierto 2017','Torneo Abierto','2017-10-31 00:00:00','2017-12-31 00:00:00',3,4,NULL),(52,'Preguntados 2018','Torneo dentro del proyecto de Extensión \"Torneos de Resolución de Problemas y Programación para promover el Apendizaje en Escuela Media\"','2018-05-10 09:20:00','2018-05-24 11:00:00',3,4,NULL),(53,'Entrenamiento 2018','Preparatorio para el Segundo Encuentro','2018-05-10 12:20:00','2018-06-26 09:00:00',3,1,NULL),(54,'Clementina ','Proyecto Extensión','2018-06-26 09:00:00','2018-06-26 11:30:00',3,1,NULL),(55,'Entrenamiento Virtual 2018','Proyecto 2018','2018-08-01 08:00:00','2018-09-14 10:00:00',3,1,NULL),(57,'Homero Virtual 2018','Encuentro virtual Septiembre 2018.','2018-09-14 10:05:00','2018-09-14 12:00:00',3,1,NULL),(58,'Preguntados Bolson 2018','Proyecto Extensión ','2018-10-11 08:00:00','2018-10-11 10:35:00',3,4,NULL),(59,'Secuencia Bolsón 2018','Proyecto','2018-10-11 11:00:00','2018-10-11 12:30:00',3,1,NULL),(60,'Abierto 2018','Abierto 2018','2018-10-11 08:00:00','2018-12-31 09:00:00',3,1,NULL),(61,'Preguntados Bariloche 2018','Proyecto','2018-10-12 08:00:00','2018-10-12 09:10:00',3,4,NULL),(62,'Entrenamiento Programate 2018','Torneo Entrenamiento para Categorias 2 y 3.\r\nSecuencia, Condicional y Repetitivas','2018-10-12 08:00:00','2018-10-17 10:00:00',3,1,NULL),(63,'Entrenamiento Preguntados Programate 2018','Entrenamiento para Categoría 1.\r\nPreguntados.  Resolución de Problemas en Papel.','2018-10-12 08:00:00','2018-10-17 10:00:00',3,4,NULL),(64,'Programate 2018 (Nivel 1) Preguntados','Torneo de Resolución Papel y Opción múltiple','2018-10-17 10:00:00','2018-10-17 12:00:00',3,4,NULL),(65,'Programate 2018 (Nivel 2) Secuencia y Alternativas','Torneo de Programación de complejidad hasta Secuencia y Alternativas','2018-10-17 10:00:00','2018-10-17 12:00:00',3,1,NULL),(66,'Programate 2018 (Nivel 3) Alternativas y Repetitivas','Torneo de Programación de complejidad hasta Alternativos y Repetitivas','2018-10-17 10:00:00','2018-10-17 12:00:00',3,1,NULL),(67,'EECC 2018 Hornereando','Para resolver en Papel','2018-12-01 10:00:00','2018-12-01 12:00:00',3,4,NULL),(68,'Curso de Ingreso 2019','Curso de Ingreso 2019','2019-02-17 10:00:00','2019-02-20 12:00:00',3,4,NULL),(69,'Ingreso 2019 Turno Tarde','Ingreso 2019 Turno Tarde','2019-02-20 16:00:00','2019-03-20 18:00:00',3,4,NULL),(70,'Pepe','pepepe','2014-06-24 09:45:00','2018-10-18 10:00:00',3,4,NULL),(71,'Animate Test','Test','2019-03-20 13:00:00','2019-04-01 12:00:00',3,4,NULL),(72,'Desarrollo de Algoritmos 2019','Recursado de Desarrollo de Algoritmos','2019-04-11 11:45:00','2019-04-11 23:55:00',3,3,NULL),(73,'Linus Torvalds','Primer Encuentro Proyecto Extensión 2019','2019-05-08 09:56:00','2019-05-08 12:00:00',3,4,NULL),(74,'Sistemas Inteligentes','materi','2019-05-09 10:00:00','2019-07-09 10:00:00',3,1,NULL),(75,'Ada Lovelace Bariloche','Proyecto Bariloche','2019-05-20 10:00:00','2019-05-20 12:00:00',3,4,NULL),(76,'Torneo Recursion 2019','Torneo exclusivo para el Recursado de Desarrollo de Algoritmos 2019','2019-05-26 19:00:00','2019-06-10 19:00:00',3,1,NULL),(77,'Pre-Encuentro 2 de Julio 2019','Torneo de prueba','2019-06-21 00:00:00','2019-07-02 09:30:00',3,1,NULL),(78,'Pajarraco','1','2019-06-25 18:03:00','2019-06-25 18:09:00',3,1,NULL),(79,'Torneo Grace Murray Hopper - Nivel 2','Torneo correspondiente al 2°encuentro (2/7/19) del Proyecto de Extensión Desafíos para Escuela Media: Resolución de Problemas y Programación. Nivel II','2019-07-02 09:30:00','2019-07-02 11:45:00',3,1,NULL),(80,'Torneo Grace Murray Hopper - Nivel 1','Torneo correspondiente al 2°encuentro (2/7/19) del Proyecto de Extensión Desafíos para Escuela Media: Resolución de Problemas y Programación. Nivel I','2019-07-02 09:30:00','2019-07-02 11:45:00',3,1,NULL),(81,'Abierto Grace Murray Hopper - Nivel 1','copia 2do encuentro','2019-06-20 12:00:00','2019-10-17 12:00:00',3,1,NULL),(82,'Nuevo','Una descripcion mas piola','2019-05-06 00:00:00','2019-10-10 00:00:00',3,4,NULL),(83,'torneo nuevo bien piola','este es el torneo nuevo de la app nueva','2020-02-26 00:00:00','2020-05-09 00:00:00',3,1,NULL),(84,'dasdasdas','dasdasdasd','2020-02-26 00:00:00','2020-02-28 00:00:00',3,1,NULL),(85,'dasdasd','asdasdasdasdas','2020-02-20 00:00:00','2020-02-29 00:00:00',3,2,NULL),(86,'asdasdasd','asdasdasd','2020-02-26 00:00:00','2020-02-29 00:00:00',3,1,NULL),(87,'dsadasd','asdasdasd','2020-02-26 00:00:00','2020-02-29 00:00:00',3,2,NULL),(88,'creador','adasdasda','2020-02-25 00:00:00','2020-02-28 00:00:00',3,2,743),(89,'fsdfsdf1233333333','sdfsdfsdfsfdfdsf','2020-02-25 00:00:00','2020-02-29 00:00:00',3,1,743),(90,'ccreador54','4343','2020-02-19 00:00:00','2020-02-29 00:00:00',3,1,743),(91,'creador10','dasdadasda','2020-02-04 00:00:00','2020-04-04 00:00:00',3,1,743),(92,'dasdasds','dasdasd','2020-03-11 00:00:00','2020-03-29 00:00:00',3,1,743),(93,'nuevo torneo de prueba','torneo de prueba bien piola','2020-03-05 00:00:00','2020-03-29 00:00:00',3,1,743),(94,'aaaaaaaaaaaaaaaaaaaaaaaaaaaaaaaaa','aaaaaaaaaaaaaaaaaaaaa','2020-03-17 00:00:00','2020-03-27 00:00:00',3,1,743),(95,'dadasdasdasdasd','asdasdasdsad','2020-03-17 00:00:00','2020-03-29 00:00:00',3,1,743),(96,'prueba10','peurbadasd','2020-03-19 00:00:00','2020-03-29 00:00:00',3,1,743),(97,'dasdasd','asdasdasd','2020-03-17 00:00:00','2020-03-27 00:00:00',3,1,743),(102,'weqweqwe','qweqwewqew','2020-05-05 00:00:00','2020-05-08 00:00:00',3,1,743),(103,'dasdasdas','dasddasd','2020-05-05 00:00:00','2020-05-23 00:00:00',3,1,743),(104,'231123123','123123123','2020-05-05 00:00:00','2020-05-09 00:00:00',3,1,743),(105,'prueba edicion','qweqweqw','2020-05-12 00:00:00','2020-05-23 00:00:00',3,1,743),(106,'eqweqw','eqweqw','2020-05-05 00:00:00','2020-05-15 00:00:00',3,1,743),(107,'dasdasd','asdasdasasd','2020-05-05 00:00:00','2020-05-15 00:00:00',3,1,743),(108,'dsadas','dasdasdas','2020-05-05 00:00:00','2020-05-22 00:00:00',3,1,743),(109,'eqweqw','eqweqweq','2020-05-05 00:00:00','2020-05-13 00:00:00',3,1,743),(110,'dsad','sadsdasd','2020-05-06 00:00:00','2020-05-08 00:00:00',3,1,743),(111,'dsadasdas','dasdas','2020-05-06 00:00:00','2020-05-14 00:00:00',3,1,743),(112,'erew','rewrwer','2020-05-06 00:00:00','2020-05-13 00:00:00',3,1,743),(113,'ewqeqwe','qweqweqw','2020-05-04 00:00:00','2020-05-09 00:00:00',3,1,743),(114,'dasdasd','asdasdasds','2020-05-05 00:00:00','2020-05-15 00:00:00',3,1,743),(115,'fewrew','rwerwer','2020-05-04 00:00:00','2020-05-06 00:00:00',3,1,743),(116,'ddsadasd','asdasdas','2020-05-05 00:00:00','2020-05-08 00:00:00',3,1,743),(117,'dsada','sdasdas','2020-05-05 00:00:00','2020-05-15 00:00:00',3,1,743),(118,'dasdas','dasdasd','2020-05-05 00:00:00','2020-05-06 00:00:00',3,1,743),(119,'eqweqw','qweqweqw','2020-05-01 00:00:00','2020-05-05 00:00:00',3,1,743),(120,'eqweqwe','qweqweqwe','2020-05-04 00:00:00','2020-05-06 00:00:00',3,1,743),(121,'proyectoDocente','proyecto de un docente de la materia','2020-05-07 16:34:36','2020-05-08 18:34:41',3,1,753),(122,'nuevo','123','2020-05-06 17:32:41','2020-05-10 17:32:44',3,1,743),(123,'nuevo tornreo test','una descripcion','2020-05-13 19:35:16','2020-05-16 19:35:18',3,1,743),(124,'nuevo estado 2.200','nuevo estado 2.200','2020-05-08 19:40:07','2020-05-29 19:40:09',3,1,743),(125,'nuevo torneo 2.999','ewqe','2020-05-13 19:44:06','2020-05-31 19:44:08',3,1,743),(126,'nuevo torneo nueva modalidad','nuevo torneo nueva modalidad','2020-05-20 10:07:39','2020-05-22 10:07:41',3,1,743),(127,'qwdaasd','asdasdasd','2020-05-19 10:26:32','2020-05-22 10:26:34',3,1,743),(128,'1111','1111111111','2020-05-20 20:39:23','2020-05-31 20:39:25',3,1,743),(129,'dasdasd','asdasdasdasdas','2020-06-15 14:44:45','2020-06-21 14:44:47',3,1,743);
/*!40000 ALTER TABLE `torneo` ENABLE KEYS */;
UNLOCK TABLES;

--
-- Table structure for table `torneoproblema`
--

DROP TABLE IF EXISTS `torneoproblema`;
/*!40101 SET @saved_cs_client     = @@character_set_client */;
/*!40101 SET character_set_client = utf8 */;
CREATE TABLE `torneoproblema` (
  `idTorneoProblema` int(11) NOT NULL AUTO_INCREMENT,
  `idProblema` int(11) NOT NULL,
  `idTorneo` int(11) NOT NULL,
  `Orden` int(11) NOT NULL COMMENT 'Orden de Ejecución del Problema',
  PRIMARY KEY (`idTorneoProblema`),
  KEY `idProblema` (`idProblema`,`idTorneo`),
  KEY `idTorneo` (`idTorneo`),
  CONSTRAINT `FK_9635d91473725a04f743967fc66` FOREIGN KEY (`idProblema`) REFERENCES `problema` (`idProblema`),
  CONSTRAINT `FK_c99ac962202a9274330f5b1f0e7` FOREIGN KEY (`idTorneo`) REFERENCES `torneo` (`idTorneo`)
) ENGINE=InnoDB AUTO_INCREMENT=1033 DEFAULT CHARSET=latin1 COMMENT='Problemas que estan incluidos en el torneo';
/*!40101 SET character_set_client = @saved_cs_client */;

--
-- Dumping data for table `torneoproblema`
--

LOCK TABLES `torneoproblema` WRITE;
/*!40000 ALTER TABLE `torneoproblema` DISABLE KEYS */;
INSERT INTO `torneoproblema` VALUES (9,1,4,1),(10,2,4,2),(11,3,4,3),(14,5,4,4),(16,6,4,5),(17,1,5,1),(18,2,5,2),(21,1,6,1),(22,8,6,2),(23,7,6,3),(24,9,5,3),(25,10,5,4),(26,11,5,5),(27,12,5,6),(28,13,5,7),(29,1,7,1),(30,14,7,2),(31,15,7,3),(32,16,7,4),(33,17,7,5),(34,18,7,6),(35,19,7,7),(36,20,7,8),(37,23,7,9),(38,21,7,10),(39,22,7,11),(40,1,9,1),(41,2,9,2),(42,11,9,3),(43,13,9,4),(44,15,9,5),(45,18,9,6),(46,20,9,7),(47,10,9,8),(48,17,9,9),(49,21,9,10),(50,22,9,11),(51,23,9,12),(52,1,10,1),(53,14,10,2),(54,19,10,3),(55,15,10,4),(56,16,10,5),(57,17,10,6),(58,18,10,7),(59,23,10,8),(60,21,10,9),(61,20,10,10),(62,22,10,11),(63,1,11,1),(64,27,11,2),(67,28,11,3),(68,29,11,4),(69,30,11,5),(70,31,11,6),(72,42,11,7),(75,32,11,8),(76,33,11,9),(77,34,11,10),(78,35,11,11),(79,36,11,12),(80,37,11,13),(81,38,11,14),(82,39,11,15),(83,40,11,16),(84,41,11,17),(85,1,12,1),(86,27,12,2),(87,28,12,3),(88,29,12,4),(89,30,12,5),(90,31,12,6),(91,42,12,7),(92,36,12,8),(93,34,12,9),(94,32,12,10),(95,40,12,11),(100,18,13,5),(101,19,13,6),(102,20,13,7),(103,21,13,8),(104,22,13,9),(105,1,14,1),(106,2,14,2),(107,18,14,3),(108,20,14,4),(109,21,14,5),(110,22,14,6),(113,27,14,7),(114,1,15,1),(115,2,15,2),(116,10,15,3),(117,18,15,4),(118,19,15,5),(119,21,15,6),(120,22,15,7),(121,20,15,8),(122,28,15,9),(123,29,15,10),(124,33,15,11),(125,39,15,12),(126,27,15,13),(127,1,16,1),(128,2,16,2),(129,9,16,3),(130,10,16,4),(131,11,16,5),(132,12,16,6),(133,13,16,7),(134,15,16,8),(135,16,16,9),(136,1,17,1),(139,20,17,6),(140,39,17,4),(141,43,17,5),(142,44,17,3),(144,17,17,2),(145,21,17,7),(146,31,17,8),(147,32,17,9),(148,40,17,10),(149,1,18,1),(150,41,17,11),(151,17,18,2),(152,44,18,3),(153,39,18,4),(154,31,18,5),(155,20,18,6),(156,21,18,7),(157,43,18,8),(158,32,18,9),(159,40,18,10),(160,1,19,1),(161,2,19,2),(162,9,19,3),(163,10,19,4),(164,13,19,5),(165,15,19,6),(166,32,19,7),(167,1,20,1),(168,1,24,1),(170,17,24,3),(171,43,24,4),(172,44,24,9),(173,45,24,14),(174,41,24,7),(175,42,24,5),(176,38,24,13),(177,39,24,8),(178,37,24,12),(179,36,24,6),(180,47,24,11),(181,46,24,10),(182,48,24,15),(183,49,24,16),(184,50,24,17),(185,51,24,18),(186,52,24,19),(187,53,24,20),(188,54,24,21),(189,55,24,22),(190,56,24,23),(191,57,24,24),(192,58,24,25),(193,59,24,26),(194,60,24,27),(195,17,20,2),(196,43,20,3),(197,42,20,4),(198,36,20,5),(199,41,20,6),(200,39,20,7),(201,44,20,8),(202,46,20,9),(203,47,20,10),(204,61,24,28),(205,61,20,11),(206,1,21,1),(207,50,21,2),(208,49,21,3),(209,48,21,4),(210,37,21,5),(211,45,21,6),(212,51,21,7),(214,53,21,8),(216,38,21,10),(217,1,22,1),(218,48,22,4),(219,45,22,3),(222,37,22,5),(223,51,22,6),(225,38,22,7),(227,54,22,8),(228,53,22,9),(229,60,22,10),(230,55,22,11),(231,55,21,9),(232,49,22,2),(233,1,23,1),(234,49,23,2),(235,48,23,3),(236,37,23,4),(237,45,23,5),(238,51,23,6),(239,38,23,7),(240,54,23,8),(241,53,23,9),(242,60,23,10),(243,55,23,11),(244,56,23,12),(245,57,23,13),(246,59,23,14),(247,58,23,15),(248,1,25,1),(249,64,25,2),(250,66,25,3),(251,67,25,4),(252,65,25,5),(253,68,25,6),(254,70,25,7),(255,69,25,8),(256,71,25,9),(257,72,25,10),(258,73,25,11),(259,74,25,12),(260,75,25,13),(261,77,25,14),(262,76,25,15),(263,62,25,16),(264,1,26,1),(265,1,27,1),(266,75,27,2),(267,74,27,3),(268,64,27,4),(269,69,27,5),(270,70,27,6),(271,66,27,7),(272,71,27,8),(273,68,27,9),(274,72,27,10),(275,62,27,11),(276,67,27,12),(277,73,27,13),(278,65,27,14),(279,77,27,15),(280,75,26,2),(281,74,26,3),(282,64,26,4),(283,69,26,5),(284,70,26,6),(287,66,26,7),(288,71,26,8),(289,68,26,9),(290,72,26,10),(291,62,26,11),(292,67,26,12),(293,73,26,13),(294,65,26,14),(295,27,28,10),(296,28,28,8),(297,29,28,9),(299,33,28,4),(300,35,28,6),(301,37,28,5),(303,1,28,1),(304,20,28,7),(305,18,28,2),(306,19,28,3),(309,15,29,2),(310,16,29,3),(311,32,29,4),(312,36,29,5),(313,45,29,6),(314,51,29,7),(315,69,29,8),(316,41,29,9),(317,38,29,10),(318,1,29,1),(319,1,30,1),(320,17,30,2),(321,31,30,3),(323,37,30,4),(324,40,30,5),(325,43,30,6),(326,62,30,7),(328,75,30,9),(329,51,30,10),(330,69,30,8),(331,1,31,1),(332,2,31,2),(333,3,31,3),(334,4,31,4),(335,5,31,6),(336,6,31,5),(337,78,32,1),(338,1,32,2),(339,2,32,3),(340,9,32,4),(341,10,32,5),(342,13,32,6),(343,15,32,7),(344,32,32,8),(345,1,33,1),(346,2,33,2),(347,1,34,1),(348,18,34,2),(349,21,34,3),(351,37,34,5),(352,39,34,6),(353,56,34,7),(354,64,34,4),(355,71,34,8),(356,1,35,1),(357,17,35,2),(358,43,35,3),(359,42,35,4),(360,36,35,5),(361,41,35,6),(362,39,35,7),(363,44,35,8),(364,46,35,9),(365,47,35,10),(371,1,36,1),(372,48,36,4),(376,38,36,7),(377,54,36,8),(378,53,36,9),(379,60,36,10),(380,55,36,11),(381,49,36,2),(386,35,36,6),(387,34,36,5),(388,28,36,12),(389,27,36,3),(390,1,37,1),(391,2,37,2),(392,17,37,3),(393,50,37,4),(394,53,37,5),(395,43,37,6),(396,1,38,1),(397,80,38,2),(398,81,38,3),(399,82,38,4),(400,83,38,5),(401,84,38,6),(402,85,38,7),(408,1,39,1),(415,86,39,2),(416,87,39,3),(417,88,39,4),(418,89,39,5),(419,90,39,6),(420,91,39,7),(429,1,40,1),(430,86,40,2),(431,92,40,3),(432,91,40,4),(433,87,40,5),(434,88,40,6),(435,90,40,7),(436,89,40,8),(437,1,41,1),(438,86,41,2),(439,88,41,3),(440,89,41,4),(441,87,41,5),(442,90,41,6),(443,91,41,7),(444,92,41,8),(445,1,42,1),(447,18,42,2),(448,19,42,3),(453,21,42,4),(454,33,42,5),(455,20,42,6),(456,29,42,7),(457,1,43,1),(458,80,43,2),(459,81,43,3),(460,82,43,4),(461,83,43,5),(462,84,43,6),(463,85,43,7),(464,86,43,8),(465,87,43,9),(466,88,43,10),(467,89,43,11),(468,90,43,12),(469,91,43,13),(470,92,43,14),(471,1,44,1),(472,2,44,2),(473,12,44,3),(474,93,44,4),(475,94,44,5),(476,95,44,6),(477,96,44,7),(478,97,44,8),(479,34,44,9),(480,98,44,10),(481,17,44,11),(482,45,44,12),(483,1,45,1),(484,49,45,2),(485,45,45,3),(486,48,45,4),(487,37,45,5),(488,51,45,6),(489,38,45,7),(490,54,45,8),(491,53,45,9),(492,60,45,10),(494,1,46,1),(495,17,46,2),(496,43,46,3),(497,42,46,4),(498,36,46,5),(499,41,46,6),(500,39,46,7),(501,44,46,8),(502,46,46,9),(503,47,46,10),(504,1,48,1),(505,18,48,2),(507,19,48,3),(508,9,48,4),(509,21,48,5),(510,15,48,6),(512,16,48,7),(513,13,48,8),(514,37,48,9),(515,20,48,10),(516,92,48,12),(518,33,48,13),(519,22,48,16),(520,27,48,17),(521,53,48,14),(522,32,48,15),(523,48,48,18),(524,1,49,1),(528,1,50,1),(529,19,49,4),(530,15,49,5),(531,31,49,6),(532,37,49,7),(533,74,49,8),(534,35,49,9),(535,65,49,10),(536,32,49,11),(537,40,49,12),(538,23,49,2),(539,9,49,3),(540,19,50,2),(541,18,50,3),(542,21,50,4),(543,35,50,5),(544,33,50,6),(545,5,50,13),(546,20,50,8),(547,29,50,9),(548,28,50,10),(549,27,50,14),(550,65,50,12),(551,32,50,7),(552,40,50,11),(553,1,51,1),(554,2,51,2),(555,9,51,3),(556,10,51,4),(557,11,51,5),(558,12,51,6),(559,13,51,7),(560,1,52,1),(568,100,52,2),(569,99,52,3),(570,87,52,4),(571,101,52,5),(572,74,52,6),(574,104,52,7),(578,88,52,8),(579,103,52,9),(580,92,52,10),(581,91,52,11),(582,86,52,12),(583,1,53,1),(584,100,53,2),(585,99,53,3),(586,87,53,4),(587,101,53,5),(588,74,53,6),(589,104,53,7),(590,88,53,8),(591,103,53,9),(592,92,53,10),(593,91,53,11),(594,86,53,12),(598,1,54,1),(610,42,54,2),(611,15,54,3),(612,12,54,4),(613,36,54,5),(614,23,54,6),(615,32,54,7),(616,105,54,8),(617,31,54,9),(618,11,54,10),(619,16,54,11),(620,35,54,12),(634,1,57,1),(639,18,57,2),(640,19,57,3),(641,21,57,4),(642,66,57,5),(643,20,57,6),(644,54,57,7),(645,39,57,8),(646,33,57,9),(647,46,57,10),(648,22,57,11),(649,1,55,1),(662,2,55,2),(663,3,55,3),(664,5,55,4),(665,6,55,5),(666,7,55,6),(667,9,55,7),(668,10,55,8),(669,8,55,9),(670,4,55,10),(671,1,58,1),(672,100,58,2),(673,99,58,3),(674,87,58,4),(675,101,58,5),(676,74,58,6),(677,104,58,7),(678,88,58,8),(679,103,58,9),(680,92,58,10),(681,91,58,11),(682,86,58,12),(686,1,59,1),(687,42,59,2),(688,15,59,3),(689,12,59,4),(690,36,59,5),(691,23,59,6),(692,32,59,7),(693,105,59,8),(694,31,59,9),(695,11,59,10),(696,16,59,11),(697,35,59,12),(701,1,60,1),(702,18,60,2),(703,19,60,3),(704,21,60,4),(705,66,60,5),(706,20,60,6),(707,54,60,7),(708,39,60,8),(709,33,60,9),(710,46,60,10),(711,22,60,11),(712,1,61,1),(713,100,61,2),(714,99,61,3),(715,87,61,4),(716,101,61,5),(717,74,61,6),(718,104,61,7),(719,88,61,8),(720,103,61,9),(721,92,61,10),(722,91,61,11),(723,86,61,12),(724,1,62,1),(725,49,62,2),(726,45,62,3),(727,48,62,4),(728,37,62,5),(729,51,62,6),(730,38,62,7),(731,54,62,8),(732,53,62,9),(733,60,62,10),(739,1,63,1),(740,18,63,2),(741,19,63,3),(742,21,63,4),(743,66,63,5),(744,20,63,6),(745,54,63,7),(746,39,63,8),(747,33,63,9),(748,46,63,10),(749,22,63,11),(754,1,66,1),(756,99,66,2),(757,66,66,3),(758,70,66,4),(759,106,66,5),(760,65,66,6),(761,28,66,7),(762,29,66,8),(763,107,66,9),(764,30,66,10),(765,108,66,11),(766,1,64,1),(767,90,64,2),(768,89,64,3),(769,16,64,4),(770,17,64,5),(771,98,64,6),(772,58,64,7),(773,70,64,9),(774,71,64,10),(775,28,64,11),(776,108,64,12),(778,1,65,1),(779,17,65,2),(780,89,65,3),(781,74,65,4),(782,40,65,5),(784,97,65,6),(785,98,65,7),(786,69,65,8),(787,13,65,9),(788,95,65,10),(789,68,65,11),(790,55,65,12),(791,95,64,8),(792,1,67,1),(793,100,67,2),(794,99,67,3),(795,87,67,4),(796,101,67,5),(797,74,67,6),(798,104,67,7),(799,88,67,8),(800,103,67,9),(801,92,67,10),(802,91,67,11),(803,86,67,12),(807,1,68,1),(808,109,68,2),(809,112,68,3),(810,113,68,4),(811,115,68,5),(812,116,68,6),(813,117,68,7),(814,110,68,8),(815,111,68,9),(816,29,68,10),(817,30,68,11),(818,86,68,12),(819,91,68,13),(820,101,68,14),(821,1,69,1),(822,109,69,2),(823,112,69,3),(824,113,69,4),(825,115,69,5),(826,116,69,6),(827,117,69,7),(828,110,69,8),(829,111,69,9),(830,29,69,10),(831,86,69,11),(832,91,69,12),(833,101,69,13),(834,30,69,14),(843,1,71,1),(844,90,71,2),(845,89,71,3),(846,16,71,4),(847,17,71,5),(848,98,71,6),(849,58,71,7),(850,70,71,9),(851,71,71,10),(852,28,71,11),(853,108,71,12),(854,95,71,8),(858,1,70,1),(865,2,70,2),(867,4,70,4),(868,5,70,3),(869,1,72,1),(870,80,72,2),(871,81,72,3),(872,82,72,4),(876,1,73,1),(890,118,73,2),(891,119,73,3),(892,120,73,4),(893,121,73,5),(894,122,73,6),(895,123,73,7),(896,92,73,8),(897,117,73,9),(898,98,73,10),(899,124,73,11),(900,88,73,12),(901,125,73,13),(902,104,73,14),(903,1,74,1),(904,2,74,2),(905,92,74,3),(907,122,74,4),(908,123,74,5),(909,124,74,6),(910,125,74,7),(911,18,76,1),(913,20,76,3),(914,27,76,4),(915,53,76,5),(916,57,76,6),(917,59,76,7),(918,1,77,1),(919,124,77,2),(920,125,77,3),(921,2,77,4),(922,1,79,1),(923,94,79,2),(924,16,79,3),(925,23,79,4),(926,35,79,5),(927,34,79,6),(928,98,79,7),(929,95,79,8),(930,11,79,9),(931,127,79,10),(932,129,79,11),(933,1,80,1),(934,123,80,2),(935,118,80,3),(936,117,80,5),(937,105,80,6),(939,37,80,7),(940,41,80,8),(941,75,80,9),(942,40,80,10),(943,128,80,11),(944,36,80,4),(945,1,82,1),(946,2,82,2),(947,3,82,3),(948,2,95,1),(949,2,96,1),(950,15,96,2),(951,21,96,3),(952,1,102,1),(953,2,102,2),(954,3,102,3),(955,4,103,1),(956,5,103,2),(957,6,103,3),(958,1,107,1),(959,2,107,2),(960,3,107,3),(961,2,108,1),(962,3,108,2),(963,1,109,1),(964,2,109,2),(965,3,109,3),(966,1,110,1),(967,2,110,2),(968,1,111,1),(969,2,111,2),(970,3,111,3),(971,1,112,1),(972,2,112,2),(973,3,112,3),(974,1,113,1),(975,2,113,2),(976,3,113,3),(977,1,114,1),(978,2,114,2),(979,3,114,3),(980,1,115,1),(981,2,115,2),(982,3,115,3),(983,1,116,1),(984,2,116,2),(985,1,117,1),(986,1,118,1),(987,1,119,1),(988,2,119,2),(989,1,120,1),(990,2,120,2),(991,3,120,3),(992,2,13,10),(993,3,13,11),(994,4,13,12),(995,5,13,13),(996,1,121,1),(997,2,121,2),(998,3,121,3),(999,4,121,4),(1000,5,121,5),(1001,4,122,1),(1002,1,123,1),(1003,2,123,2),(1004,3,123,3),(1005,4,123,4),(1006,1,124,1),(1007,2,124,2),(1008,3,124,3),(1009,1,125,1),(1010,2,125,2),(1011,1,126,1),(1012,2,126,2),(1013,3,126,3),(1014,4,126,4),(1015,1,127,1),(1016,2,127,2),(1017,130,128,1),(1018,1,82,1),(1019,4,82,4),(1020,5,82,5),(1021,2,82,2),(1022,3,82,3),(1023,2,128,3),(1024,4,128,4),(1025,130,128,1),(1026,3,128,2),(1027,1,105,1),(1028,2,105,2),(1029,1,105,1),(1030,4,105,3),(1031,3,105,4),(1032,1,129,1);
/*!40000 ALTER TABLE `torneoproblema` ENABLE KEYS */;
UNLOCK TABLES;

--
-- Table structure for table `torneousuario`
--

DROP TABLE IF EXISTS `torneousuario`;
/*!40101 SET @saved_cs_client     = @@character_set_client */;
/*!40101 SET character_set_client = utf8 */;
CREATE TABLE `torneousuario` (
  `idTorneoUsuario` int(11) NOT NULL AUTO_INCREMENT,
  `idTorneo` int(11) NOT NULL,
  `idUsuario` int(11) NOT NULL,
  `Puntos` int(11) NOT NULL DEFAULT '0',
  `Tiempo` bigint(20) NOT NULL DEFAULT '0',
  `Token` varchar(32) NOT NULL,
  PRIMARY KEY (`idTorneoUsuario`),
  KEY `idTorneo` (`idTorneo`,`idUsuario`),
  KEY `idUsuario` (`idUsuario`),
  CONSTRAINT `FK_8bdd21da07013e84ff34add637c` FOREIGN KEY (`idTorneo`) REFERENCES `torneo` (`idTorneo`),
  CONSTRAINT `FK_bddb91cc9f9243561aa12a3675d` FOREIGN KEY (`idUsuario`) REFERENCES `usuario` (`idUsuario`)
) ENGINE=InnoDB AUTO_INCREMENT=1288 DEFAULT CHARSET=latin1 COMMENT='Usuario Participantes del Torneo';
/*!40101 SET character_set_client = @saved_cs_client */;

--
-- Dumping data for table `torneousuario`
--

LOCK TABLES `torneousuario` WRITE;
/*!40000 ALTER TABLE `torneousuario` DISABLE KEYS */;
INSERT INTO `torneousuario` VALUES (1250,82,1,0,0,'b442c9a830381963d3cfb0f17e7a24a3'),(1251,74,1,0,0,'78d07f9dca4372bd98b577d5c33fc085'),(1252,81,743,0,0,'$2b$04$DXKx5ZszhpbyQzRW1t4.z.J7'),(1253,82,743,0,0,'$2b$04$BBtwNoYkWEUbnW1bAanyvejP'),(1254,83,743,0,0,'$2b$04$uHuhLo/QmKZVMK.u8VgqYu92'),(1255,86,743,0,0,'$2b$04$6Lem1Oxk3uTzQ4hvUAfdUeu5'),(1256,88,743,0,0,'$2b$04$6OmrhzcH4CH.TseO3cUNoewQ'),(1257,87,743,0,0,'$2b$04$Jo9dx3KqhpK/YBMhs.wvQust'),(1258,89,743,0,0,'$YN/xA8BjWv3Vjbk/wjy/I./g'),(1259,90,743,0,0,'$2b$04$wlcUcpNEZtUNJZW4104E7eg.'),(1260,91,743,0,0,'$2b$04$cPaaT634bC7NznFy//UaNuXt'),(1261,93,743,0,0,'$2b$04$jxKMnlRKmh7T0/PDTk/jeegA'),(1262,96,743,0,0,'$2b$04$ZJLSad.5bfEA31u8ePCfT.Vj'),(1263,92,743,0,0,'$2b$04$jQFLaqrUaMnVhoIn4x0sneha'),(1264,85,743,0,0,'$2b$04$mLgD4IV1ZWWPVaIbn450geap'),(1265,37,743,0,0,'$2b$04$AIP5wSy1XCTi/T2zW.kCx.wK'),(1266,60,743,0,0,'$2b$04$MdXIPgn/pIXFtVttiq9QCuHM'),(1267,103,743,0,0,'$2b$04$IEC9cEMRVG4zeZO89hCR7emy'),(1268,102,743,0,0,'$2b$04$qAiotvK1CVZjADnZjX4CnuwN'),(1269,83,1,0,0,'578d12e36cd3df324af7860a9f4080ff'),(1270,121,743,0,0,'$2b$04$.6R45eGH63hvHDXsNGAZx.8T'),(1271,121,754,0,0,'$2b$04$3umZE2D.kxcDvw/HpXq9IeS5'),(1272,122,743,0,0,'$2b$04$zloPEfIwgu97A8ykyGnmnuVB'),(1273,114,743,0,0,'$2b$04$ycJQUu0uMei1yQqSNvZrF.HY'),(1274,123,743,0,0,'$2b$04$IIwwYdy3K1I8VnZ.ZPfL3e8M'),(1275,124,743,2,0,'$2b$04$rR42WeVvREjdMZmv0ZTLbehT'),(1276,125,743,2,0,'$2b$04$fX4nEXm.dYT0mtpkJgvFceIa'),(1277,125,752,1,0,'$2b$04$52O9PJ.mNJac3PMwRcPUieYY'),(1278,124,752,0,0,'$2b$04$4nWZQNeI2.RNRstLvKPkY.TM'),(1279,105,752,0,0,'$2b$04$/Pn9OsB9axb4pMEbdCB5feCA'),(1280,82,753,1,0,'$2b$04$YsFlFCm2vHCR58Vk5PXKYOjr'),(1281,82,757,6,0,'$2b$04$7rBwburwJx/zXd49X8yPDe5p'),(1282,125,757,1,0,'$2b$04$/j4UHiGfGhGtPcwISlO0q./T'),(1283,117,743,0,0,'$2b$04$TDtBOU.7E0iU9KRRpNMGbe6O'),(1284,126,743,0,0,'$2b$04$cbVDEl4rrps74X2EsOb7Gueg'),(1285,128,743,0,0,'$2b$04$JFY9AphL00G6vyHYpLwxJuRX'),(1286,105,743,0,0,'$2b$04$o7ogWLDgE.7cgAqP4o1fUuM/'),(1287,129,743,1,0,'$2b$04$WDj67ugr1HudAg0bhq8y5OOq');
/*!40000 ALTER TABLE `torneousuario` ENABLE KEYS */;
UNLOCK TABLES;

--
-- Table structure for table `usuario`
--

DROP TABLE IF EXISTS `usuario`;
/*!40101 SET @saved_cs_client     = @@character_set_client */;
/*!40101 SET character_set_client = utf8 */;
CREATE TABLE `usuario` (
  `idUsuario` int(11) NOT NULL AUTO_INCREMENT,
  `Institucion` varchar(100) NOT NULL,
  `NombreUsuario` varchar(100) NOT NULL,
  `Descripcion` varchar(1000) NOT NULL,
  `Clave` varchar(100) NOT NULL,
  `idRol` int(11) NOT NULL,
  `Email` varchar(255) NOT NULL,
  `idLenguaje` int(11) NOT NULL,
  PRIMARY KEY (`idUsuario`),
  UNIQUE KEY `NombreUsuario` (`NombreUsuario`),
  UNIQUE KEY `NombreUsuario_2` (`NombreUsuario`),
  UNIQUE KEY `NombreUsuario_3` (`NombreUsuario`),
  UNIQUE KEY `NombreUsuario_4` (`NombreUsuario`),
  UNIQUE KEY `IDX_50aa9d7c5cee4854d6dd1197c8` (`NombreUsuario`),
  KEY `idRol` (`idRol`),
  KEY `idLenguaje` (`idLenguaje`),
  CONSTRAINT `FK_67ebe767e105c968d0edfe05541` FOREIGN KEY (`idRol`) REFERENCES `rol` (`idRol`),
  CONSTRAINT `FK_76b81064156852aad8a91dc3ef2` FOREIGN KEY (`idLenguaje`) REFERENCES `lenguaje` (`idLenguaje`)
) ENGINE=InnoDB AUTO_INCREMENT=758 DEFAULT CHARSET=latin1;
/*!40101 SET character_set_client = @saved_cs_client */;

--
-- Dumping data for table `usuario`
--

LOCK TABLES `usuario` WRITE;
/*!40000 ALTER TABLE `usuario` DISABLE KEYS */;
INSERT INTO `usuario` VALUES (1,'UNCOMA','admin','admin','admin',1,'admin@admin.com',1),(740,'prueba','nuevo','desc','*A4B6157319038724E3560894F7F932C8886EBFCF',1,'joan.stacco@gmail.com',1),(743,'walace47','walace47','walace47','$2b$04$M9fri3x8l47Xjr7h0ajISOF52P2Lu6D7AIDFi/EDESnnp7hOW54oa',1,'joan@gmail.com',3),(744,'UNCOMA','walace48','walace48','$2b$04$9VDq5ozXcsog16VTISoa1uj.KkGOzxgSF/ZaF3oGHvLi0o80jJeO.',2,'admin@admin.com',2),(745,'Uncoma','joanStacco','joanStacco','$2b$04$PRMlvsL6fQsb/JWiW1bsgOlQLiKkUQWOPK2Xv3FY5gS7qfHY3xdXC',2,'joan.422@gmail.com',4),(746,'juan','juan','juan','$2b$04$2WEvcbQxXmFGGwDRW3uKRO0LS23iB5.VbzWyWDzvTVC2716oTJ.di',2,'juan@gmail.com',4),(747,'dsadasdasdasd','dadasdasd','dadasdasd','$2b$04$.wJEgCx5A.NqHrtxSUXhv.ZlgeeZqST43I4XFr0sUMyWT3ogrkL6e',2,'dasda@dasda.com',4),(748,'dasdasdas','dasdasdas','dasdasdas','$2b$04$2uiRjApPUVkoA6KxUb81e.cK2/6qdzR94X.56b.RoDdfWk/DKtvY.',2,'dasds@dasda.com',3),(749,'user','user','user','$2b$04$A2ZIVYABz.5vBhehnKCkBeYHhWPl3XFWxG.a.1gQvgpP2cr1yp7Vm',2,'s@gmail.com',5),(750,'1234','1234','1234','$2b$04$FvA1PPeDmcw44dPMTpoRB.MqAZLMqOcIHvL6sISDiFbcVHzsAujxi',2,'1234@gmail.com',1),(751,'nuevoUSER','nuevoUSER','nuevoUSER','$2b$04$jdAt0Go3UYMDSiNsmxT/EOmIkzwViIyJ1ZxyMJfo6YFJb.X/vsPty',2,'nuevoUSER@gmail.com',1),(752,'uncoma','docente1','docente1','$2b$04$JT8VLiyCSSMx9YWXOHtcve.3BGB4b5OTHxpN/ANMNxrpAjkaDn3ti',2,'docente@docente.com',1),(753,'Uncoma','docente2','docente2','$2b$04$CYc5zQPr4P1BEiMPO4R30.5t0zaiY0o2cKsYLdnG1hCWqhdf9ThD.',3,'docente2@docente.com',1),(754,'alumno','alumno1','alumno1','$2b$04$rmXyBiBEuMDr3AN0GpUGVOZqUnCqbph9ck2oTDLg19Wy2xARjFIKi',2,'alumno1@alumno.c',1),(755,'prueba1','nuevoUsario','nuevoUsario','$2b$04$33YN3i5MSPEulqtgRfAJOugZqZ/.XhZsUyO.tFGw1t3GtoKPsn552',2,'user@dad',1),(756,'weqwe','eqw','eqw','$2b$04$yT8K4N2UY.n46l5A7ykVNeDk1dXeOOZ5p4wohbGzfcXSWe.syAcPi',2,'eqweqw@dasd',1),(757,'carolina','caro','caro','$2b$04$sTYH.f1iNfzhQUhCDHNH/..ai2MpPHIcJbrvFBAMfKewD3m5bgivC',3,'caro@caro.com',1);
/*!40000 ALTER TABLE `usuario` ENABLE KEYS */;
UNLOCK TABLES;

--
-- Dumping routines for database 'hornero'
--
/*!40103 SET TIME_ZONE=@OLD_TIME_ZONE */;

/*!40101 SET SQL_MODE=@OLD_SQL_MODE */;
/*!40014 SET FOREIGN_KEY_CHECKS=@OLD_FOREIGN_KEY_CHECKS */;
/*!40014 SET UNIQUE_CHECKS=@OLD_UNIQUE_CHECKS */;
/*!40101 SET CHARACTER_SET_CLIENT=@OLD_CHARACTER_SET_CLIENT */;
/*!40101 SET CHARACTER_SET_RESULTS=@OLD_CHARACTER_SET_RESULTS */;
/*!40101 SET COLLATION_CONNECTION=@OLD_COLLATION_CONNECTION */;
/*!40111 SET SQL_NOTES=@OLD_SQL_NOTES */;

-- Dump completed on 2020-07-16 14:42:07
